state_name,county_fips,county_name,votes_gop,votes_dem,total_votes,diff,per_gop,per_dem,per_point_diff,Monthly Housing,Monthly Food,Monthly Transportation,Monthly Healthcare,Monthly Other Necessities,Monthly Childcare,Monthly Taxes,Monthly Total,Annual Housing,Annual Food,Annual Transportation,Annual Healthcare,Annual Other Necessities,Annual Childcare,Annual Taxes,Annual Total,median_family_income,num_counties_in_st,st_cost_rank,st_med_aff_rank,st_income_rank
Alabama,1001,Autauga County,20484,7439,28190,13045.0,0.7266406527137282,0.2638879035118836,0.4627527492018446,1316.5,876.1,1548.0,1295.2,737.9,878.2,1138.4,7789.9,15794.4484,10514.46091,18577.0328,15542.135579999998,8851.805049999999,10535.612140000001,13662.01629,93477.5104,83452.0,67.0,8.0,48.0,11.0
Alabama,1003,Baldwin County,95798,24934,121808,70864.0,0.7864672271115197,0.204699198738999,0.5817680283725206,1423.5,990.6,1571.5,1220.5,812.2,862.6,1212.0,8093.0,17082.0,11887.1821,18860.1869,14644.38907,9746.87133,10351.865099999999,14544.302919999998,97116.7975,92918.0,67.0,2.0,59.0,4.0
Alabama,1005,Barbour County,5606,4158,9832,1448.0,0.5701790073230268,0.4229048006509357,0.1472742066720911,909.2,842.1,1431.7,1196.3,589.4,671.2,822.6,6462.6,10910.4,10105.56494,17181.400700000002,14356.612770000002,7070.9592999999995,8055.20472,9870.87344,77551.0166,60474.0,67.0,63.0,19.0,55.0
Alabama,1007,Bibb County,7572,1619,9241,5953.0,0.8193918407098799,0.1751974894491938,0.6441943512606861,939.6,800.7,1665.8,1235.5,585.4,932.4,984.2,7143.1,11272.716499999999,9609.048859999999,19989.4264,14823.938209999998,7025.806849999999,11188.3295,11808.59579,85717.8629,67222.0,67.0,18.0,20.0,39.0
Alabama,1009,Blount County,25354,2576,28115,22778.0,0.9017961942023832,0.0916236884225502,0.8101725057798329,870.0,788.7,1652.5,1235.5,558.2,963.8,956.5,7025.5,10443.42681,9463.01467,19831.0295,14823.938209999998,6697.65267,11567.09626,11478.51394,84304.67120000001,76388.0,67.0,24.0,46.0,18.0
Alabama,1011,Bullock County,1101,2983,4106,-1882.0,0.2681441792498782,0.7264978080857282,-0.4583536288358499,925.6,939.7,1549.4,1196.3,627.6,909.8,982.9,7131.1,11107.2,11273.838440000001,18593.0294,14356.612770000002,7530.24724,10916.47976,11796.006949999999,85573.4144,45975.0,67.0,21.0,3.0,65.0
Alabama,1013,Butler County,5172,3251,8467,1921.0,0.6108420928309909,0.3839612613676627,0.2268808314633282,927.3,800.7,1557.5,1238.7,581.6,908.6,937.1,6951.4,11127.6,9609.048859999999,18688.398999999998,14865.3359,6976.98159,10903.25842,11245.460860000001,83416.08619999999,64429.0,67.0,32.0,16.0,47.0
Alabama,1015,Calhoun County,34912,13194,48530,21718.0,0.7193900679991758,0.2718730682052339,0.4475169997939419,995.4,881.1,1425.2,1100.5,631.3,797.8,885.9,6717.3,11944.8,10572.87434,17102.1849,13207.994949999998,7576.21926,9574.15034,10629.7387,80607.9623,71552.0,67.0,56.0,47.0,30.0
Alabama,1017,Chambers County,8711,5405,14221,3306.0,0.6125448280711624,0.3800717249138597,0.2324731031573026,1115.0,798.2,1445.9,1196.3,643.7,947.0,980.4,7126.8,13380.0,9579.84207,17350.2767,14356.612770000002,7724.98947,11362.694099999999,11765.60391,85520.0177,63313.0,67.0,20.0,12.0,49.0
Alabama,1019,Cherokee County,11358,1553,12984,9805.0,0.8747689463955638,0.1196087492298213,0.7551601971657425,922.6,810.5,1488.6,1196.3,583.0,615.8,814.0,6431.0,11071.2,9725.87637,17862.5492,14356.612770000002,6997.31265,7389.56848,9768.19678,77171.31820000001,66392.0,67.0,64.0,37.0,42.0
Alabama,1021,Chilton County,16920,2698,19728,14222.0,0.8576642335766423,0.1367599351175993,0.720904298459043,945.6,851.9,1521.3,1235.5,604.7,872.2,947.2,6978.0,11347.2,10222.392530000001,18253.3693,14823.938209999998,7257.23083,10464.5939,11367.58103,83736.3059,74137.0,67.0,37.0,43.0,21.0
Alabama,1023,Choctaw County,4103,2515,6646,1588.0,0.6173638278663858,0.3784231116461029,0.2389407162202828,914.4,817.8,1588.3,1238.7,582.9,759.8,904.3,6806.2,10972.8,9813.49677,19059.046299999998,14865.3359,6993.685889999999,9118.8546,10851.07548,81674.296,65982.0,67.0,49.0,26.0,44.0
Alabama,1025,Clarke County,6965,4927,11946,2038.0,0.5830403482337184,0.4124393102293655,0.1706010380043529,953.6,803.3,1536.0,1196.3,591.0,841.0,912.6,6833.8,11443.2,9638.25564,18433.091999999997,14356.612770000002,7092.99403,10090.51062,10951.80906,82006.4738,72578.0,67.0,50.0,44.0,25.0
Alabama,1027,Clay County,5734,993,6757,4741.0,0.8486014503477874,0.1469587094864584,0.7016427408613289,944.8,776.4,1520.9,1196.3,578.9,766.8,869.3,6653.5,11337.6,9316.98055,18249.7448,14356.612770000002,6949.369070000001,9200.0318,10429.95217,79840.2903,61750.0,67.0,59.0,18.0,52.0
Alabama,1029,Cleburne County,6988,605,7637,6383.0,0.9150189865130288,0.0792195888437868,0.8357993976692419,945.5,888.5,1502.4,1196.3,617.0,766.8,908.5,6824.9,11346.0,10660.49495,18028.8593,14356.612770000002,7404.229520000001,9200.0318,10904.18215,81900.41040000001,76694.0,67.0,45.0,52.0,17.0
Alabama,1031,Coffee County,17495,4601,22270,12894.0,0.7855859901212393,0.2066008082622362,0.578985181859003,1061.4,942.1,1559.5,1196.3,673.8,671.2,968.3,7072.8,12736.8,11303.045329999999,18713.7304,14356.612770000002,8088.3638200000005,8055.20472,11620.28659,84874.0424,79929.0,67.0,35.0,58.0,13.0
Alabama,1033,Colbert County,19714,7137,27086,12577.0,0.7278298752122868,0.2634940559698737,0.4643358192424131,1007.0,922.5,1476.7,1180.5,649.1,884.0,973.7,7093.0,12084.422840000001,11069.39069,17717.136300000002,14165.59103,7790.2524300000005,10605.544460000001,11683.74767,85116.0848,70711.0,67.0,17.0,29.0,32.0
Alabama,1035,Conecuh County,3423,2580,6043,843.0,0.5664405096806222,0.4269402614595399,0.1395002482210822,956.8,813.0,1577.2,1196.3,595.6,841.0,930.5,6909.9,11481.6,9755.0828,18925.5429,14356.612770000002,7145.22132,10090.51062,11165.34537,82919.91709999999,55625.0,67.0,44.0,9.0,59.0
Alabama,1037,Coosa County,3758,1478,5264,2280.0,0.7139057750759878,0.2807750759878419,0.4331306990881459,910.9,866.6,1546.6,1196.3,597.9,766.8,897.4,6782.5,10930.8,10397.6336,18560.9549,14356.612770000002,7176.091340000001,9200.0318,10767.33394,81389.4552,68369.0,67.0,48.0,33.0,36.0
Alabama,1039,Covington County,14677,2314,17072,12363.0,0.859711808809747,0.1355435801312089,0.724168228678538,926.0,807.9,1505.5,1238.7,583.6,909.8,928.2,6900.0,11112.0,9696.66936,18068.1004,14865.3359,7001.2133300000005,10916.47976,11139.797690000001,82799.5971,65570.0,67.0,38.0,21.0,45.0
Alabama,1041,Crenshaw County,5000,1457,6480,3543.0,0.7716049382716049,0.2248456790123456,0.5467592592592593,886.6,949.3,1583.5,1238.7,617.7,670.4,913.0,6859.3,10639.2,11390.66574,19001.426199999998,14865.3359,7412.09287,8045.9275800000005,10957.435300000001,82312.0826,66523.0,67.0,42.0,25.0,41.0
Alabama,1043,Cullman County,38704,4039,43052,34665.0,0.8990058533866022,0.0938167797082597,0.8051890736783425,1077.1,898.1,1482.6,1196.3,664.6,1021.0,1045.2,7384.9,12925.2,10777.322339999999,17791.0447,14356.612770000002,7974.86901,12251.463960000001,12541.656210000001,88618.17069999999,76098.0,67.0,12.0,39.0,20.0
Alabama,1045,Dale County,14476,4484,19103,9992.0,0.7577867350677904,0.2347275297073758,0.5230592053604146,975.7,856.8,1487.4,1196.3,616.4,671.2,873.0,6677.0,11708.4,10280.805960000002,17847.437400000003,14356.612770000002,7398.41264,8055.20472,10476.74451,80123.61799999999,69752.0,67.0,62.0,42.0,34.0
Alabama,1047,Dallas County,5190,10236,15528,-5046.0,0.3342349304482225,0.6591962905718701,-0.3249613601236475,951.1,849.4,1361.5,1238.7,605.7,909.8,910.6,6826.8,11413.2,10193.185529999999,16336.957,14865.3359,7269.61014,10916.47976,10929.02957,81923.7973,52752.0,67.0,39.0,8.0,62.0
Alabama,1049,DeKalb County,25633,3758,29583,21875.0,0.8664773687590847,0.1270324172666734,0.7394449514924113,935.8,791.0,1487.1,1196.3,581.0,615.8,813.5,6420.8,11229.6,9492.221679999999,17845.0839,14356.612770000002,6971.99274,7389.56848,9762.214909999999,77047.2936,60315.0,67.0,66.0,22.0,57.0
Alabama,1051,Elmore County,31374,9774,41491,21600.0,0.7561639873707551,0.2355691595767756,0.5205948277939794,1112.2,919.9,1573.0,1295.2,683.7,878.2,1079.5,7541.7,13346.30869,11040.18372,18876.047,15542.135579999998,8204.99541,10535.612140000001,12955.14479,90500.4274,91529.0,67.0,9.0,64.0,5.0
Alabama,1053,Escambia County,10884,3964,14929,6920.0,0.7290508406457231,0.2655234777948958,0.4635273628508273,915.1,810.5,1480.0,1196.3,580.6,842.0,879.6,6704.4,10981.2,9725.87637,17762.1528,14356.612770000002,6967.03165,10104.61278,10555.59967,80453.0875,60428.0,67.0,52.0,15.0,56.0
Alabama,1055,Etowah County,35653,10027,46023,25626.0,0.7746778784520784,0.217869326206462,0.5568085522456163,989.4,883.5,1438.2,1240.5,630.1,766.2,918.4,6866.1,11872.8,10602.08128,17258.403700000003,14883.78799,7561.82108,9194.02192,11020.408469999998,82393.3235,67790.0,67.0,43.0,30.0,38.0
Alabama,1057,Fayette County,7158,1142,8356,6016.0,0.8566299664911441,0.136668262326472,0.7199617041646721,942.1,788.7,1533.3,1196.3,582.4,759.8,873.6,6676.1,11305.2,9463.01467,18399.8296,14356.612770000002,6987.602130000001,9118.8546,10482.053530000001,80113.1676,71884.0,67.0,58.0,49.0,29.0
Alabama,1059,Franklin County,10417,1568,12077,8849.0,0.8625486461869669,0.1298335679390577,0.7327150782479093,900.1,749.8,1534.8,1196.3,554.9,1021.0,921.6,6878.4,10801.2,8995.70527,18415.879999999997,14356.612770000002,6660.7986900000005,12251.463960000001,11060.476359999999,82542.1382,66038.0,67.0,36.0,23.0,43.0
Alabama,1061,Geneva County,10929,1391,12390,9538.0,0.8820823244552058,0.1122679580306699,0.7698143664245359,853.3,844.6,1545.4,1220.5,571.0,783.2,879.8,6697.7,10237.43365,10134.77191,18542.673000000003,14644.38907,6854.36222,9401.086220000001,10558.06379,80372.7781,63658.0,67.0,55.0,24.0,48.0
Alabama,1063,Greene County,885,3133,4035,-2248.0,0.2193308550185873,0.776456009913259,-0.5571251548946716,1008.5,978.5,1512.5,1135.5,668.5,926.4,1008.0,7237.8,12102.0,11741.14791,18150.3416,13626.943309999999,8022.18348,11116.056260000001,12095.26883,86853.9427,43606.0,67.0,13.0,2.0,66.0
Alabama,1065,Hale County,3369,3868,7290,-499.0,0.4621399176954732,0.5305898491083676,-0.0684499314128943,876.6,978.5,1655.4,1135.5,624.2,926.4,998.8,7194.9,10516.70335,11741.14791,19863.7471,13626.943309999999,7488.799980000001,11116.056260000001,11984.02028,86337.4186,71159.0,67.0,14.0,27.0,31.0
Alabama,1067,Henry County,6989,2263,9301,4726.0,0.7514245780023653,0.2433071712719062,0.508117406730459,910.0,937.2,1611.9,1220.5,621.4,783.2,961.7,7045.9,10920.0,11244.63203,19343.432699999998,14644.38907,7457.43571,9401.086220000001,11538.77303,84549.7478,79127.0,67.0,29.0,54.0,14.0
Alabama,1069,Houston County,32469,11352,44195,21117.0,0.7346758683108949,0.2568616359316665,0.4778142323792284,1020.0,927.4,1415.0,1220.5,654.9,788.4,945.1,6971.2,12238.940050000001,11127.8045,16982.2644,14644.38907,7861.8943,9460.22836,11339.119620000001,83654.6406,73929.0,67.0,41.0,45.0,23.0
Alabama,1071,Jackson County,20073,3276,23509,16797.0,0.8538432089837934,0.1393508868943808,0.7144923220894125,902.2,795.9,1452.4,1196.3,571.3,615.8,789.5,6323.5,10826.4,9550.6354,17429.198800000002,14356.612770000002,6855.9871299999995,7389.56848,9474.608619999999,75883.0107,63025.0,67.0,67.0,32.0,50.0
Alabama,1073,Jefferson County,131123,162112,296741,-30989.0,0.4418769229732325,0.5463080598906117,-0.1044311369173791,1325.7,973.5,1377.6,1235.5,773.6,969.2,1140.8,7796.2,15911.1154,11682.734339999999,16530.4012,14823.938209999998,9284.13165,11631.79406,13689.44295,93553.5582,85260.0,67.0,7.0,51.0,9.0
Alabama,1075,Lamar County,6033,806,6875,5227.0,0.8775272727272727,0.1172363636363636,0.7602909090909091,969.6,788.7,1528.7,1238.7,591.6,759.8,897.8,6775.0,11635.2,9463.01467,18344.9565,14865.3359,7098.632739999999,9118.8546,10774.720790000001,81300.7148,60000.0,67.0,54.0,14.0,58.0
Alabama,1077,Lauderdale County,32708,10326,43454,22382.0,0.752704008836931,0.2376305978736134,0.5150734109633175,960.3,883.5,1464.6,1180.5,620.4,884.0,934.3,6927.3,11522.02126,10602.08128,17576.7347,14165.59103,7443.799580000001,10605.544460000001,11212.75554,83128.52609999999,79112.0,67.0,28.0,53.0,15.0
Alabama,1079,Lawrence County,13024,2983,16115,10041.0,0.8081911262798634,0.1851070431275209,0.6230840831523425,869.8,788.7,1602.4,1170.5,558.0,876.8,894.6,6761.3,10439.94007,9463.01467,19229.5376,14045.891370000001,6696.479800000001,10523.86042,10737.775940000001,81136.4997,77233.0,67.0,46.0,55.0,16.0
Alabama,1081,Lee County,46020,25798,72695,20222.0,0.6330559185638627,0.3548799779902332,0.2781759405736295,1204.6,990.6,1482.8,1350.1,738.6,900.0,1149.2,7815.9,14455.2,11887.1821,17793.5544,16200.48296,8863.06729,10799.939840000001,13790.454829999999,93789.8831,88725.0,67.0,6.0,56.0,7.0
Alabama,1083,Limestone County,37887,14581,53096,23306.0,0.7135565767666114,0.2746157902666867,0.4389407864999247,1128.0,963.7,1713.9,1362.5,703.7,884.0,1172.7,7928.4,13535.74103,11565.906899999998,20566.3872,16350.107510000002,8445.61441,10605.544460000001,14072.51407,95141.8155,101284.0,67.0,4.0,65.0,3.0
Alabama,1085,Lowndes County,1758,3867,5652,-2109.0,0.31104033970276,0.6841825902335457,-0.3731422505307856,727.2,944.4,1629.2,1230.5,562.4,872.2,926.5,6892.2,8726.43257,11332.25229,19550.4413,14764.08873,6748.87606,10464.5939,11119.914200000001,82706.5978,50041.0,67.0,31.0,5.0,63.0
Alabama,1087,Macon County,1682,6084,7820,-4402.0,0.2150895140664961,0.7780051150895141,-0.562915601023018,938.7,975.9,1418.6,1196.3,644.2,947.0,975.9,7096.7,11264.4,11711.9409,17023.1956,14356.612770000002,7730.540709999999,11362.694099999999,11710.5557,85159.9397,54493.0,67.0,19.0,7.0,61.0
Alabama,1089,Madison County,105430,87824,196355,17606.0,0.5369356522624837,0.4472715235160805,0.0896641287464031,1386.6,924.8,1528.4,1362.5,777.6,884.0,1208.7,8072.5,16636.44,11098.59742,18342.5052,16350.107510000002,9331.63536,10605.544460000001,14506.338399999999,96871.1697,107322.0,67.0,3.0,66.0,2.0
Alabama,1091,Marengo County,4995,4631,9673,364.0,0.5163858161893932,0.4787552982528688,0.0376305179365243,917.7,854.3,1489.9,1196.3,596.1,761.0,876.6,6691.7,11012.4,10251.599189999999,17878.1436,14356.612770000002,7154.412179999999,9129.431359999999,10518.41438,80301.01269999999,72769.0,67.0,53.0,50.0,24.0
Alabama,1093,Marion County,12245,1197,13523,11048.0,0.9054943429712342,0.0885158618649707,0.8169784811062635,902.5,788.7,1503.3,1196.3,569.1,759.8,848.8,6568.6,10830.0,9463.01467,18041.5323,14356.612770000002,6827.717979999999,9118.8546,10184.70787,78822.4406,66826.0,67.0,61.0,34.0,40.0
Alabama,1095,Marshall County,34434,5553,40277,28881.0,0.8549296124338953,0.1378702485289371,0.7170593639049582,944.2,832.3,1473.9,1196.3,597.8,616.6,830.3,6491.3,11330.4,9988.73777,17686.1764,14356.612770000002,7172.963659999999,7398.38276,9962.70373,77895.97660000001,76314.0,67.0,65.0,62.0,19.0
Alabama,1097,Mobile County,100759,72055,174545,28704.0,0.5772666074651236,0.4128161792088,0.1644504282563235,1186.8,900.5,1369.6,1227.8,702.3,862.6,1015.7,7265.4,14241.6,10806.5291,16436.424,14734.163639999999,8427.6073,10351.865099999999,12186.94458,87185.1337,74098.0,67.0,16.0,36.0,22.0
Alabama,1099,Monroe County,6007,3740,9799,2267.0,0.6130217369119297,0.3816715991427696,0.23135013776916,966.5,815.2,1505.4,1238.7,599.5,841.0,926.6,6893.0,11598.0,9784.28995,18064.1129,14865.3359,7194.21177,10090.51062,11118.82673,82715.2875,60895.0,67.0,47.0,13.0,54.0
Alabama,1101,Montgomery County,30477,57946,89375,-27469.0,0.3410013986013986,0.6483468531468531,-0.3073454545454545,1163.9,932.1,1359.0,1295.2,705.1,876.2,1039.2,7370.4,13964.9247,11186.21814,16306.553,15542.135579999998,8462.266899999999,10513.11476,12469.90145,88445.1139,72355.0,67.0,11.0,28.0,26.0
Alabama,1103,Morgan County,40449,12392,53369,28057.0,0.7579118964192696,0.2321947197811463,0.5257171766381232,1025.7,900.5,1470.5,1170.5,648.3,884.0,967.5,7066.9,12312.64101,10806.5291,17642.9344,14045.891370000001,7778.596460000001,10605.544460000001,11610.600190000001,84802.73730000001,82280.0,67.0,25.0,60.0,12.0
Alabama,1105,Perry County,1269,3174,4457,-1905.0,0.2847206641238501,0.7121382095579987,-0.4274175454341485,931.8,861.6,1520.7,1196.3,603.4,759.8,896.7,6770.6,11181.6,10339.21989,18248.7176,14356.612770000002,7240.820969999999,9118.8546,10760.68937,81246.5148,37930.0,67.0,51.0,1.0,67.0
Alabama,1107,Pickens County,5465,3388,8898,2077.0,0.6141829624634749,0.3807597212856822,0.2334232411777927,951.0,883.5,1532.1,1220.5,617.2,926.4,979.7,7110.1,11412.0,10602.08128,18383.171299999998,14644.38907,7406.782090000001,11116.056260000001,11757.193640000001,85321.673,61582.0,67.0,26.0,10.0,53.0
Alabama,1109,Pike County,8224,4899,13214,3325.0,0.6223702134100196,0.3707431512032693,0.2516270622067503,1140.0,939.7,1455.2,1196.3,699.7,671.2,960.8,7062.8,13680.0,11273.838440000001,17461.5946,14356.612770000002,8395.88247,8055.20472,11530.65522,84753.7879,71889.0,67.0,30.0,35.0,28.0
Alabama,1111,Randolph County,9102,1920,11075,7182.0,0.8218510158013544,0.1733634311512415,0.6484875846501129,966.5,781.4,1506.0,1196.3,588.3,766.8,875.7,6680.8,11598.0,9375.39417,18071.9628,14356.612770000002,7056.63603,9200.0318,10509.955460000001,80168.5931,68045.0,67.0,60.0,38.0,37.0
Alabama,1113,Russell County,10078,10422,20679,-344.0,0.4873543208085497,0.5039895546206297,-0.0166352338120799,978.6,859.2,1393.7,1350.1,618.4,900.0,969.3,7069.7,11746.76296,10310.01301,16727.2701,16200.48296,7421.14705,10799.939840000001,11630.51842,84836.13440000001,61896.0,67.0,22.0,11.0,51.0
Alabama,1115,St. Clair County,35501,7640,43440,27861.0,0.8172421731123388,0.1758747697974217,0.641367403314917,1261.3,912.7,1632.8,1235.5,731.6,963.8,1166.2,7904.1,15138.0494,10952.563259999999,19594.9937,14823.938209999998,8778.35766,11567.09626,13995.16834,94850.1673,91091.0,67.0,5.0,61.0,6.0
Alabama,1117,Shelby County,79666,33087,114043,46579.0,0.6985610690704384,0.2901274080829161,0.4084336609875222,1578.9,995.4,1566.0,1235.5,866.1,972.0,1324.9,8538.9,18947.1596,11945.595819999999,18793.3893,14823.938209999998,10394.07009,11661.476200000001,15900.79657,102466.4247,115789.0,67.0,1.0,67.0,1.0
Alabama,1119,Sumter County,1542,3725,5297,-2183.0,0.2911081744383613,0.7032282424013593,-0.4121200679629979,1055.9,856.8,1454.6,1238.7,643.5,759.8,936.4,6945.8,12670.8,10280.805960000002,17456.0972,14865.3359,7722.2184099999995,9118.8546,11235.61518,83349.7274,47521.0,67.0,34.0,4.0,64.0
Alabama,1121,Talladega County,22100,10898,33175,11202.0,0.6661642803315749,0.3285003767897513,0.3376639035418236,999.6,822.7,1409.5,1196.3,613.0,767.6,879.1,6688.0,11995.2,9871.91054,16913.7034,14356.612770000002,7357.332579999999,9210.18956,10549.86352,80254.8137,68513.0,67.0,57.0,40.0,35.0
Alabama,1123,Tallapoosa County,14884,4975,19980,9909.0,0.7449449449449449,0.248998998998999,0.4959459459459459,973.7,866.6,1477.6,1196.3,619.0,945.6,962.7,7041.6,11684.4,10397.6336,17730.3451,14356.612770000002,7429.64494,11348.59184,11551.72034,84498.9486,70461.0,67.0,27.0,31.0,33.0
Alabama,1125,Tuscaloosa County,50724,33399,84879,17325.0,0.5976036475453292,0.3934895557204962,0.204114091824833,1208.6,995.4,1458.7,1135.5,741.4,932.4,1083.9,7556.1,14502.286000000002,11945.595819999999,17505.0209,13626.943309999999,8898.563460000001,11188.3295,13008.02654,90674.7657,86287.0,67.0,10.0,57.0,8.0
Alabama,1127,Walker County,25464,4102,29747,21362.0,0.8560190943624567,0.1378962584462298,0.7181228359162268,955.4,827.6,1458.9,1211.2,599.9,938.8,938.0,6929.5,11464.8,9930.32415,17506.4453,14536.16221,7198.52986,11262.97242,11255.23619,83154.4701,72089.0,67.0,40.0,41.0,27.0
Alabama,1129,Washington County,6534,1863,8430,4671.0,0.7750889679715303,0.2209964412811388,0.5540925266903914,999.8,803.3,1620.8,1220.5,606.5,856.4,965.6,7072.7,11997.6,9638.25564,19449.5867,14644.38907,7279.52555,10274.67682,11588.333439999999,84872.3674,84911.0,67.0,23.0,63.0,10.0
Alabama,1131,Wilcox County,1793,3449,5260,-1656.0,0.3408745247148289,0.655703422053232,-0.3148288973384031,1077.5,830.0,1523.9,1238.7,641.9,908.6,1003.0,7223.4,12930.0,9959.53083,18286.264900000002,14865.3359,7701.33276,10903.25842,12037.426790000001,86683.149,54517.0,67.0,15.0,6.0,60.0
Alabama,1133,Winston County,10191,884,11129,9307.0,0.91571569772666,0.0794321142959834,0.8362835834306765,942.2,769.2,1523.4,1196.3,575.7,1021.0,949.2,6977.2,11306.4,9229.36033,18280.9041,14356.612770000002,6909.391130000001,12251.463960000001,11391.03748,83725.1693,64579.0,67.0,33.0,17.0,46.0
Alaska,2013,State House District 13,3589,3682,7271,-93.0,0.4936047311236418,0.5063952688763581,-0.0127905377527162,1416.7,1163.5,1564.6,1973.1,868.0,1208.6,1280.9,9475.4,17000.4,13960.86709,18773.7122,23677.1375,10417.121360000001,14502.608600000001,15371.28389,113703.1303,78889.0,30.0,16.0,7.0,22.0
Alaska,2016,State House District 16,3929,5344,9273,-1415.0,0.4237032244149681,0.5762967755850318,-0.1525935511700636,2045.6,1163.5,996.0,1973.1,1079.5,1469.8,1450.1,10177.9,24547.2,13960.86709,11951.3354,23677.1375,12956.29184,17640.236800000002,17400.55323,122133.621,126528.0,30.0,5.0,27.0,2.0
Alaska,2020,State House District 20,3041,3924,6965,-883.0,0.4366116295764537,0.5633883704235463,-0.1267767408470925,1611.5,1117.0,1446.8,1623.4,918.3,1544.4,1309.7,9571.0,19338.0,13405.93719,17361.5699,19480.1395,11016.912690000001,18531.942199999998,15716.47293,114850.9762,119109.0,30.0,15.0,28.0,4.0
Arizona,4001,Apache County,12795,18872,32019,-6077.0,0.3996064836503326,0.5894000437240389,-0.1897935600737062,1141.6,888.5,1575.4,1628.0,682.8,1101.6,1096.9,8114.7,13699.2,10660.49495,18903.032,19534.26415,8195.97917,13220.840120000003,13162.6536,97376.465,49277.0,15.0,7.0,1.0,15.0
Arizona,4003,Cochise County,35936,22296,58923,13640.0,0.6098806917502503,0.3783921388931317,0.2314885528571185,1196.7,825.1,1448.0,1342.9,680.2,1174.2,985.1,7652.5,14360.4,9901.11721,17377.886300000002,16114.05503,8162.946760000001,14091.4133,11821.97583,91829.7954,75734.0,15.0,14.0,11.0,7.0
Arizona,4005,Coconino County,27576,41504,70067,-13928.0,0.393566158105813,0.592347324703498,-0.198781166597685,1944.9,963.7,1553.7,1531.7,978.6,1250.4,1502.7,9725.8,23338.8,11565.906899999998,18645.264000000003,18379.6886,11743.917720000001,15005.8764,18031.3779,116710.83200000001,88944.0,15.0,1.0,8.0,2.0
Arizona,4007,Gila County,18901,8504,27648,10397.0,0.6836299189814815,0.3075810185185185,0.3760489004629629,1397.5,864.2,1478.2,1153.2,760.8,1188.6,1041.9,7884.1,16770.0,10368.42663,17740.3399,13837.81348,9130.90178,14262.48246,12501.16383,94611.1274,70477.0,15.0,12.0,7.0,9.0
Arizona,4009,Graham County,11177,3867,15183,7310.0,0.7361522755713628,0.254692748468682,0.4814595271026807,1293.3,847.0,1591.8,1331.2,720.0,1242.0,1100.9,8126.1,15519.6,10163.978650000001,19100.3593,15973.982469999999,8641.40854,14901.267600000001,13212.966020000002,97513.5625,75087.0,15.0,8.0,9.0,8.0
Arizona,4011,Greenlee County,2308,954,3308,1354.0,0.6977025392986699,0.2883917775090689,0.4093107617896009,1138.4,847.0,1675.1,1331.2,668.1,1242.0,1054.8,7956.2,13660.8,10163.978650000001,20099.7668,15973.982469999999,8016.0030400000005,14901.267600000001,12658.60034,95474.4004,81818.0,15.0,9.0,12.0,6.0
Arizona,4012,La Paz County,5470,2101,7624,3369.0,0.7174711437565582,0.2755771248688352,0.4418940188877229,1309.3,871.5,1469.5,1646.8,733.7,1285.6,1205.6,8521.1,15711.6,10456.04707,17631.941,19760.82725,8804.27653,15424.314600000002,14465.60269,102254.6113,61713.0,15.0,4.0,2.0,13.0
Arizona,4013,Maricopa County,1051531,980016,2053945,71515.0,0.511956746650957,0.4771383849129358,0.0348183617380211,2086.2,873.7,1362.8,1051.6,995.9,1420.4,1360.9,9151.2,25032.7198,10485.25404,16353.021299999999,12618.50594,11950.25524,17044.646,16330.144209999999,109814.54440000001,100929.0,15.0,2.0,15.0,1.0
Arizona,4015,Mohave County,85683,24081,110450,61602.0,0.7757627885921231,0.218026256224536,0.5577365323675871,1332.1,871.5,1399.2,1502.0,741.3,1120.8,1082.8,8049.8,15985.2,10456.04707,16791.600400000003,18023.661,8896.33098,13452.316859999997,12992.15469,96597.3099,67820.0,15.0,11.0,5.0,10.0
Arizona,4017,Navajo County,29480,20754,50706,8726.0,0.5813907624344259,0.4093006744763933,0.1720900879580325,1255.8,859.2,1508.0,1628.0,711.8,1101.6,1109.9,8174.0,15069.6,10310.01301,18094.7006,19534.26415,8539.13726,13220.840120000003,13319.93883,98088.4942,62061.0,15.0,6.0,3.0,12.0
Arizona,4019,Pima County,214669,292450,513176,-77781.0,0.4183145743370695,0.5698824574804745,-0.1515678831434049,1480.8,871.5,1341.7,1016.4,791.2,1298.4,1031.2,7831.6,17769.6,10456.04707,16099.9147,12197.74512,9496.704,15583.2318,12375.41311,93978.65770000001,87639.0,15.0,13.0,14.0,3.0
Arizona,4021,Pinal County,126926,80656,209552,46270.0,0.6057016874093304,0.3848973047262732,0.2208043826830572,1862.5,834.8,1572.7,1049.0,907.7,1147.8,1213.9,8588.0,22351.2061,10017.94476,18871.4614,12586.13953,10890.81307,13771.75424,14567.52897,103056.84719999999,86967.0,15.0,5.0,13.0,4.0
Arizona,4023,Santa Cruz County,7699,11265,19121,-3566.0,0.4026463051095654,0.5891428272579886,-0.1864965221484232,1131.9,730.2,1524.2,1053.5,626.4,1242.0,870.9,7178.8,13582.8,8762.050500000001,18289.9751,12640.26394,7518.071549999999,14901.267600000001,10451.95492,86146.38399999999,61151.0,15.0,15.0,6.0,14.0
Arizona,4025,Yavapai County,99346,48717,149402,50629.0,0.6649576310892759,0.3260799721556606,0.3388776589336152,1547.5,927.4,1495.3,1582.9,832.5,1250.4,1312.0,8948.3,18570.0,11127.8045,17943.6666,18994.6464,9992.02114,15005.8764,15744.614819999999,107378.6308,82717.0,15.0,3.0,10.0,5.0
Arizona,4027,Yuma County,40745,26823,68195,13922.0,0.5974778209546154,0.3933279565950583,0.2041498643595571,1398.2,781.4,1339.6,1658.5,733.5,1120.8,1102.1,8133.9,16778.4,9375.39417,16073.5902,19900.9001,8799.61565,13452.316859999997,13226.4195,97606.6366,67312.0,15.0,10.0,4.0,11.0
Arkansas,5001,Arkansas County,3951,1503,5547,2448.0,0.7122769064359114,0.2709572742022715,0.4413196322336398,886.1,810.5,1467.1,1210.0,570.8,668.4,790.6,6403.8,10633.2,9725.87637,17605.5919,14521.542449999999,6849.94477,8022.76672,9486.47,76845.3912,72510.0,75.0,43.0,66.0,14.0
Arkansas,5003,Ashley County,5145,1774,7030,3371.0,0.7318634423897582,0.2523470839260313,0.4795163584637269,850.2,783.8,1568.4,1210.0,549.8,668.4,794.3,6425.1,10202.4,9404.600900000001,18821.980199999998,14521.542449999999,6596.90402,8022.76672,9529.788980000001,77099.9825,60285.0,75.0,42.0,25.0,55.0
Arkansas,5005,Baxter County,16253,4341,20954,11912.0,0.7756514269351914,0.2071680824663548,0.5684833444688365,939.2,868.9,1409.5,1210.0,608.4,668.4,822.9,6527.6,11270.4,10426.840419999999,16915.6032,14521.542449999999,7300.17891,8022.76672,9874.106810000001,78331.438,61627.0,75.0,30.0,30.0,48.0
Arkansas,5007,Benton County,79907,45231,128595,34676.0,0.6213849683113651,0.3517321824332206,0.2696527858781445,1383.0,876.1,1541.1,1234.2,760.0,890.0,1164.3,7849.0,16596.3851,10514.46091,18491.4551,14809.31866,9121.62175,10681.443159999999,13971.80078,94186.48449999999,103182.0,75.0,1.0,75.0,1.0
Arkansas,5009,Boone County,13968,2854,17112,11114.0,0.8162692847124825,0.1667835437120149,0.6494857410004675,904.3,827.6,1453.9,1210.0,582.6,668.4,806.7,6453.6,10851.6,9930.32415,17446.037699999997,14521.542449999999,6992.214749999999,8022.76672,9680.53697,77445.02249999999,69420.0,75.0,57.0,58.0,23.0
Arkansas,5011,Bradley County,2213,961,3209,1252.0,0.6896229354939234,0.2994702399501402,0.3901526955437832,909.3,815.2,1536.2,1210.0,580.3,668.4,830.9,6550.7,10911.6,9784.28995,18433.9948,14521.542449999999,6963.26798,8022.76672,9970.69865,78608.1593,62877.0,75.0,39.0,34.0,41.5
Arkansas,5013,Calhoun County,1674,379,2092,1295.0,0.8001912045889101,0.1811663479923518,0.6190248565965584,945.8,803.3,1661.7,1210.0,588.4,673.8,879.0,6762.1,11349.6,9638.25564,19941.0362,14521.542449999999,7061.501700000001,8085.424680000001,10546.80107,81144.1625,72955.0,75.0,18.0,57.0,13.0
Arkansas,5015,Carroll County,7470,3812,11538,3658.0,0.6474258970358814,0.3303865487952851,0.3170393482405962,859.0,817.8,1531.6,1210.0,564.1,668.4,802.9,6454.3,10308.0,9813.49677,18379.0137,14521.542449999999,6770.00957,8022.76672,9635.80552,77450.6354,73830.0,75.0,34.0,67.0,11.0
Arkansas,5017,Chicot County,1658,1796,3490,-138.0,0.4750716332378223,0.5146131805157593,-0.0395415472779369,883.6,817.8,1440.0,1210.0,572.3,668.4,785.3,6377.8,10603.2,9813.49677,17280.7767,14521.542449999999,6869.331459999999,8022.76672,9422.84436,76533.9586,55571.0,75.0,63.0,10.0,66.0
Arkansas,5019,Clark County,4526,2959,7657,1567.0,0.5910931174089069,0.3864437769361368,0.20464934047277,919.3,825.1,1483.2,1210.0,587.0,668.4,820.1,6513.2,11031.6,9901.11721,17797.4847,14521.542449999999,7042.94996,8022.76672,9842.28401,78159.7446,67546.0,75.0,51.0,54.0,27.0
Arkansas,5021,Clay County,3968,907,4967,3061.0,0.7988725588886652,0.1826051942822629,0.6162673646064022,869.1,735.0,1492.6,1210.0,539.7,668.4,756.3,6271.4,10429.2,8820.46429,17911.7143,14521.542449999999,6476.675740000001,8022.76672,9075.53809,75257.9031,57397.0,75.0,68.0,21.0,65.0
Arkansas,5023,Cleburne County,10595,1941,12739,8654.0,0.831697935473742,0.1523667477824005,0.6793311876913415,917.7,842.1,1553.8,1210.0,592.2,668.4,848.7,6633.1,11012.4,10105.56494,18644.726300000002,14521.542449999999,7105.27784,8022.76672,10184.7839,79597.06289999999,68688.0,75.0,20.0,50.0,24.0
Arkansas,5025,Cleveland County,2804,524,3374,2280.0,0.8310610551274452,0.1553052756372258,0.6757557794902194,736.6,827.6,1604.5,1234.2,526.1,901.2,869.8,6700.0,8838.68528,9930.32415,19253.951399999998,14809.31866,6314.9561300000005,10814.70918,10436.75748,80398.7023,69610.0,75.0,17.0,46.0,22.0
Arkansas,5027,Columbia County,5367,2466,7940,2901.0,0.6759445843828715,0.3105793450881612,0.3653652392947103,881.1,820.4,1507.1,1210.0,572.5,668.4,808.7,6468.3,10573.2,9842.70386,18085.1823,14521.542449999999,6869.064560000001,8022.76672,9703.1575,77617.6163,64147.0,75.0,44.0,39.0,36.0
Arkansas,5029,Conway County,5893,2449,8541,3444.0,0.6899660461304297,0.2867345744058073,0.4032314717246223,906.8,776.4,1508.3,1210.0,566.4,668.4,802.9,6439.6,10881.6,9316.98055,18101.9442,14521.542449999999,6795.94492,8022.76672,9633.327529999999,77274.1066,61699.0,75.0,62.0,33.0,45.0
Arkansas,5031,Craighead County,25152,11210,37242,13942.0,0.6753665216690833,0.3010042425218839,0.3743622791471994,1004.9,825.1,1376.2,1234.2,615.9,890.0,910.4,6856.9,12058.8,9901.11721,16514.528299999998,14809.31866,7388.55828,10681.443159999999,10926.71621,82280.4826,76364.0,75.0,15.0,64.0,9.0
Arkansas,5033,Crawford County,18615,4753,23834,13862.0,0.7810271041369472,0.199420995216917,0.5816061089200302,967.4,798.2,1503.2,1234.2,594.1,890.0,924.9,6912.1,11606.982970000001,9579.84207,18040.6755,14809.31866,7128.446220000001,10681.443159999999,11096.84779,82943.55559999999,72308.0,75.0,13.0,53.0,15.0
Arkansas,5035,Crittenden County,7028,7362,14681,-334.0,0.4787139840610313,0.5014644778966011,-0.0227504938355698,1078.4,803.3,1400.9,1234.2,633.2,890.0,941.1,6981.2,12943.55892,9638.25564,16809.952400000002,14809.31866,7597.79957,10681.443159999999,11293.80207,83774.1306,63203.0,75.0,10.0,17.0,40.0
Arkansas,5037,Cross County,4753,1642,6534,3111.0,0.7274257728803183,0.251300887664524,0.4761248852157942,906.8,756.9,1461.4,1210.0,559.8,668.4,775.9,6339.5,10881.6,9083.326,17538.2721,14521.542449999999,6717.33031,8022.76672,9309.72913,76074.56539999999,61695.0,75.0,70.0,35.0,46.0
Arkansas,5039,Dallas County,1482,798,2324,684.0,0.6376936316695353,0.3433734939759036,0.2943201376936317,906.8,800.7,1513.1,1210.0,574.5,668.4,815.2,6489.0,10881.6,9609.048859999999,18155.8269,14521.542449999999,6894.21311,8022.76672,9782.10179,77867.1006,70625.0,75.0,48.0,61.0,17.0
Arkansas,5041,Desha County,1805,1638,3505,167.0,0.514978601997147,0.4673323823109843,0.0476462196861626,900.4,815.2,1466.5,1210.0,577.3,668.4,803.1,6441.4,10804.8,9784.28995,17598.9392,14521.542449999999,6927.33438,8022.76672,9636.725840000001,77296.3978,44738.0,75.0,56.0,1.0,75.0
Arkansas,5043,Drew County,4203,2050,6365,2153.0,0.6603299293008641,0.3220738413197172,0.3382560879811468,920.0,820.4,1485.2,1210.0,585.6,668.4,815.7,6505.1,11040.0,9842.70386,17820.8858,14521.542449999999,7026.12262,8022.76672,9786.88956,78060.911,61418.0,75.0,32.0,29.0,50.0
Arkansas,5045,Faulkner County,35357,17752,54465,17605.0,0.6491691912237216,0.3259340861103461,0.3232351051133755,1169.1,842.1,1495.3,1234.2,676.5,890.0,1030.2,7337.6,14029.3878,10105.56494,17943.067499999997,14809.31866,8120.36305,10681.443159999999,12360.79002,88049.93549999999,81392.0,75.0,4.0,65.0,7.0
Arkansas,5047,Franklin County,5582,1232,6971,4350.0,0.8007459474967723,0.1767321761583704,0.624013771338402,856.4,761.7,1517.5,1234.2,544.4,670.2,779.1,6363.2,10276.8,9141.7396,18209.649100000002,14809.31866,6533.495,8040.119500000001,9346.88537,76358.0066,63397.0,75.0,58.0,38.0,38.0
Arkansas,5049,Fulton County,4040,906,5043,3134.0,0.8011104501288915,0.1796549672813801,0.6214554828475114,893.2,791.0,1508.1,1210.0,566.8,668.4,803.6,6441.1,10718.4,9492.221679999999,18096.5834,14521.542449999999,6799.996219999999,8022.76672,9644.302590000001,77295.813,48635.0,75.0,54.0,3.0,73.0
Arkansas,5051,Garland County,28359,13015,42327,15344.0,0.6699978736976399,0.3074869468660666,0.3625109268315732,1056.6,849.4,1387.7,1234.2,641.2,890.0,947.2,7006.9,12679.2,10193.185529999999,16655.4057,14809.31866,7695.56415,10681.443159999999,11368.26591,84082.38369999999,70043.0,75.0,9.0,40.0,21.0
Arkansas,5053,Grant County,6755,1192,8078,5563.0,0.8362218370883883,0.1475612775439465,0.6886605595444417,970.7,866.6,1650.5,1234.2,618.2,890.0,1003.4,7233.3,11648.4,10397.6336,19804.8554,14809.31866,7417.53259,10681.443159999999,12042.09436,86801.2776,93335.0,75.0,5.0,74.0,2.0
Arkansas,5055,Greene County,12617,2935,15820,9682.0,0.7975347661188369,0.1855246523388116,0.6120101137800252,964.1,771.5,1502.2,1210.0,584.0,668.4,823.6,6524.1,11569.2,9258.56683,18026.8834,14521.542449999999,7007.63887,8022.76672,9882.44099,78289.03839999999,66830.0,75.0,49.0,51.0,30.0
Arkansas,5057,Hempstead County,4193,1776,6089,2417.0,0.6886188208244375,0.2916735096074889,0.3969453112169486,936.7,778.8,1523.7,1210.0,577.3,668.4,819.7,6514.8,11240.4,9346.187390000001,18282.7182,14521.542449999999,6926.49235,8022.76672,9836.35433,78176.4613,64925.0,75.0,40.0,42.0,33.0
Arkansas,5059,Hot Spring County,9226,2818,12283,6408.0,0.7511194333631849,0.2294227794512741,0.5216966539119108,883.9,788.7,1482.6,1210.0,562.5,668.4,787.7,6384.4,10606.8,9463.01467,17793.1783,14521.542449999999,6752.62074,8022.76672,9451.94845,76611.8703,64840.0,75.0,64.0,44.0,35.0
Arkansas,5061,Howard County,3246,1158,4473,2088.0,0.7256874580818243,0.2588866532528504,0.4668008048289739,850.8,776.4,1502.0,1210.0,547.6,668.4,770.0,6325.4,10209.6,9316.98055,18023.984099999998,14521.542449999999,6569.8461800000005,8022.76672,9238.40661,75903.12659999999,59234.0,75.0,61.0,24.0,61.0
Arkansas,5063,Independence County,11023,2689,14011,8334.0,0.7867389907929484,0.1919206337877382,0.5948183570052101,886.1,788.7,1501.1,1210.0,563.3,668.4,793.9,6411.8,10633.2,9463.01467,18011.9814,14521.542449999999,6761.5032200000005,8022.76672,9527.448,76941.4565,65797.0,75.0,59.0,48.0,31.0
Arkansas,5065,Izard County,4854,949,5925,3905.0,0.8192405063291139,0.160168776371308,0.6590717299578059,884.3,861.6,1526.5,1210.0,587.4,668.4,834.2,6572.6,10611.6,10339.21989,18316.9112,14521.542449999999,7049.04072,8022.76672,10009.40515,78870.4847,59230.0,75.0,29.0,16.0,62.0
Arkansas,5067,Jackson County,3509,1183,4775,2326.0,0.734869109947644,0.2477486910994764,0.4871204188481675,841.6,793.4,1452.0,1210.0,550.2,668.4,756.2,6271.9,10099.2,9521.4285,17424.355499999998,14521.542449999999,6601.48913,8022.76672,9072.68701,75263.4688,55253.0,75.0,67.0,9.0,67.0
Arkansas,5069,Jefferson County,8468,12802,21608,-4334.0,0.3918918918918919,0.5924657534246576,-0.2005738615327656,985.0,810.5,1341.1,1234.2,604.1,890.0,882.1,6746.8,11817.39115,9725.87637,16093.2323,14809.31866,7248.3736499999995,10681.443159999999,10585.54926,80961.18490000001,61092.0,75.0,16.0,15.0,54.0
Arkansas,5071,Johnson County,6766,2107,9059,4659.0,0.7468815542554366,0.2325863781874379,0.5142951760679987,874.0,781.4,1514.5,1210.0,557.0,668.4,788.4,6393.7,10488.0,9375.39417,18173.1031,14521.542449999999,6683.16926,8022.76672,9459.20007,76723.1746,59943.0,75.0,52.0,26.0,56.0
Arkansas,5073,Lafayette County,1589,698,2325,891.0,0.6834408602150538,0.3002150537634409,0.3832258064516129,841.6,827.6,1571.3,1210.0,561.8,668.4,812.9,6493.4,10099.2,9930.32415,18855.230900000002,14521.542449999999,6739.0647,8022.76672,9753.57158,77921.7005,59776.0,75.0,28.0,20.0,57.0
Arkansas,5075,Lawrence County,4608,965,5692,3643.0,0.8095572733661279,0.1695361911454673,0.6400210822206606,880.8,837.2,1491.8,1210.0,578.1,668.4,811.3,6477.7,10569.6,10047.15166,17899.995600000002,14521.542449999999,6936.64129,8022.76672,9736.38193,77734.07830000001,61609.0,75.0,41.0,32.0,49.0
Arkansas,5077,Lee County,1181,1270,2520,-89.0,0.4686507936507936,0.503968253968254,-0.0353174603174603,906.8,742.5,1453.4,1210.0,554.9,668.4,767.8,6304.1,10881.6,8908.084780000001,17442.8876,14521.542449999999,6658.369199999999,8022.76672,9215.02526,75650.2758,46875.0,75.0,73.0,2.0,74.0
Arkansas,5079,Lincoln County,2502,813,3372,1689.0,0.7419928825622776,0.2411032028469751,0.5008896797153025,779.3,817.8,1545.6,1234.2,537.4,890.0,861.2,6665.4,9353.69459,9813.49677,18544.232,14809.31866,6448.92727,10681.443159999999,10335.82345,79986.9362,61970.0,75.0,19.0,22.0,44.0
Arkansas,5081,Little River County,3744,1084,4899,2660.0,0.7642375995101041,0.2212696468667075,0.5429679526433966,907.9,832.3,1520.0,1234.2,585.7,890.0,920.4,6890.7,10894.8,9988.73777,18240.0685,14809.31866,7026.40319,10681.443159999999,11046.21247,82686.9832,73583.0,75.0,14.0,55.0,12.0
Arkansas,5083,Logan County,6567,1464,8205,5103.0,0.8003656307129798,0.1784277879341864,0.6219378427787934,910.0,761.7,1544.3,1210.0,562.4,668.4,808.3,6465.5,10920.0,9141.7396,18530.717800000002,14521.542449999999,6749.9038199999995,8022.76672,9698.85457,77585.5242,70376.0,75.0,60.0,63.0,19.0
Arkansas,5085,Lonoke County,23225,6790,30620,16435.0,0.758491182233834,0.2217504898758981,0.536740692357936,1146.8,830.0,1607.7,1234.2,665.0,890.0,1052.6,7426.0,13757.3889,9959.53083,19293.0628,14809.31866,7979.7134399999995,10681.443159999999,12632.56935,89113.0277,85661.0,75.0,3.0,70.0,4.0
Arkansas,5087,Madison County,5885,1491,7501,4394.0,0.7845620583922144,0.1987734968670844,0.5857885615251299,842.9,830.0,1703.8,1234.2,562.8,890.0,951.8,7015.5,10113.63933,9959.53083,20447.1562,14809.31866,6753.749890000001,10681.443159999999,11422.44509,84187.28270000001,61638.0,75.0,8.0,11.0,47.0
Arkansas,5089,Marion County,6230,1501,7851,4729.0,0.7935294866895937,0.1911858361992102,0.6023436504903834,880.6,871.5,1508.3,1210.0,589.5,668.4,829.8,6557.7,10567.2,10456.04707,18098.341399999998,14521.542449999999,7073.40949,8022.76672,9955.31205,78694.6189,58958.0,75.0,23.0,13.0,63.0
Arkansas,5091,Miller County,11842,3769,15803,8073.0,0.7493513889767766,0.2384990191735746,0.5108523698032019,973.9,851.9,1416.2,1234.2,614.3,890.0,919.6,6899.7,11684.06074,10222.392530000001,16993.9302,14809.31866,7370.57,10681.443159999999,11036.3743,82798.0893,61140.0,75.0,12.0,12.0,53.0
Arkansas,5093,Mississippi County,6963,3574,10717,3389.0,0.6497154054306242,0.3334888494914622,0.316226555939162,879.7,766.7,1413.5,1210.0,553.9,668.4,750.4,6242.8,10556.4,9200.15311,16961.8288,14521.542449999999,6647.221919999999,8022.76672,9004.003139999999,74913.9158,62877.0,75.0,74.0,43.0,41.5
Arkansas,5095,Monroe County,1385,1002,2433,383.0,0.5692560624743116,0.4118372379778052,0.1574188244965064,847.2,735.0,1488.5,1210.0,532.3,668.4,745.5,6227.3,10166.4,8820.46429,17860.394699999997,14521.542449999999,6388.25498,8022.76672,8947.75475,74727.5781,68668.0,75.0,69.0,59.0,25.0
Arkansas,5097,Montgomery County,2987,645,3707,2342.0,0.8057728621526841,0.1739951443215538,0.6317777178311302,887.7,861.6,1572.4,1210.0,588.6,673.8,853.1,6647.1,10652.4,10339.21989,18869.1995,14521.542449999999,7062.76829,8085.424680000001,10235.18692,79765.7424,59417.0,75.0,21.0,14.0,59.0
Arkansas,5099,Nevada County,2002,849,2907,1153.0,0.6886824905400757,0.2920536635706914,0.3966288269693842,910.8,771.5,1514.9,1210.0,566.0,668.4,798.7,6440.8,10929.6,9258.56683,18177.8272,14521.542449999999,6792.44111,8022.76672,9586.279180000001,77289.0236,49454.0,75.0,38.0,4.0,72.0
Arkansas,5101,Newton County,3063,644,3770,2419.0,0.8124668435013263,0.1708222811671087,0.6416445623342175,852.1,827.6,1618.6,1210.0,565.3,673.8,833.7,6580.9,10225.2,9930.32415,19422.4548,14521.542449999999,6781.458259999999,8085.424680000001,10004.17852,78970.5842,65455.0,75.0,24.0,37.0,32.0
Arkansas,5103,Ouachita County,5056,3412,8626,1644.0,0.5861349408764202,0.3955483422211917,0.1905865986552284,908.8,803.3,1495.1,1210.0,576.0,668.4,808.6,6470.4,10905.6,9638.25564,17942.4269,14521.542449999999,6912.11502,8022.76672,9703.26374,77645.9708,63918.0,75.0,53.0,41.0,37.0
Arkansas,5105,Perry County,3559,923,4584,2636.0,0.7763961605584643,0.2013525305410122,0.5750436300174521,875.4,786.3,1658.2,1234.2,559.1,890.0,928.3,6931.6,10507.725,9433.80801,19898.278599999998,14809.31866,6709.4594799999995,10681.443159999999,11138.0297,83178.064,74960.0,75.0,11.0,56.0,10.0
Arkansas,5107,Phillips County,2098,2754,4938,-656.0,0.4248683677602268,0.5577156743620899,-0.1328473066018631,907.0,800.7,1382.6,1210.0,574.6,668.4,770.7,6314.3,10884.0,9609.048859999999,16589.8789,14521.542449999999,6895.020579999999,8022.76672,9248.64732,75770.9043,50477.0,75.0,72.0,6.0,71.0
Arkansas,5109,Pike County,3746,560,4358,3186.0,0.8595686094538779,0.1284993116108306,0.7310692978430473,875.3,827.6,1598.9,1210.0,573.0,668.4,838.1,6591.5,10503.6,9930.32415,19186.514199999998,14521.542449999999,6875.127770000001,8022.76672,10058.61294,79098.4878,67609.0,75.0,27.0,47.0,26.0
Arkansas,5111,Poinsett County,5731,1235,7079,4496.0,0.8095776239581862,0.1744596694448368,0.6351179545133494,881.1,739.8,1448.7,1234.2,545.5,890.0,836.4,6575.7,10573.2,8878.87802,17383.2264,14809.31866,6544.77926,10681.443159999999,10036.9051,78907.7519,61172.0,75.0,22.0,23.0,52.0
Arkansas,5113,Polk County,6987,1145,8288,5842.0,0.8430260617760618,0.1381515444015444,0.7048745173745173,885.4,805.6,1521.3,1210.0,569.1,668.4,806.4,6466.2,10624.8,9667.46257,18255.1241,14521.542449999999,6827.464849999999,8022.76672,9676.36714,77595.5277,61273.0,75.0,33.0,28.0,51.0
Arkansas,5115,Pope County,18118,5487,24191,12631.0,0.7489562233888636,0.2268198916952585,0.522136331693605,950.4,798.2,1455.5,1210.0,588.3,668.4,814.7,6486.1,11404.8,9579.84207,17466.7815,14521.542449999999,7060.420540000001,8022.76672,9776.37349,77832.52739999999,70353.0,75.0,50.0,60.0,20.0
Arkansas,5117,Prairie County,2628,524,3200,2104.0,0.82125,0.16375,0.6575,879.9,834.8,1524.0,1210.0,577.1,673.8,819.3,6518.8,10558.8,10017.94476,18287.8149,14521.542449999999,6923.180740000001,8085.424680000001,9831.03893,78225.7461,80865.0,75.0,26.0,72.0,8.0
Arkansas,5119,Pulaski County,57977,92038,153924,-34061.0,0.3766599100854967,0.5979444401133027,-0.2212845300278059,1235.6,878.6,1348.8,1234.2,711.4,890.0,1028.1,7327.4,14831.067,10543.667669999999,16186.515899999999,14809.31866,8537.49597,10681.443159999999,12337.68115,87927.1912,83080.0,75.0,6.0,69.0,6.0
Arkansas,5121,Randolph County,5367,1138,6636,4229.0,0.8087703435804702,0.1714888487040385,0.6372814948764316,917.3,769.2,1502.3,1210.0,567.6,668.4,801.6,6436.5,11007.6,9229.36033,18030.6723,14521.542449999999,6808.85785,8022.76672,9617.59614,77238.3971,64860.0,75.0,65.0,45.0,34.0
Arkansas,5123,St. Francis County,2909,2953,5979,-44.0,0.4865362100685733,0.4938953002174276,-0.0073590901488543,925.4,756.9,1361.4,1210.0,566.1,673.8,753.2,6246.8,11104.8,9083.326,16335.5437,14521.542449999999,6792.42734,8085.424680000001,9038.325200000001,74961.3896,51295.0,75.0,75.0,8.0,70.0
Arkansas,5125,Saline County,39736,16609,57609,23127.0,0.6897533371521811,0.2883056466871496,0.4014476904650315,1169.1,859.2,1554.7,1234.2,682.3,890.0,1058.3,7448.0,14029.3878,10310.01301,18657.3503,14809.31866,8189.15105,10681.443159999999,12700.130650000001,89376.7942,93015.0,75.0,2.0,73.0,3.0
Arkansas,5127,Scott County,2913,425,3384,2488.0,0.8608156028368794,0.1255910165484633,0.735224586288416,865.2,761.7,1577.1,1210.0,547.3,668.4,797.1,6427.5,10382.4,9141.7396,18925.2627,14521.542449999999,6569.02483,8022.76672,9566.13277,77128.8691,58470.0,75.0,46.0,18.0,64.0
Arkansas,5129,Searcy County,3305,511,3869,2794.0,0.8542258981649005,0.1320754716981132,0.7221504264667873,864.8,868.9,1557.1,1210.0,583.3,668.4,838.6,6591.4,10377.6,10426.840419999999,18684.5052,14521.542449999999,6999.790429999999,8022.76672,10064.00418,79097.04789999999,53046.0,75.0,25.0,5.0,68.0
Arkansas,5131,Sebastian County,30719,13652,45452,17067.0,0.675855847927484,0.3003608202059315,0.3754950277215524,997.6,817.8,1326.3,1234.2,610.7,584.4,777.9,6348.8,11971.45374,9813.49677,15914.5719,14809.31866,7329.68937,7015.14872,9334.00433,76187.6824,71502.0,75.0,71.0,68.0,16.0
Arkansas,5133,Sevier County,3772,862,4714,2910.0,0.8001697072549852,0.1828595672464998,0.6173101400084854,873.6,822.7,1581.5,1210.0,570.8,668.4,829.3,6556.3,10483.2,9871.91054,18977.1233,14521.542449999999,6848.6104399999995,8022.76672,9951.97229,78677.1244,62031.0,75.0,31.0,31.0,43.0
Arkansas,5135,Sharp County,5978,1316,7437,4662.0,0.8038187441172516,0.1769530724754605,0.6268656716417911,848.7,791.0,1467.2,1210.0,551.7,668.4,763.1,6300.4,10184.4,9492.221679999999,17604.6424,14521.542449999999,6620.32843,8022.76672,9157.806760000001,75603.70869999999,59583.0,75.0,66.0,27.0,58.0
Arkansas,5137,Stone County,4808,1089,6030,3719.0,0.7973466003316749,0.1805970149253731,0.6167495854063018,906.8,839.6,1524.9,1210.0,587.6,668.4,837.3,6574.9,10881.6,10076.35831,18298.6454,14521.542449999999,7051.44245,8022.76672,10045.477710000001,78897.8334,52620.0,75.0,35.0,7.0,69.0
Arkansas,5139,Union County,10196,5019,15448,5177.0,0.6600207146556188,0.3248964267219058,0.335124287933713,947.6,815.2,1474.4,1210.0,593.1,668.4,824.6,6534.0,11371.2,9784.28995,17694.6223,14521.542449999999,7117.9033500000005,8022.76672,9894.84778,78407.1731,66953.0,75.0,37.0,49.0,29.0
Arkansas,5141,Van Buren County,6023,1437,7621,4586.0,0.790316231465687,0.1885579320299173,0.6017582994357696,869.1,839.6,1517.8,1210.0,575.0,668.4,815.3,6495.4,10429.2,10076.35831,18212.8685,14521.542449999999,6899.22959,8022.76672,9783.77252,77945.7381,59253.0,75.0,36.0,19.0,60.0
Arkansas,5143,Washington County,50243,43779,97158,6464.0,0.5171267420078635,0.4505959365157784,0.066530805492085,1165.1,888.5,1405.8,1234.2,690.8,890.0,1024.1,7298.5,13981.02867,10660.49495,16870.7365,14809.31866,8290.80214,10681.443159999999,12287.68369,87581.50749999999,84179.0,75.0,7.0,71.0,5.0
Arkansas,5145,White County,24514,5641,30837,18873.0,0.7949541135648733,0.1829295975613711,0.6120245160035023,925.6,795.9,1491.0,1210.0,579.1,668.4,812.3,6482.7,11107.2,9550.6354,17891.496,14521.542449999999,6950.46416,8022.76672,9748.384300000002,77792.4885,67049.0,75.0,45.0,52.0,28.0
Arkansas,5147,Woodruff County,1513,760,2318,753.0,0.6527178602243313,0.3278688524590163,0.3248490077653149,881.8,798.2,1508.2,1210.0,565.4,673.8,801.0,6438.4,10581.6,9579.84207,18099.2188,14521.542449999999,6783.449460000001,8085.424680000001,9611.356670000001,77262.434,63362.0,75.0,47.0,36.0,39.0
Arkansas,5149,Yell County,5147,1213,6477,3934.0,0.7946580206885904,0.1872780608306314,0.6073799598579589,905.6,761.7,1558.3,1210.0,560.9,668.4,811.1,6476.9,10867.2,9141.7396,18702.7575,14521.542449999999,6732.138830000001,8022.76672,9734.12683,77722.2727,70415.0,75.0,55.0,62.0,18.0
California,6001,Alameda County,140789,499551,669800,-358762.0,0.2101955807703792,0.7458211406389967,-0.5356255598686175,2766.6,1088.0,1483.6,1434.6,1297.1,3089.6,2892.1,14051.5,33201.0539,13055.45548,17803.5907,17214.5059,15563.30589,37074.361600000004,34706.1318,168618.4067,155116.0,58.0,6.0,49.0,5.0
California,6003,Alpine County,243,479,738,-236.0,0.3292682926829268,0.6490514905149052,-0.3197831978319783,1464.8,968.5,1885.7,1752.0,818.7,1334.8,1605.6,9830.2,17577.6,11624.32052,22627.6846,21023.109149999997,9825.177959999999,16017.925199999998,19267.9,117963.71910000002,119659.0,58.0,28.0,56.0,14.0
California,6005,Amador County,14018,7783,22402,6235.0,0.6257477010981163,0.3474243371127578,0.2783233639853585,1524.3,1100.1,1733.7,1436.5,882.9,1414.6,1550.3,9642.3,18291.6,13201.48971,20803.7753,17236.26415,10596.05659,16975.4526,18605.68133,115710.3213,101722.0,58.0,34.0,45.0,24.0
California,6007,Butte County,47179,44228,94523,2951.0,0.4991271965553357,0.4679072818255874,0.0312199147297482,1590.0,985.7,1416.1,1763.6,866.6,993.2,1343.8,8958.8,19080.0,11828.76853,16993.7283,21163.1818,10399.45784,11917.6042,16124.38264,107507.124,90047.0,58.0,47.0,40.0,32.0
California,6009,Calaveras County,16625,9181,26479,7444.0,0.6278560368593981,0.3467275954530004,0.2811284414063976,1472.0,1078.1,1802.7,1752.0,857.9,1528.0,1708.9,10199.8,17664.0,12938.62824,21633.3839,21023.109149999997,10296.45508,18337.0832,20505.310279999998,122397.96969999999,93976.0,58.0,26.0,18.0,30.0
California,6011,Colusa County,4414,2431,7021,1983.0,0.6286853724540664,0.3462469733656174,0.282438399088449,1208.4,885.9,1651.6,1752.0,704.6,1519.4,1412.4,9134.3,14500.8,10631.288219999999,19817.3902,21023.109149999997,8455.85573,18233.9162,16948.7538,109611.1162,89214.0,58.0,39.0,28.0,35.0
California,6013,Contra Costa County,155308,356008,528904,-200700.0,0.2936411900836446,0.6731051381725228,-0.3794639480888782,2771.6,1083.0,1589.7,1448.1,1296.7,2965.4,2887.5,14042.7,33258.345799999996,12997.04192,19078.1657,17376.337,15562.928609999999,35586.5498,34650.936499999996,168510.30789999999,146002.0,58.0,7.0,39.0,6.0
California,6015,Del Norte County,5999,4266,10564,1733.0,0.5678720181749337,0.4038243089738735,0.1640477092010601,1281.3,934.6,1478.6,1752.0,745.5,1460.6,1384.9,9037.3,15375.6,11215.42506,17741.7508,21023.109149999997,8946.72485,17528.306399999998,16618.56365,108449.4791,84188.0,58.0,41.0,20.0,39.0
California,6017,El Dorado County,61109,47703,111890,13406.0,0.5461524711770489,0.4263383680400393,0.1198141031370095,2158.8,1165.8,1687.5,1396.8,1118.6,1284.8,1838.2,10651.1,25909.5651,13990.074270000001,20250.4473,16761.37855,13424.495669999998,15418.1264,22059.053699999997,127813.14310000002,128943.0,58.0,23.0,57.0,10.0
California,6019,Fresno County,165924,151628,325994,14296.0,0.5089786928593778,0.4651251250023006,0.0438535678570771,1621.0,876.1,1407.8,1157.0,840.2,1163.0,1117.2,8182.0,19452.0,10514.46091,16892.7462,13880.787349999999,10082.41224,13955.786000000002,13405.67935,98183.87210000001,81068.0,58.0,54.0,38.0,46.0
California,6021,Glenn County,6904,3260,10442,3644.0,0.6611760199195557,0.3122007278299176,0.348975292089638,1212.5,861.6,1583.9,1752.0,697.9,1309.6,1276.3,8693.7,14550.0,10339.21989,19006.6182,21023.109149999997,8374.1413,15716.6598,15315.310519999999,104325.0609,81208.0,58.0,46.0,19.0,45.0
California,6023,Humboldt County,21559,39800,64228,-18241.0,0.3356635735193373,0.6196674347636545,-0.2840038612443171,1501.0,1109.9,1438.8,1752.0,878.6,1407.6,1552.7,9640.4,18012.0,13318.3172,17265.8399,21023.109149999997,10541.29047,16891.4002,18632.414490000003,115684.37169999999,83309.0,58.0,33.0,10.0,40.0
California,6025,Imperial County,26546,26083,54025,463.0,0.4913651087459509,0.4827950023137436,0.0085701064322073,1410.1,766.7,1556.6,1113.6,732.3,1137.0,983.9,7700.0,16921.2,9200.15311,18679.263700000003,13362.92844,8788.70054,13644.406500000001,11803.5826,92400.23370000001,64569.0,58.0,56.0,9.0,57.0
California,6027,Inyo County,4468,4201,8951,267.0,0.4991621047927606,0.4693330354150374,0.0298290693777231,1404.7,881.1,1624.7,1876.0,769.0,1408.8,1494.6,9458.9,16856.4,10572.87434,19495.9253,22511.9543,9228.75926,16904.79,17936.21778,113506.92009999999,89948.0,58.0,32.0,22.0,33.0
California,6029,Kern County,167879,108241,283246,59638.0,0.5926968077219096,0.3821448493535654,0.2105519583683441,1405.1,868.9,1508.0,1105.5,765.1,975.8,941.2,7569.8,16861.2,10426.840419999999,18095.9882,13265.829600000001,9181.24016,11711.732699999999,11294.68671,90837.5185,75186.0,58.0,58.0,37.0,50.0
California,6031,Kings County,25074,15519,41501,9555.0,0.604178212573191,0.373942796559119,0.230235416014072,1537.9,866.6,1489.6,1157.0,808.8,888.0,983.9,7731.4,18454.8,10397.6336,17875.4246,13880.787349999999,9707.59044,10655.30314,11806.5765,92778.1147,74578.0,58.0,57.0,33.0,51.0
California,6033,Lake County,13161,12794,26759,367.0,0.4918345229642363,0.4781195111924959,0.0137150117717403,1410.0,1070.9,1507.4,1752.0,834.8,1399.4,1507.4,9481.4,16920.0,12851.00794,18088.3788,21023.109149999997,10016.65077,16790.2098,18088.68505,113778.04239999999,80539.0,58.0,35.0,8.0,47.0
California,6035,Lassen County,8619,2478,11371,6141.0,0.7579808284231818,0.2179227860346495,0.5400580423885323,1241.7,1024.8,1682.2,1752.0,762.6,1460.4,1489.4,9412.7,14900.4,12296.07779,20185.985399999998,21023.109149999997,9150.43318,17523.9974,17872.38135,112952.384,78028.0,58.0,36.0,5.0,48.0
California,6037,Los Angeles County,1189862,2417109,3728427,-1227247.0,0.3191324384251053,0.648291893605534,-0.3291594551804286,2701.1,944.4,1385.8,1005.8,1226.6,1560.4,1847.7,10671.7,32413.2,11332.25229,16629.888899999998,12068.28059,14718.44413,18725.2864,22172.231200000002,128059.5835,98839.0,58.0,22.0,26.0,28.0
California,6039,Madera County,32344,20981,54624,11363.0,0.5921206795547744,0.3840985647334505,0.2080221148213239,1589.3,1027.2,1619.8,1157.0,880.3,931.8,1173.2,8378.3,19071.6,12325.284479999998,19437.3324,13880.787349999999,10563.68777,11182.952659999999,14078.75054,100540.39450000001,82186.0,58.0,52.0,35.0,43.0
California,6041,Marin County,24054,116152,144113,-92098.0,0.1669106881405563,0.8059786417602853,-0.639067953619729,3478.3,1280.3,1642.9,1426.4,1601.0,3202.4,3584.3,16215.4,41740.054,15362.795399999999,19715.1068,17117.407,19212.628099999998,38427.1966,43010.3099,194585.4995,190681.0,58.0,2.0,53.0,1.0
California,6043,Mariposa County,5625,3622,9509,2003.0,0.5915448522452413,0.3809023030812914,0.2106425491639499,1363.7,1027.2,1668.1,1309.6,804.4,1463.0,1377.1,9013.2,16364.4,12325.284479999998,20017.7193,15715.052790000002,9652.83257,17557.0456,16525.75358,108158.0875,82228.0,58.0,45.0,15.0,42.0
California,6045,Mendocino County,13528,24049,39216,-10521.0,0.3449612403100775,0.6132445940432476,-0.2682833537331701,1659.1,1010.1,1540.0,1752.0,898.3,1388.2,1610.7,9858.1,19909.2,12120.83694,18480.364999999998,21023.109149999997,10776.71629,16659.2032,19328.01138,118297.4456,81500.0,58.0,27.0,6.0,44.0
California,6047,Merced County,43955,40190,86392,3765.0,0.5087855356977498,0.465205111584406,0.0435804241133437,1581.3,900.5,1503.3,1469.6,835.0,899.0,1163.3,8352.2,18975.6,10806.5291,18038.8501,17635.2666,10020.392660000001,10788.46464,13960.40916,100225.5115,73010.0,58.0,53.0,12.0,54.0
California,6049,Modoc County,2884,1008,4016,1876.0,0.7181274900398407,0.250996015936255,0.4671314741035857,992.6,1024.8,1736.7,1752.0,678.7,1308.6,1304.7,8797.7,11911.2,12296.07779,20839.7363,21023.109149999997,8144.69743,15703.536000000002,15654.77159,105573.13059999999,62857.0,58.0,44.0,1.0,58.0
California,6051,Mono County,2294,3522,6064,-1228.0,0.3782981530343008,0.5808047493403694,-0.2025065963060686,1626.4,1034.4,1822.2,1876.0,895.3,1911.8,1988.6,11154.4,19516.8,12412.905340000001,21865.3299,22511.9543,10742.95881,22940.9006,23862.52025,133853.37039999999,109698.0,58.0,17.0,30.0,20.0
California,6053,Monterey County,49226,93060,146718,-43834.0,0.335514388145967,0.6342780026990553,-0.2987636145530882,3218.3,959.0,1656.1,1375.3,1405.6,1113.0,2219.2,11946.4,38619.6,11507.49323,19874.149100000002,16502.44886,16865.589,13358.3818,26631.3466,143359.0071,100520.0,58.0,16.0,11.0,25.0
California,6055,Napa County,20357,43212,65549,-22855.0,0.3105615646310394,0.659232024897405,-0.3486704602663655,2913.4,1141.5,1659.7,1426.4,1364.2,1764.0,2477.7,12747.1,34960.8,13698.00593,19916.504999999997,17117.407,16371.574419999999,21166.388199999998,29733.108399999997,152963.7893,129463.0,58.0,10.0,41.0,9.0
California,6057,Nevada County,26177,33784,62132,-7607.0,0.4213126891135003,0.543745573939355,-0.1224328848258546,1780.6,1255.9,1645.5,1752.0,1021.8,1569.6,1931.4,10956.3,21367.2,15070.72751,19746.134700000002,21023.109149999997,12259.779709999999,18834.5876,23175.6918,131477.2269,106554.0,58.0,19.0,29.0,22.0
California,6059,Orange County,654815,691731,1390965,-36916.0,0.4707631033131674,0.497302951548026,-0.0265398482348585,3075.2,971.1,1557.1,1224.5,1361.3,1811.4,2349.6,12350.0,36902.4,11653.527030000001,18684.131,14689.942369999999,16336.9603,21738.8372,28194.4696,148200.2673,128689.0,58.0,13.0,47.0,11.0
California,6061,Placer County,123941,103958,234809,19983.0,0.5278375190048081,0.4427343074584023,0.0851032115464057,2643.5,1095.4,1535.0,1396.8,1258.0,1364.8,2039.8,11333.0,31725.6745,13143.075939999999,18419.4366,16761.37855,15096.38516,16374.755,24476.950699999998,135997.65649999998,137395.0,58.0,20.0,58.0,7.0
California,6063,Plumas County,5725,4020,10067,1705.0,0.5686897784841561,0.3993245256779577,0.1693652528061984,1291.8,1024.8,1745.7,1752.0,779.4,1460.4,1541.6,9595.5,15501.6,12296.07779,20949.4257,21023.109149999997,9352.71113,17523.9974,18499.42511,115146.3472,88167.0,58.0,31.0,14.0,38.0
California,6065,Riverside County,463677,451782,940405,11895.0,0.4930609684125456,0.4804121628447318,0.0126488055678138,2270.5,883.5,1539.1,1151.3,1061.2,1104.0,1506.7,9516.3,27244.075,10602.08128,18469.9034,13816.05478,12733.58775,13251.395,18080.41871,114197.51869999999,100461.0,58.0,40.0,51.0,26.0
California,6067,Sacramento County,252140,381564,656626,-129424.0,0.3839933234443961,0.5810979157084855,-0.1971045922640893,2260.1,956.5,1407.2,1396.8,1082.3,1761.8,1867.6,10732.6,27120.5917,11478.28657,16887.9479,16761.37855,12986.845819999999,21142.0832,22412.462890000003,128789.59839999999,103270.0,58.0,21.0,32.0,23.0
California,6069,San Benito County,11702,15179,27649,-3477.0,0.4232341133494882,0.5489891135303266,-0.1257550001808384,2790.0,1129.3,1779.8,1375.3,1318.6,2115.2,2597.7,13105.9,33480.0,13551.971970000002,21357.6039,16502.44886,15824.21494,25382.8396,31172.057,157271.1344,118578.0,58.0,9.0,16.0,15.0
California,6071,San Bernardino County,378416,362114,761714,16302.0,0.4967953851445555,0.4753936516855407,0.0214017334590148,2135.3,854.3,1507.1,1151.3,1005.8,1000.0,1353.8,9007.6,25622.0469,10251.599189999999,18084.3151,13816.05478,12069.923480000001,11999.707,16246.67989,108090.32749999998,89923.0,58.0,48.0,42.0,34.0
California,6073,San Diego County,593270,841372,1477786,-248102.0,0.4014586685758289,0.5693463058927342,-0.1678876373169052,3091.8,961.3,1514.5,1218.8,1363.8,1699.6,2284.9,12134.8,37101.6,11536.700200000001,18175.0545,14625.20975,16364.67494,20393.3648,27420.0268,145616.6306,118115.0,58.0,14.0,34.0,16.0
California,6075,San Francisco County,62594,323719,402964,-261125.0,0.155333975243446,0.8033447156569817,-0.6480107404135357,3256.3,1251.0,1068.9,1547.8,1516.6,3366.2,3294.4,15301.4,39074.7641,15012.31348,12826.59554,18573.8859,18197.9518,40396.7374,39534.032699999996,183616.2808,165603.0,58.0,3.0,43.0,4.0
California,6077,San Joaquin County,128996,126647,263671,2349.0,0.4892308975958676,0.4803220680317517,0.0089088295641158,1785.5,954.2,1478.3,1321.3,921.7,1048.8,1300.4,8809.9,21426.0,11449.07962,17737.0617,15855.125750000001,11061.03614,12585.163199999999,15605.123689999999,105718.5905,98914.0,58.0,49.0,54.0,27.0
California,6079,San Luis Obispo County,64932,81314,150766,-16382.0,0.4306806574426595,0.5393391082870144,-0.1086584508443548,2454.8,1046.4,1622.2,1580.5,1177.9,1860.2,2243.1,11985.2,29457.6,12558.93921,19468.4696,18962.2805,14136.740230000001,22323.3858,26914.999900000003,143822.4155,116900.0,58.0,12.0,31.0,18.0
California,6081,San Mateo County,76616,242957,330510,-166341.0,0.2318114429215454,0.7350972739100179,-0.5032858309884725,3894.3,1129.3,1668.3,1574.8,1690.2,3217.6,3835.4,17009.9,46731.413799999995,13551.971970000002,20019.257,18897.5478,20282.740400000002,38610.7838,46023.8793,204117.5961,184583.0,58.0,1.0,46.0,2.0
California,6083,Santa Barbara County,64870,114149,184715,-49279.0,0.3511896705735863,0.6179736350594158,-0.2667839644858295,3294.1,946.8,1600.4,1580.5,1427.0,1335.2,2416.2,12599.7,39529.2,11361.45907,19205.557,18962.2805,17122.4963,16020.978999999998,28993.9463,151195.91950000002,108953.0,58.0,11.0,13.0,21.0
California,6085,Santa Clara County,210924,510744,750433,-299820.0,0.2810697290764132,0.680599067471713,-0.3995293383952997,3364.9,1070.9,1549.1,1221.5,1492.6,3108.0,3191.4,14997.9,40378.8,12851.00794,18588.4205,14657.57591,17909.5181,37295.404200000004,38295.840299999996,179976.5661,182053.0,58.0,4.0,55.0,3.0
California,6087,Santa Cruz County,27978,100998,134135,-73020.0,0.2085809072948894,0.7529578409811011,-0.5443769336862117,4215.0,1148.7,1610.0,1412.9,1804.5,1482.4,3084.2,14757.9,50580.0,13785.62639,19320.260000000002,16955.5759,21656.2368,17785.414,37011.058600000004,177094.175,131966.0,58.0,5.0,17.0,8.0
California,6089,Shasta County,59539,27130,88900,32409.0,0.6697300337457818,0.3051743532058493,0.3645556805399325,1647.4,966.2,1487.3,1763.6,879.4,1447.0,1594.9,9785.7,19768.8,11595.11371,17848.6071,21163.1818,10552.59474,17362.3556,19138.21698,117428.87009999999,91000.0,58.0,29.0,23.0,31.0
California,6091,Sierra County,1066,641,1754,425.0,0.6077537058152793,0.3654503990877993,0.24230330672748,1464.8,1255.9,1812.8,1752.0,915.3,1308.6,1715.0,10224.6,17577.6,15070.72751,21754.809,21023.109149999997,10984.74372,15703.536000000002,20578.47926,122693.00899999999,73529.0,58.0,25.0,2.0,53.0
California,6093,Siskiyou County,12461,8329,21489,4132.0,0.5798780771557541,0.3875936525664293,0.1922844245893247,1217.7,949.3,1599.6,1752.0,729.1,1393.8,1376.4,9017.6,14612.4,11390.66574,19195.2251,21023.109149999997,8748.90206,16725.743599999998,16516.87481,108212.9219,71583.0,58.0,43.0,3.0,55.0
California,6095,Solano County,70345,113997,189834,-43652.0,0.3705605950461982,0.600508865640507,-0.2299482705943087,2553.3,949.3,1527.2,1426.4,1178.6,1238.2,1863.0,10735.7,30639.6,11390.66574,18327.3351,17117.407,14141.35861,14855.9426,22354.117000000002,128826.4274,113873.0,58.0,24.0,52.0,19.0
California,6097,Sonoma County,63426,179600,251426,-116174.0,0.2522650799837725,0.7143254874197577,-0.4620604074359851,2584.0,1122.0,1613.8,1426.4,1247.0,1528.6,2139.9,11661.6,31008.0,13464.35116,19365.9527,17117.407,14963.0144,18342.0066,25678.737399999998,139939.4702,124032.0,58.0,15.0,48.0,12.0
California,6099,Stanislaus County,106986,85347,197472,21639.0,0.5417780748663101,0.4321979824987846,0.1095800923675254,1705.5,939.7,1424.2,1321.3,890.0,952.0,1184.4,8416.5,20466.0,11273.838440000001,17088.572500000002,15855.125750000001,10679.07674,11423.16222,14212.881570000001,100998.65900000001,89051.0,58.0,51.0,50.0,36.0
California,6101,Sutter County,25372,13016,39336,12356.0,0.6450071181614806,0.3308928208257067,0.3141142973357738,1712.1,907.8,1465.9,1448.1,881.5,1547.0,1500.8,9463.2,20542.3044,10894.14988,17589.1001,17376.337,10577.0012,18565.5952,18011.46811,113555.9576,88263.0,58.0,37.0,25.0,37.0
California,6103,Tehama County,18503,7415,26532,11088.0,0.6973842906678728,0.2794738429066787,0.417910447761194,1355.2,893.1,1607.3,1752.0,756.6,1308.0,1385.6,9057.7,16262.4,10718.90879,19289.0556,21023.109149999997,9078.038400000001,15694.607,16626.75953,108692.8793,77022.0,58.0,42.0,7.0,49.0
California,6105,Trinity County,2979,2449,5645,530.0,0.5277236492471213,0.4338352524357838,0.0938883968113374,1141.8,966.2,1733.9,1752.0,709.2,1465.6,1427.9,9196.8,13701.6,11595.11371,20807.0786,21023.109149999997,8511.24518,17585.4096,17136.71082,110360.26809999999,73582.0,58.0,38.0,4.0,52.0
California,6107,Tulare County,81854,53221,138271,28633.0,0.5919824113516211,0.3849035589530704,0.2070788523985506,1439.8,881.1,1526.6,1321.3,780.9,860.6,1007.6,7818.0,17277.6,10572.87434,18319.5817,15855.125750000001,9370.47475,10330.34618,12090.08186,93816.0844,71096.0,58.0,55.0,24.0,56.0
California,6109,Tuolumne County,17210,10909,28810,6301.0,0.5973620270739327,0.3786532454009024,0.2187087816730302,1455.5,1034.4,1585.0,1752.0,837.9,1429.0,1553.3,9646.9,17466.0,12412.905340000001,19019.1864,21023.109149999997,10052.95373,17147.7152,18640.77263,115762.64240000001,94005.0,58.0,30.0,27.0,29.0
California,6111,Ventura County,158901,217424,387595,-58523.0,0.4099665888362853,0.5609566686876766,-0.1509900798513913,2663.2,981.0,1649.7,1421.1,1226.1,2621.4,2626.0,13188.4,31958.4,11770.354819999999,19797.6896,17052.6749,14712.82618,31457.6066,31512.234999999997,158261.7868,122868.0,58.0,8.0,21.0,13.0
California,6113,Yolo County,27844,61405,92589,-33561.0,0.3007268682024862,0.6631997321496074,-0.3624728639471211,2179.2,973.5,1477.4,1396.8,1060.8,2063.0,1988.9,11139.6,26150.4,11682.734339999999,17727.9171,16761.37855,12729.20621,24758.2006,23866.425900000002,133676.26429999998,118018.0,58.0,18.0,44.0,17.0
California,6115,Yuba County,18491,10725,30070,7766.0,0.6149318257399401,0.3566677751912205,0.2582640505487196,1517.2,832.3,1532.0,1448.1,790.6,1077.0,1174.8,8372.2,18207.952299999997,9988.73777,18383.4483,17376.337,9486.96125,12926.367600000001,14096.101920000001,100465.9054,82918.0,58.0,50.0,36.0,41.0
Colorado,8001,Adams County,103024,124056,233336,-21032.0,0.4415263825556279,0.5316624952857681,-0.0901361127301402,2260.2,905.5,1496.5,1043.4,1065.3,1632.6,1702.5,10105.9,27122.088799999998,10864.94279,17958.566,12521.407009999999,12780.98582,19595.3876,20428.1757,121271.5545,105815.0,64.0,16.0,37.0,22.0
Colorado,8003,Alamosa County,4057,3244,7519,813.0,0.5395664317063439,0.43144035111052,0.1081260805958238,1147.5,1034.4,1471.0,1333.9,734.1,1236.4,1201.2,8158.7,13770.0,12412.905340000001,17653.0468,16006.348629999999,8809.41025,14836.36474,14416.43058,97904.5073,62874.0,64.0,38.0,3.0,60.0
Colorado,8005,Arapahoe County,125311,190725,325451,-65414.0,0.3850379934306547,0.5860329204703627,-0.200994927039708,2391.0,968.5,1397.8,1043.4,1130.2,2840.8,2198.8,11970.5,28689.5645,11624.32052,16773.0209,12521.407009999999,13563.871210000001,34087.6002,26385.961300000003,143645.747,120608.0,64.0,1.0,21.0,11.0
Colorado,8007,Archuleta County,5218,3904,9355,1314.0,0.5577765900587921,0.4173169428113308,0.1404596472474612,1558.3,1068.5,1604.6,1274.5,883.6,1316.6,1462.8,9169.3,18699.6,12821.800959999999,19255.004999999997,15294.2922,10605.58216,15797.791399999998,17556.425049999998,110030.4979,88193.0,64.0,27.0,19.0,31.0
Colorado,8009,Baca County,1686,275,2004,1411.0,0.8413173652694611,0.1372255489021956,0.7040918163672655,1009.3,747.2,1724.1,1333.9,591.0,658.8,892.3,6956.6,12111.6,8966.4985,20688.7248,16006.348629999999,7091.86449,7906.06262,10706.26489,83477.3631,56905.0,64.0,64.0,7.0,62.0
Colorado,8011,Bent County,1496,645,2189,851.0,0.6834170854271356,0.2946550936500685,0.3887619917770671,1068.7,868.9,1544.6,1333.9,651.8,644.2,905.0,7016.9,12824.4,10426.840419999999,18533.7005,16006.348629999999,7823.03236,7729.78486,10858.54132,84202.649,63333.0,64.0,62.0,11.0,59.0
Colorado,8013,Boulder County,40758,150149,196150,-109391.0,0.2077899566658169,0.7654804996176395,-0.5576905429518225,2386.8,1126.9,1418.0,1089.5,1182.3,1946.8,1965.1,11115.3,28641.6,13522.76502,17015.1345,13071.63254,14186.476920000001,23364.4298,23581.9935,133384.0317,142534.0,64.0,8.0,57.0,4.0
Colorado,8014,Broomfield County,16071,29426,46817,-13355.0,0.3432727428070999,0.6285323707200376,-0.2852596279129377,2736.1,1005.3,1449.7,1089.5,1258.9,1442.8,1900.9,10883.2,32837.8351,12062.42307,17394.9395,13071.63254,15106.986350000001,17315.1174,22809.5786,130598.5125,157926.0,64.0,11.0,62.0,2.0
Colorado,8015,Chaffee County,6034,7992,14416,-1958.0,0.4185627081021087,0.5543840177580466,-0.1358213096559378,1584.1,900.5,1556.6,1333.9,835.9,1720.4,1549.1,9480.5,19009.2,10806.5291,18678.8003,16006.348629999999,10031.69766,20643.6076,18589.70757,113765.8957,95370.0,64.0,21.0,25.0,27.0
Colorado,8017,Cheyenne County,930,108,1055,822.0,0.8815165876777251,0.1023696682464455,0.7791469194312797,1030.7,759.3,1771.2,1333.9,602.3,1088.6,1070.9,7657.1,12368.4,9112.53284,21256.1864,16006.348629999999,7227.40077,13064.950840000001,12850.431390000002,91886.2485,80563.0,64.0,57.0,35.0,40.0
Colorado,8019,Clear Creek County,2452,3464,6101,-1012.0,0.4019013276512047,0.5677757744632027,-0.1658744468119979,1622.7,1019.8,1735.3,1089.5,889.0,1508.0,1520.4,9385.2,19474.7045,12237.66443,20824.2511,13071.63254,10669.83439,18098.467200000003,18244.8606,112621.4155,143571.0,64.0,23.0,63.0,3.0
Colorado,8021,Conejos County,2358,1627,4104,731.0,0.5745614035087719,0.3964424951267056,0.1781189083820663,990.7,1002.7,1763.6,1333.9,670.7,1081.6,1156.5,8000.1,11888.4,12033.21619,21164.553399999997,16006.348629999999,8048.584700000001,12978.458799999999,13879.38952,95998.952,65875.0,64.0,45.0,6.0,57.0
Colorado,8023,Costilla County,850,1155,2080,-305.0,0.4086538461538461,0.5552884615384616,-0.1466346153846154,1105.3,1012.5,1675.7,1333.9,712.6,1109.8,1194.7,8144.0,13263.6,12150.04392,20107.797700000003,16006.348629999999,8550.58701,13316.72512,14334.550140000001,97729.65160000001,55491.0,64.0,40.0,1.0,63.0
Colorado,8025,Crowley County,1231,422,1706,809.0,0.7215709261430246,0.2473622508792497,0.4742086752637749,1410.5,876.1,1732.6,1333.9,769.3,1109.8,1288.1,8520.4,16926.0,10514.46091,20791.3957,16006.348629999999,9232.523019999999,13316.72512,15457.64909,102245.10339999999,65964.0,64.0,32.0,4.0,56.0
Colorado,8027,Custer County,2583,1188,3867,1395.0,0.6679596586501164,0.3072148952676493,0.3607447633824671,1180.0,876.1,1704.2,1333.9,691.9,976.2,1123.8,7886.0,14160.0,10514.46091,20449.7603,16006.348629999999,8301.88407,11714.64388,13485.731219999998,94632.82930000001,80069.0,64.0,48.0,27.0,42.0
Colorado,8029,Delta County,12948,6030,19476,6918.0,0.6648182378311769,0.3096118299445471,0.3552064078866297,1258.0,881.1,1603.9,1245.0,719.8,960.4,1096.5,7764.5,15096.0,10572.87434,19246.6463,14938.26403,8636.46106,11524.83382,13158.736540000002,93173.81710000001,74365.0,64.0,54.0,17.0,50.0
Colorado,8031,Denver County,74765,278634,363076,-203869.0,0.2059210743756128,0.7674261036256872,-0.5615050292500744,2335.2,1036.7,1233.9,1043.4,1134.6,1838.8,1780.8,10403.6,28024.575300000004,12442.11201,14806.9947,12521.407009999999,13615.28205,22065.004200000003,21368.7631,124844.1379,119331.0,64.0,13.0,49.0,13.0
Colorado,8033,Dolores County,1076,325,1419,751.0,0.7582804792107117,0.2290345313601127,0.529245947850599,1144.5,898.1,1803.3,1274.5,687.2,1055.6,1161.1,8024.2,13734.0,10777.322339999999,21640.4486,15294.2922,8246.9951,12667.21186,13930.94055,96291.2118,78519.0,64.0,44.0,20.0,44.0
Colorado,8035,Douglas County,127451,110408,243758,17043.0,0.5228587369440183,0.4529410316789602,0.069917705265058,2764.2,1039.3,1565.2,1089.5,1279.8,1580.6,2020.6,11338.7,33170.3292,12471.3188,18782.592800000002,13071.63254,15356.43223,18966.0484,24246.9625,136065.3174,164967.0,64.0,7.0,61.0,1.0
Colorado,8037,Eagle County,10148,16943,27798,-6795.0,0.3650622346931434,0.6095042808835168,-0.2444420461903734,2384.9,1102.7,1704.3,1339.2,1173.5,1488.8,1977.5,11170.4,28618.8,13230.696590000001,20450.711,16071.080850000002,14080.53758,17864.783199999998,23730.4951,134047.1045,123283.0,64.0,5.0,42.0,10.0
Colorado,8039,Elbert County,15209,4768,20417,10441.0,0.7449184503110153,0.2335308811284713,0.511387569182544,1894.9,946.8,1856.6,1089.5,956.0,1598.2,1680.9,10022.3,22736.322099999998,11361.45907,22278.7489,13071.63254,11472.42194,19175.409,20171.064000000002,120267.05589999999,140816.0,64.0,15.0,59.0,5.0
Colorado,8041,El Paso County,203933,166597,380813,37336.0,0.5355200584013676,0.4374771869657811,0.0980428714355865,1931.0,937.2,1388.9,1097.4,964.8,1540.6,1519.9,9380.3,23172.0,11244.63203,16667.071900000003,13168.73117,11579.70146,18489.2078,18240.04604,112561.3912,104641.0,64.0,25.0,48.0,23.0
Colorado,8043,Fremont County,17313,7526,25467,9787.0,0.679820944752032,0.2955196921506263,0.3843012526014057,1333.0,876.1,1449.7,1218.0,743.3,940.0,1059.3,7619.2,15996.0,10514.46091,17396.3103,14614.60213,8919.61842,11278.89078,12710.68681,91430.56940000001,80121.0,64.0,60.0,38.0,41.0
Colorado,8045,Garfield County,14493,15128,30372,-635.0,0.4771829316475701,0.4980903463716581,-0.0209074147240879,1714.4,922.5,1576.3,1347.4,887.2,1583.4,1578.3,9609.3,20572.8,11069.39069,18914.294400000002,16168.17973,10646.222689999999,19001.509,18937.890919999998,115310.2855,97727.0,64.0,22.0,31.0,25.0
Colorado,8047,Gilpin County,1729,2254,4129,-525.0,0.418745458948898,0.5458948898038266,-0.1271494308549285,1768.4,1005.3,1782.6,1089.5,933.0,1553.2,1610.6,9742.2,21216.3448,12062.42307,21391.197200000002,13071.63254,11196.85971,18638.6704,19328.42798,116905.55649999999,109167.0,64.0,18.0,45.0,19.0
Colorado,8049,Grand County,4822,4743,9883,79.0,0.4879085297986441,0.4799150055651118,0.0079935242335323,1418.2,1180.6,1701.6,1274.5,874.3,1997.0,1721.4,10167.5,17018.4,14165.315419999999,20419.474299999998,15294.2922,10491.96551,23964.6664,20656.29636,122010.4094,117315.0,64.0,12.0,46.0,16.0
Colorado,8051,Gunnison County,3689,6887,10939,-3198.0,0.3372337507998903,0.629582228722918,-0.2923484779230277,1617.4,873.7,1552.3,1347.4,838.2,1062.2,1308.1,8599.6,19408.8,10485.25404,18628.2877,16168.17973,10058.050570000001,12748.7186,15698.149410000002,103195.4406,119907.0,64.0,35.0,60.0,12.0
Colorado,8053,Hinsdale County,332,257,606,75.0,0.5478547854785478,0.4240924092409241,0.1237623762376237,1221.3,978.5,1852.5,1347.4,740.1,1418.6,1410.0,8968.1,14655.6,11741.14791,22230.283300000003,16168.17973,8881.35897,17023.7508,16918.802040000002,107619.1219,76827.0,64.0,26.0,8.0,49.0
Colorado,8055,Huerfano County,2346,1965,4438,381.0,0.5286164939161785,0.4427670121676431,0.0858494817485354,1112.1,885.9,1606.9,1333.9,672.2,1055.6,1093.9,7760.5,13345.2,10631.288219999999,19281.9078,16006.348629999999,8067.04676,12667.21186,13128.37398,93127.3785,68050.0,64.0,49.0,9.0,55.0
Colorado,8059,Jefferson County,140505,210875,361504,-70370.0,0.388667898557139,0.5833268788173851,-0.194658980260246,2364.4,1010.1,1450.2,1043.4,1135.3,1946.2,1893.3,10843.4,28372.902299999998,12120.83694,17403.791,12521.407009999999,13624.38424,23353.8194,22722.0297,130119.1695,133411.0,64.0,9.0,56.0,6.0
Colorado,8061,Kiowa County,744,102,863,642.0,0.8621089223638471,0.1181923522595596,0.7439165701042874,1146.0,859.2,1696.4,1333.9,674.7,1088.6,1136.8,7935.8,13752.0,10310.01301,20358.480900000002,16006.348629999999,8095.82197,13064.950840000001,13641.55195,95229.1667,78036.0,64.0,46.0,18.0,45.0
Colorado,8063,Kit Carson County,3083,556,3698,2527.0,0.8336938885884262,0.1503515413737155,0.6833423472147107,1215.7,820.4,1633.6,1333.9,685.0,1270.8,1196.9,8156.1,14588.4,9842.70386,19604.0234,16006.348629999999,8220.00518,15249.327,14361.8794,97872.68840000001,81346.0,64.0,36.0,22.0,38.0
Colorado,8065,Lake County,1557,2199,3911,-642.0,0.3981079007926361,0.5622602914855536,-0.1641523906929174,1453.7,1212.0,1545.3,1274.5,897.0,1324.2,1462.4,9169.0,17444.4,14545.004019999998,18544.2989,15294.2922,10763.04482,15888.9574,17548.34449,110028.344,119107.0,64.0,24.0,58.0,14.0
Colorado,8067,La Plata County,14024,20677,35681,-6653.0,0.3930383117065105,0.579496090356212,-0.1864577786497014,1799.9,1046.4,1658.0,1274.5,957.6,1412.6,1614.9,9764.2,21598.8,12558.93921,19895.4548,15294.2922,11492.59531,16952.635000000002,19377.798329999998,117170.5145,108774.0,64.0,17.0,44.0,20.0
Colorado,8069,Larimer County,89680,129376,225482,-39696.0,0.3977257608146105,0.5737752902670723,-0.1760495294524618,1855.6,993.1,1470.0,1184.0,958.6,1742.2,1635.8,9838.9,22267.2,11916.38911,17640.0626,14204.44896,11501.29286,20907.4288,19629.41998,118066.2418,118466.0,64.0,19.0,55.0,15.0
Colorado,8071,Las Animas County,4328,3276,7792,1052.0,0.555441478439425,0.4204312114989733,0.1350102669404517,1220.0,873.7,1536.2,1333.9,704.5,929.8,1068.5,7666.6,14640.0,10485.25404,18435.610399999998,16006.348629999999,8453.556359999999,11158.123019999999,12821.9254,92000.8184,70496.0,64.0,53.0,13.0,53.0
Colorado,8073,Lincoln County,2090,432,2571,1658.0,0.8129132633216647,0.1680280046674445,0.6448852586542201,1185.9,966.2,1651.7,1333.9,724.1,1001.0,1159.5,8022.4,14230.8,11595.11371,19821.908799999997,16006.348629999999,8689.29791,12012.49146,13915.150669999999,96271.1127,94167.0,64.0,43.0,51.0,28.0
Colorado,8075,Logan County,7855,2098,10162,5757.0,0.7729777602834088,0.2064554221609919,0.5665223381224169,1257.1,807.9,1560.5,1333.9,694.9,995.4,1092.5,7742.2,15085.2,9696.66936,18726.307099999998,16006.348629999999,8338.022560000001,11945.052220000001,13108.79585,92906.39739999999,79831.0,64.0,55.0,33.0,43.0
Colorado,8077,Mesa County,55839,33573,91600,22266.0,0.6095960698689956,0.3665174672489083,0.2430786026200873,1245.0,905.5,1395.5,1103.0,723.7,1169.2,1058.1,7599.7,14940.0,10864.94279,16747.178399999997,13233.46349,8682.2423,14031.736800000002,12696.91971,91196.4846,88062.0,64.0,58.0,50.0,32.0
Colorado,8079,Mineral County,417,317,753,100.0,0.5537848605577689,0.4209827357237716,0.1328021248339972,1453.7,1053.6,1843.6,1333.9,843.6,995.4,1390.4,8914.4,17444.4,12646.55991,22123.0382,16006.348629999999,10124.30086,11945.052220000001,16683.27133,106972.97080000001,63487.0,64.0,30.0,2.0,58.0
Colorado,8081,Moffat County,5358,1167,6671,4191.0,0.8031779343426773,0.1749362914105831,0.6282416429320942,1263.1,1158.4,1487.4,1245.0,815.0,1331.6,1318.7,8619.3,15157.2,13902.45392,17850.3192,14938.26403,9777.3111,15979.857,15826.14728,103431.5508,93786.0,64.0,31.0,39.0,29.0
Colorado,8083,Montezuma County,8972,5793,15136,3179.0,0.5927589852008457,0.3827299154334038,0.2100290697674419,1308.8,898.1,1575.6,1274.5,742.5,1055.6,1156.6,8011.7,15705.6,10777.322339999999,18907.0671,15294.2922,8910.352920000001,12667.21186,13879.9081,96141.7552,76992.0,64.0,42.0,16.0,47.0
Colorado,8085,Montrose County,16704,8354,25617,8350.0,0.6520669867666004,0.3261115665378459,0.3259554202287544,1348.6,942.1,1495.9,1347.4,770.7,893.2,1138.5,7936.3,16183.2,11303.045329999999,17949.3571,16168.17973,9247.92736,10719.47576,13665.22322,95236.4069,81516.0,64.0,52.0,34.0,37.0
Colorado,8087,Morgan County,9830,3291,13458,6539.0,0.7304205676920791,0.2445385644226482,0.4858820032694309,1333.3,820.4,1537.1,1333.9,724.6,1004.2,1123.9,7876.9,15999.6,9842.70386,18445.3391,16006.348629999999,8694.8127,12047.390739999999,13486.83658,94523.0341,85582.0,64.0,51.0,41.0,35.0
Colorado,8089,Otero County,5520,3164,8925,2356.0,0.6184873949579832,0.3545098039215686,0.2639775910364146,1109.1,859.2,1457.8,1333.9,662.2,658.8,897.9,6978.6,13309.2,10310.01301,17492.1568,16006.348629999999,7946.83895,7906.06262,10773.552599999999,83744.173,70964.0,64.0,63.0,28.0,52.0
Colorado,8091,Ouray County,1573,2442,4098,-869.0,0.3838457784285017,0.595900439238653,-0.2120546608101512,1931.3,956.5,1815.4,1347.4,971.6,1569.6,1768.6,10360.2,23175.6,11478.28657,21784.937700000002,16168.17973,11659.52743,18834.935,21222.9166,124324.38290000001,96745.0,64.0,14.0,15.0,26.0
Colorado,8093,Park County,6828,4841,12044,1987.0,0.5669212886084357,0.4019428761208901,0.1649784124875456,2562.2,1165.8,1886.7,1043.4,1254.4,1506.0,2054.2,11473.0,30747.8669,13990.074270000001,22640.009100000003,12521.407009999999,15052.37358,18074.554200000002,24648.9193,137675.2047,116972.0,64.0,4.0,32.0,17.0
Colorado,8095,Phillips County,1888,412,2354,1476.0,0.8020390824129142,0.1750212404418012,0.627017841971113,1184.4,807.9,1662.0,1333.9,670.4,1197.4,1156.9,8013.6,14212.8,9696.66936,19945.419,16006.348629999999,8044.49788,14372.5234,13884.20287,96162.4598,85958.0,64.0,41.0,36.0,34.0
Colorado,8097,Pitkin County,2992,7932,11167,-4940.0,0.2679323005283424,0.7103071550102982,-0.4423748544819557,2166.9,1144.0,1632.6,1347.4,1114.0,2023.8,2060.0,11488.4,26002.8,13727.212520000001,19590.7558,16168.17973,13367.423310000002,24285.037999999997,24719.8772,137861.2881,128233.0,64.0,3.0,43.0,8.0
Colorado,8099,Prowers County,3833,1227,5144,2606.0,0.7451399688958009,0.2385303265940902,0.5066096423017107,1060.3,766.7,1558.4,1333.9,614.7,1088.6,1011.2,7433.9,12723.6,9200.15311,18701.2101,16006.348629999999,7376.39053,13064.950840000001,12132.671460000001,89205.32340000001,70208.0,64.0,59.0,14.0,54.0
Colorado,8101,Pueblo County,43688,39328,85107,4360.0,0.513330278355482,0.4621006497702891,0.0512296285851928,1233.4,859.2,1374.0,1162.1,704.1,1104.8,1016.3,7454.2,14800.8,10310.01301,16487.6899,13945.519680000001,8448.697779999999,13260.2984,12196.34868,89449.3658,76912.0,64.0,61.0,30.0,48.0
Colorado,8103,Rio Blanco County,2988,637,3690,2351.0,0.8097560975609757,0.1726287262872628,0.6371273712737128,1119.8,954.2,1616.1,1245.0,697.7,1109.8,1120.4,7862.8,13437.6,11449.07962,19395.0153,14938.26403,8373.28656,13316.72512,13444.475450000002,94354.4486,89283.0,64.0,47.0,47.0,30.0
Colorado,8105,Rio Grande County,3743,2306,6194,1437.0,0.6042944785276073,0.3722957701000968,0.2319987084275104,1116.5,898.1,1576.2,1333.9,677.9,1304.4,1178.8,8085.9,13398.0,10777.322339999999,18913.4771,16006.348629999999,8133.945880000001,15654.9,14146.47765,97030.4723,84667.0,64.0,37.0,29.0,36.0
Colorado,8107,Routt County,5676,10208,16335,-4532.0,0.3474747474747475,0.6249158249158249,-0.2774410774410774,2022.1,1134.1,1641.2,1339.2,1061.9,1609.8,1845.9,10654.4,24265.2,13610.38543,19695.890099999997,16071.080850000002,12743.48908,19317.0728,22149.583,127852.7017,125927.0,64.0,10.0,52.0,9.0
Colorado,8109,Saguache County,1577,1704,3400,-127.0,0.4638235294117647,0.5011764705882353,-0.0373529411764706,1119.2,876.1,1681.7,1333.9,671.5,995.4,1095.2,7773.2,13430.4,10514.46091,20180.9641,16006.348629999999,8056.405409999999,11945.052220000001,13143.77897,93277.4106,61144.0,64.0,50.0,5.0,61.0
Colorado,8111,San Juan County,188,376,588,-188.0,0.3197278911564626,0.6394557823129252,-0.3197278911564626,1562.2,1092.9,1698.4,1274.5,893.4,1450.0,1552.8,9523.8,18746.4,13113.869150000002,20379.7062,15294.2922,10719.59666,17397.736599999997,18633.70427,114285.30630000001,86875.0,64.0,20.0,12.0,33.0
Colorado,8113,San Miguel County,1154,3529,4804,-2375.0,0.2402164862614488,0.7345961698584513,-0.4943796835970026,1989.3,932.1,1747.6,1347.4,983.0,2003.6,1914.2,10917.5,23871.6,11186.21814,20971.0726,16168.17973,11795.43288,24046.083000000002,22970.840900000003,131009.4264,110625.0,64.0,6.0,24.0,18.0
Colorado,8115,Sedgwick County,1048,283,1358,765.0,0.7717231222385862,0.2083946980854197,0.5633284241531664,951.2,825.1,1700.6,1333.9,597.5,1088.6,1036.1,7533.2,11414.4,9901.11721,20406.653100000003,16006.348629999999,7171.74561,13064.950840000001,12432.46846,90397.6835,77212.0,64.0,56.0,26.0,46.0
Colorado,8117,Summit County,5244,11762,17542,-6518.0,0.2989396876068863,0.670505073537795,-0.3715653859309086,2463.3,1197.6,1708.9,1274.5,1231.8,2023.8,2239.8,12139.3,29559.6,14369.76321,20506.582000000002,15294.2922,14780.322320000001,24285.037999999997,26877.3821,145672.9767,129246.0,64.0,2.0,40.0,7.0
Colorado,8119,Teller County,10856,5065,16326,5791.0,0.6649516109273551,0.3102413328433174,0.3547102780840377,1700.9,944.4,1664.7,1097.4,890.0,1091.6,1347.3,8736.0,20410.8,11332.25229,19975.639799999997,13168.73117,10680.158070000001,13101.657260000002,16165.1579,104834.3968,103012.0,64.0,33.0,54.0,24.0
Colorado,8121,Washington County,2436,329,2806,2107.0,0.8681397006414825,0.1172487526728439,0.7508909479686385,1174.7,820.4,1693.8,1333.9,671.2,1274.6,1201.8,8170.3,14096.4,9842.70386,20326.201500000003,16006.348629999999,8054.46863,15294.420199999999,14422.33461,98042.8772,80865.0,64.0,39.0,23.0,39.0
Colorado,8123,Weld County,106469,68752,179854,37717.0,0.5919746016213151,0.3822656154436376,0.2097089861776774,1702.4,927.4,1573.3,1132.4,884.7,1480.8,1463.7,9165.0,20428.8,11127.8045,18880.0595,13589.491409999999,10617.42645,17770.5286,17565.36709,109979.47760000001,107207.0,64.0,28.0,53.0,21.0
Colorado,8125,Yuma County,3807,758,4663,3049.0,0.8164271927943384,0.1625562942311816,0.6538708985631567,1294.0,800.7,1680.5,1333.9,704.9,1266.0,1238.4,8318.5,15528.0,9609.048859999999,20165.0529,16006.348629999999,8457.525010000001,15194.8414,14859.431340000001,99820.249,73869.0,64.0,34.0,10.0,51.0
Delaware,10001,Kent County,42458,44222,88141,-1764.0,0.4817054492234034,0.5017188368636616,-0.0200133876402581,1541.1,864.2,1471.1,1261.2,809.3,945.8,1221.1,8113.5,18493.2,10368.42663,17653.1369,15132.98086,9710.68348,11348.56468,14654.55747,97361.5487,88298.0,3.0,3.0,1.0,3.0
Delaware,10003,New Castle County,90868,180700,275917,-89832.0,0.3293309219801607,0.6549070916253801,-0.3255761696452194,1756.4,956.5,1429.9,1261.2,912.9,1181.6,1445.3,8943.4,21077.0517,11478.28657,17157.1024,15132.98086,10953.456849999999,14177.834200000001,17344.19032,107320.9013,112402.0,3.0,1.0,3.0,1.0
Delaware,10005,Sussex County,81025,64836,147639,16189.0,0.5488048550857159,0.4391522565175868,0.109652598568129,1371.3,956.5,1533.6,1261.2,783.1,945.8,1207.0,8058.5,16455.6,11478.28657,18404.0828,15132.98086,9398.539350000001,11348.56468,14483.528949999998,96701.58290000001,95047.0,3.0,2.0,2.0,2.0
District of Columbia,11001,Ward 1,2056,36882,40463,-34826.0,0.050811852803796,0.9114993945085634,-0.8606875417047674,2088.9,1153.6,1044.6,1492.7,1091.0,2645.6,2282.2,11798.3,25064.7253,13844.039999999999,12535.3428,17912.27502,13091.109480000001,31745.766599999995,27385.215600000003,141578.4733,150381.0,1.0,1.0,1.0,1.0
Florida,12001,Alachua County,52939,81578,136548,-28639.0,0.3876951694642177,0.5974309400357384,-0.2097357705715206,1525.2,1019.8,1355.1,1366.3,856.4,1084.8,984.9,8192.1,18302.005400000002,12237.66443,16260.353500000001,16395.26212,10275.27202,13014.292800000001,11818.72549,98303.5767,94435.0,67.0,23.0,57.0,14.0
Florida,12003,Baker County,12926,1982,14977,10944.0,0.8630566869199439,0.132336248915003,0.7307204380049408,1145.3,822.7,1575.9,1333.9,662.2,775.2,729.1,7044.1,13743.6,9871.91054,18912.4185,16006.8682,7945.5934,9299.103019999999,8749.10169,84528.5961,84720.0,67.0,51.0,64.0,27.0
Florida,12005,Bay County,71497,25201,97775,46296.0,0.7312400920480695,0.2577448222960879,0.4734952697519815,1691.8,944.4,1398.4,1242.1,886.9,985.2,962.6,8111.5,20301.6,11332.25229,16780.5076,14906.41734,10643.41684,11823.08156,11551.96293,97339.23610000001,81161.0,67.0,28.0,33.0,30.0
Florida,12007,Bradford County,10920,2946,13932,7974.0,0.7838070628768303,0.2114556416881998,0.5723514211886305,1018.7,822.7,1517.2,1361.2,619.5,832.4,693.3,6865.0,12224.4,9871.91054,18208.3599,16334.049439999999,7434.448549999999,9986.9024,8320.56373,82380.6348,77519.0,67.0,57.0,53.0,36.0
Florida,12009,Brevard County,216533,141233,361449,75300.0,0.5990693016165489,0.3907411557370472,0.2083281458795016,1573.6,978.5,1387.7,1215.1,858.6,1033.8,938.1,7985.5,18883.2,11741.14791,16652.9734,14582.75563,10303.7629,12406.22346,11255.853079999999,95825.9171,92294.0,67.0,30.0,58.0,16.0
Florida,12011,Broward County,358952,507328,874526,-148376.0,0.410453205507898,0.5801176866096606,-0.1696644811017625,2333.7,1019.8,1317.2,1212.6,1128.3,1147.8,1273.7,9433.1,28004.4,12237.66443,15807.987,14550.38907,13539.70626,13772.8222,15284.37224,113197.34109999999,88689.0,67.0,6.0,26.0,20.0
Florida,12013,Calhoun County,5367,1021,6428,4346.0,0.8349408836341008,0.1588363410080896,0.6761045426260112,1025.1,834.8,1568.1,1183.0,626.0,1066.4,730.0,7033.5,12301.2,10017.94476,18817.233799999998,14197.88014,7509.42261,12797.035020000001,8760.48342,84401.1997,63479.0,67.0,53.0,15.0,52.0
Florida,12015,Charlotte County,82480,40450,123674,42030.0,0.6669146303992756,0.3270695538269967,0.3398450765722788,1551.0,963.7,1312.0,1226.0,846.0,1029.8,904.1,7832.9,18612.0,11565.906899999998,15744.569899999999,14712.220370000001,10153.554619999999,12356.36656,10849.42512,93994.0423,79261.0,67.0,33.0,38.0,32.0
Florida,12017,Citrus County,71356,26276,98233,45080.0,0.7263954068388423,0.2674864862113546,0.4589089206274876,1238.1,942.1,1333.3,1250.1,733.5,832.8,736.7,7066.7,14857.2,11303.045329999999,15999.8468,15003.516020000001,8801.78611,9993.53104,8841.05099,84799.9753,69407.0,67.0,54.0,29.0,45.0
Florida,12019,Clay County,87711,37926,126806,49785.0,0.6916943993186442,0.2990867940002839,0.3926076053183603,1753.3,924.8,1517.9,1220.7,901.3,1000.6,1011.3,8330.0,21042.293700000002,11098.59742,18216.1407,14647.48795,10814.01354,12006.61526,12133.601490000001,99958.7494,97288.0,67.0,21.0,61.0,10.0
Florida,12021,Collier County,143267,71720,216363,71547.0,0.6621603508917884,0.3314799665377167,0.3306803843540716,1944.9,1061.2,1414.0,1390.6,1011.4,1153.4,1215.5,9191.2,23338.8,12734.18045,16967.7613,16686.55827,12136.99076,13841.3748,14587.22219,110292.8891,103778.0,67.0,7.0,55.0,3.0
Florida,12023,Columbia County,25108,8250,33592,16858.0,0.747439866634913,0.2455941890926411,0.5018456775422719,1082.1,868.9,1484.8,1382.7,656.4,960.4,762.9,7198.5,12985.2,10426.840419999999,17817.3837,16592.97883,7877.13452,11524.35988,9156.04509,86379.94320000001,67370.0,67.0,43.0,20.0,48.0
Florida,12027,DeSoto County,8888,3525,12488,5363.0,0.7117232543241512,0.2822709801409353,0.4294522741832158,1000.9,847.0,1418.3,1266.7,621.7,1015.8,694.0,6865.0,12010.8,10163.978650000001,17020.767799999998,15201.23252,7460.84978,12193.4939,8328.39333,82379.5157,59568.0,67.0,56.0,10.0,58.0
Florida,12029,Dixie County,6920,1183,8148,5737.0,0.8492881688757977,0.1451890034364261,0.7040991654393716,940.7,834.8,1468.7,1434.0,597.5,877.6,686.2,6839.5,11288.4,10017.94476,17625.0174,17207.93664,7168.65933,10532.461379999999,8235.74032,82076.1591,57754.0,67.0,55.0,6.0,63.0
Florida,12031,Duval County,236285,229365,471268,6920.0,0.5013813795971719,0.4866975903307672,0.0146837892664046,1658.6,946.8,1344.7,1164.0,876.6,1072.6,938.8,8002.3,19906.8137,11361.45907,16137.5635,13967.79718,10520.41562,12869.17496,11264.57244,96027.7979,83238.0,67.0,27.0,43.0,29.0
Florida,12033,Escambia County,96407,64601,162754,31806.0,0.5923479607260037,0.3969241923393588,0.1954237683866449,1365.8,907.8,1384.2,1315.1,765.1,977.8,840.8,7556.5,16392.2524,10894.14988,16608.2068,15780.304769999999,9180.68892,11734.05238,10088.145379999998,90677.80059999999,78828.0,67.0,38.0,45.0,34.0
Florida,12035,Flagler County,51014,28431,79963,22583.0,0.6379700611532834,0.3555519427735327,0.2824181183797506,1607.9,1002.7,1451.3,1352.9,878.5,1004.4,1010.0,8307.7,19294.8,12033.21619,17416.2307,16233.431419999999,10540.51645,12054.5579,12120.20561,99692.9593,85146.0,67.0,22.0,39.0,26.0
Florida,12037,Franklin County,4831,1870,6758,2961.0,0.7148564664101805,0.2767090855282628,0.4381473808819177,1035.4,837.2,1460.5,1242.4,629.9,617.6,598.1,6421.4,12424.8,10047.15166,17526.317000000003,14909.93678,7560.83548,7411.9307,7176.31761,77057.2898,68619.0,67.0,67.0,48.0,46.0
Florida,12039,Gadsden County,7495,14203,21868,-6708.0,0.3427382476678251,0.6494878361075545,-0.3067495884397293,964.9,803.3,1643.8,1296.1,594.9,718.8,649.6,6671.8,11579.70816,9638.25564,19726.2055,15553.741150000002,7138.923,8626.932420000001,7798.0228099999995,80061.78839999999,54524.0,67.0,62.0,4.0,65.0
Florida,12041,Gilchrist County,8931,1662,10686,7269.0,0.8357664233576643,0.1555306007860752,0.680235822571589,1038.9,834.8,1665.0,1439.0,630.4,797.4,753.2,7159.0,12468.69741,10017.94476,19978.152299999998,17269.14962,7565.778080000001,9568.453520000001,9038.74277,85906.9172,74783.0,67.0,47.0,40.0,41.0
Florida,12043,Glades County,4034,1222,5279,2812.0,0.7641598787649176,0.2314832354612616,0.532676643303656,1060.7,791.0,1464.7,1819.7,622.9,831.6,801.7,7392.7,12728.4,9492.221679999999,17577.542999999998,21836.30304,7476.27387,9981.66714,9619.75693,88712.1654,49345.0,67.0,39.0,1.0,67.0
Florida,12045,Gulf County,6684,1970,8697,4714.0,0.7685408761641945,0.2265148901920202,0.5420259859721743,1391.5,944.4,1508.5,1255.9,786.0,831.6,836.1,7554.1,16698.0,11332.25229,18102.0524,15071.767679999999,9430.96233,9981.66714,10032.85527,90649.55649999999,78722.0,67.0,35.0,42.0,35.0
Florida,12047,Hamilton County,3964,1727,5733,2237.0,0.6914355485784057,0.301238444095587,0.3901971044828187,1003.3,868.9,1465.9,1957.2,629.9,748.0,829.1,7502.3,12039.6,10426.840419999999,17590.2442,23486.97864,7558.981170000001,8974.14674,9950.0858,90026.8772,52105.0,67.0,37.0,2.0,66.0
Florida,12049,Hardee County,6336,1751,8143,4585.0,0.7780916124278522,0.2150313152400835,0.5630602971877687,1018.1,783.8,1472.0,1765.7,606.2,887.6,788.0,7321.5,12217.2,9404.600900000001,17663.3449,21188.978840000003,7274.7968200000005,10650.750339999999,9458.27887,87857.951,60539.0,67.0,41.0,5.0,56.0
Florida,12051,Hendry County,9253,4096,13460,5157.0,0.687444279346211,0.3043090638930163,0.3831352154531947,1015.9,791.0,1442.9,1452.9,608.1,782.8,670.8,6764.1,12190.8,9492.221679999999,17314.7896,17434.500040000003,7295.39476,9392.583739999998,8049.06906,81169.3579,57766.0,67.0,61.0,9.0,62.0
Florida,12053,Hernando County,75446,34431,110687,41015.0,0.6816157272308401,0.3110663402206221,0.3705493870102179,1601.3,915.0,1405.7,1253.0,846.5,792.4,862.9,7677.1,19214.1614,10981.77023,16869.0789,15035.88198,10159.619159999998,9508.32202,10356.0562,92124.8909,74933.0,67.0,34.0,28.0,39.0
Florida,12055,Highlands County,36382,15227,51905,21155.0,0.7009343993834891,0.2933628744822271,0.407571524901262,1163.9,895.7,1323.7,1385.0,692.9,921.8,749.7,7132.9,13966.8,10748.11575,15886.456400000001,16621.825950000002,8315.495480000001,11061.88178,8995.75658,85596.33009999999,65774.0,67.0,46.0,17.0,49.0
Florida,12057,Hillsborough County,342017,321455,671981,20562.0,0.5089682595192424,0.4783691800809844,0.0305990794382579,2043.4,968.5,1320.9,1215.1,1013.5,1111.0,1120.8,8793.8,24522.2912,11624.32052,15851.218599999998,14582.75563,12161.764720000001,13332.127600000002,13450.84969,105525.3284,91253.0,67.0,10.0,46.0,18.0
Florida,12059,Holmes County,8193,882,9116,7311.0,0.8987494515138219,0.096752961825362,0.8019964896884599,1000.2,771.5,1528.9,1191.2,596.1,769.4,608.2,6465.4,12002.4,9258.56683,18344.8964,14294.978830000002,7153.39188,9232.499179999999,7298.93785,77585.6711,58912.0,67.0,65.0,18.0,59.0
Florida,12061,Indian River County,62737,35654,99015,27083.0,0.6336110690299449,0.3600868555269403,0.2735242135030045,1541.0,1012.5,1390.0,1212.6,859.2,1014.6,932.0,7961.4,18492.0,12150.04392,16678.2844,14550.38907,10309.71644,12174.746920000001,11182.90686,95538.0901,84395.0,67.0,25.0,47.0,28.0
Florida,12063,Jackson County,16074,5892,22098,10182.0,0.7273961444474613,0.2666304642954114,0.4607656801520499,970.3,834.8,1474.8,1288.2,607.3,831.6,649.2,6656.5,11643.6,10017.94476,17697.2042,15460.16221,7288.1687600000005,9981.66714,7789.9928500000005,79878.7408,58844.0,67.0,63.0,11.0,60.0
Florida,12065,Jefferson County,5011,3429,8502,1582.0,0.5893907315925665,0.4033168666196189,0.1860738649729476,962.5,993.1,1623.8,1201.6,657.9,843.6,721.3,7004.0,11550.46652,11916.38911,19484.8139,14420.92423,7895.57735,10123.0689,8657.47785,84048.7168,73788.0,67.0,50.0,41.0,42.0
Florida,12067,Lafayette County,3296,441,3756,2855.0,0.8775292864749734,0.1174121405750798,0.7601171458998935,1005.4,868.9,1613.7,1574.2,630.7,943.4,811.9,7448.2,12064.8,10426.840419999999,19363.3082,18890.978840000003,7567.459789999999,11320.16844,9744.24839,89377.80350000001,67448.0,67.0,36.0,13.0,47.0
Florida,12069,Lake County,140500,84546,226781,55954.0,0.6195404376909882,0.3728090095731123,0.2467314281178758,1782.1,949.3,1440.0,1299.0,918.9,1096.8,1063.7,8549.8,21385.2517,11390.66574,17280.3891,15586.10741,11027.672260000001,13162.081760000001,12764.54558,102596.7145,85736.0,67.0,13.0,31.0,24.0
Florida,12071,Lee County,250661,139240,392519,111421.0,0.6385958386727776,0.3547344204993898,0.2838614181733877,1816.0,990.6,1367.6,1406.8,944.4,962.2,1065.5,8552.8,21792.0,11887.1821,16409.5085,16880.75552,11331.58166,11547.091519999998,12785.62993,102633.7487,86023.0,67.0,15.0,32.0,22.0
Florida,12073,Leon County,60397,94520,156800,-34123.0,0.3851849489795918,0.6028061224489796,-0.2176211734693877,1498.3,993.1,1343.1,1166.7,838.5,1015.0,877.8,7732.7,17983.6369,11916.38911,16119.2853,14000.163639999999,10060.06004,12179.37654,10532.88597,92791.7968,92213.0,67.0,32.0,63.0,17.0
Florida,12075,Levy County,18245,5994,24377,12251.0,0.7484514091151495,0.2458875169216884,0.502563892193461,982.0,834.8,1458.0,1395.9,611.3,776.8,661.7,6720.8,11784.0,10017.94476,17496.0454,16751.29069,7335.40729,9321.36076,7940.409880000001,80646.4581,62308.0,67.0,60.0,21.0,54.0
Florida,12077,Liberty County,2898,566,3490,2332.0,0.8303724928366762,0.1621776504297994,0.6681948424068769,965.2,803.3,1561.2,1237.0,595.0,917.6,665.5,6744.9,11582.4,9638.25564,18733.618599999998,14845.20445,7139.82886,11014.02766,7985.339290000001,80938.6755,61441.0,67.0,59.0,14.0,55.0
Florida,12079,Madison County,5874,3231,9156,2643.0,0.6415465268676278,0.3528833551769331,0.2886631716906946,975.8,871.5,1496.0,1207.4,621.4,775.2,630.5,6577.3,11709.6,10456.04707,17949.9133,14489.17599,7457.77741,9299.103019999999,7565.7996,78927.4163,63201.0,67.0,64.0,24.0,53.0
Florida,12081,Manatee County,140486,86674,228856,53812.0,0.6138619918201839,0.3787272345929318,0.235134757227252,1868.0,995.4,1359.7,1223.2,963.4,1054.8,1062.1,8526.8,22416.0729,11945.595819999999,16315.385999999999,14679.85391,11561.2082,12659.95656,12744.72907,102322.8015,95295.0,67.0,16.0,54.0,13.0
Florida,12083,Marion County,140173,72436,214101,67737.0,0.654705022395972,0.3383263039406635,0.3163787184553084,1353.2,912.7,1346.6,1209.7,762.2,983.8,798.9,7367.1,16238.4,10952.563259999999,16156.728899999998,14518.02301,9148.57785,11804.38588,9585.98518,88404.6623,69787.0,67.0,42.0,23.0,44.0
Florida,12085,Martin County,64121,33539,98291,30582.0,0.6523588120987679,0.3412214750078847,0.3111373370908831,1764.4,1070.9,1361.6,1261.2,953.7,987.2,1039.7,8438.3,21169.1733,12851.00794,16337.751,15132.98086,11446.313030000001,11846.6752,12476.71847,101260.6198,101878.0,67.0,20.0,66.0,6.0
Florida,12086,Miami-Dade County,605590,480355,1094093,125235.0,0.5535087053842772,0.4390440300778818,0.1144646753063953,2497.1,1034.4,1253.3,1220.7,1188.2,1033.8,1291.4,9518.9,29965.2,12412.905340000001,15040.078100000002,14647.48795,14258.39105,12406.22346,15495.16875,114225.4561,76403.0,67.0,4.0,7.0,37.0
Florida,12087,Monroe County,26064,17933,44327,8131.0,0.5879937735465969,0.4045615539061971,0.1834322196403997,2309.0,1180.6,1507.4,1873.7,1173.9,1101.6,1569.7,10716.1,27708.0,14165.315419999999,18088.5591,22483.62684,14088.55153,13220.840120000003,18837.01355,128591.90560000001,104191.0,67.0,1.0,27.0,2.0
Florida,12089,Nassau County,47945,17143,65621,30802.0,0.730635010133951,0.2612425900245348,0.4693924201094162,1598.7,1019.8,1554.2,1431.0,881.2,966.0,1050.8,8502.0,19188.1565,12237.66443,18651.5291,17172.05112,10573.42357,11591.606000000002,12609.744490000001,102024.1743,101117.0,67.0,14.0,62.0,7.0
Florida,12091,Okaloosa County,80309,32074,113634,48235.0,0.7067339000651214,0.2822570709470757,0.4244768291180457,1689.0,978.5,1429.6,1342.0,897.5,1107.4,1054.8,8498.9,20268.0,11741.14791,17156.6723,16103.966579999998,10769.68762,13287.61196,12659.20442,101986.2935,96567.0,67.0,17.0,56.0,11.0
Florida,12093,Okeechobee County,12315,3671,16058,8644.0,0.7669074604558476,0.2286087931249221,0.5382986673309254,1103.5,861.6,1441.7,1347.7,661.0,976.2,750.2,7141.9,13242.0,10339.21989,17300.483799999998,16172.218840000001,7934.05609,11712.59094,9000.46627,85701.0353,60527.0,67.0,45.0,8.0,57.0
Florida,12095,Orange County,258279,340807,607191,-82528.0,0.4253669767832527,0.5612846698979399,-0.1359176931146872,2033.3,975.9,1364.2,1293.4,1012.7,1053.2,1137.2,8869.9,24400.7467,11711.9409,16371.4864,15521.375089999998,12150.35066,12637.6992,13644.67929,106438.27790000002,89769.0,67.0,9.0,37.0,19.0
Florida,12097,Osceola County,86713,84205,172776,2508.0,0.5018810482937445,0.4873651433069407,0.0145159049868037,2004.4,907.8,1505.5,1261.2,979.8,1035.6,1123.8,8817.9,24051.1236,10894.14988,18064.682200000003,15132.98086,11757.56645,12428.4804,13485.98934,105814.9711,76195.0,67.0,11.0,12.0,38.0
Florida,12099,Palm Beach County,366836,372512,745697,-5676.0,0.4919370736371475,0.499548744329131,-0.0076116706919834,2409.6,1070.9,1354.9,1253.0,1171.1,1264.2,1383.2,9906.6,28915.2,12851.00794,16256.998200000002,15035.88198,14052.514509999999,15170.6254,16597.68218,118879.91129999999,99093.0,67.0,3.0,36.0,8.0
Florida,12101,Pasco County,197779,117450,318463,80329.0,0.6210423188879085,0.3688026552535145,0.252239663634394,1817.1,959.0,1378.3,1288.2,933.9,1037.6,1041.7,8455.7,21804.6562,11507.49323,16540.9115,15456.64257,11208.0913,12450.73776,12499.93563,101468.4656,85474.0,67.0,18.0,34.0,25.0
Florida,12103,Pinellas County,269472,242452,517058,27020.0,0.5211639699994971,0.4689067764157986,0.0522571935836985,2019.5,1017.4,1202.4,1220.7,1021.8,1080.2,1087.9,8650.0,24236.225,12208.457250000001,14428.043599999999,14647.48795,12262.05243,12961.7658,13054.64848,103798.6788,93763.0,67.0,12.0,50.0,15.0
Florida,12105,Polk County,209044,136879,348922,72165.0,0.5991138420621228,0.3922911137732788,0.2068227282888439,1373.4,919.9,1404.3,1328.6,771.6,923.8,840.5,7562.0,16480.8,11040.18372,16849.921,15942.135579999998,9259.615580000002,11084.13924,10086.98836,90743.7824,72682.0,67.0,40.0,25.0,43.0
Florida,12107,Putnam County,26700,9354,36272,17346.0,0.736104984561094,0.2578848698720776,0.4782201146890163,971.4,859.2,1368.4,1345.0,615.9,608.8,583.6,6352.3,11656.8,10310.01301,16419.3964,16139.85238,7390.878119999999,7304.84816,7004.958860000001,76226.74769999999,58449.0,67.0,66.0,19.0,61.0
Florida,12109,St. Johns County,128759,66862,197452,61897.0,0.6521027895387234,0.3386240706602111,0.3134787188785122,2126.2,1092.9,1500.3,1196.3,1083.0,1586.6,1405.2,9990.1,25512.3437,13113.869150000002,18003.7277,14356.19191,12996.042590000001,19038.9014,16861.77063,119882.8449,126912.0,67.0,2.0,67.0,1.0
Florida,12111,St. Lucie County,100293,83517,185131,16776.0,0.5417407133327211,0.4511237988235357,0.0906169145091853,1752.4,937.2,1384.6,1226.0,904.7,989.8,977.9,8172.6,21027.9515,11244.63203,16614.232799999998,14712.220370000001,10858.3222,11878.280040000001,11734.51951,98070.1578,79218.0,67.0,26.0,30.0,33.0
Florida,12113,Santa Rosa County,84314,27035,112424,57279.0,0.7499644204084537,0.2404735643634811,0.5094908560449726,1599.8,975.9,1557.9,1315.1,866.5,1104.0,1047.2,8466.3,19195.1423,11711.9409,18696.043700000002,15780.304769999999,10398.89084,13245.76856,12566.9478,101595.0373,102995.0,67.0,19.0,65.0,4.0
Florida,12115,Sarasota County,163219,112668,277857,50551.0,0.5874208675685695,0.4054891544931385,0.1819317130754309,2068.2,1073.5,1308.7,1201.6,1057.0,1201.8,1199.3,9110.0,24818.3106,12880.214629999999,15701.7372,14420.92423,12683.91627,14422.7358,14391.20993,109319.04920000001,97927.0,67.0,8.0,49.0,9.0
Florida,12117,Seminole County,129735,120717,253720,9018.0,0.5113313889326817,0.4757882705344474,0.0355431183982342,2047.1,1007.6,1360.1,1333.9,1027.6,1256.0,1231.8,9264.1,24560.9898,12091.63006,16321.9915,16006.8682,12332.014220000001,15072.6482,14782.1003,111168.2442,101999.0,67.0,5.0,51.0,5.0
Florida,12119,Sumter County,72134,32551,105217,39583.0,0.685573624034139,0.3093701588146402,0.3762034652194988,1318.4,995.4,1387.5,1236.7,778.4,1180.6,898.1,7795.6,15820.8,11945.595819999999,16648.5751,14841.68492,9342.18604,14169.002199999999,10778.19057,93546.0331,88255.0,67.0,29.0,52.0,21.0
Florida,12121,Suwannee County,17561,4217,21891,13344.0,0.802201818098762,0.19263624320497,0.6095655748937919,951.7,868.9,1511.2,1420.5,612.5,863.0,704.4,6932.1,11420.4,10426.840419999999,18134.689000000002,17046.10554,7350.6472699999995,10355.49652,8451.36973,83185.5497,64035.0,67.0,52.0,16.0,51.0
Florida,12123,Taylor County,7954,1991,9997,5963.0,0.7956386916074822,0.1991597479243773,0.596478943683105,1013.2,805.6,1487.2,1479.8,612.0,931.4,736.8,7066.4,12158.4,9667.46257,17849.3149,17758.162239999998,7343.45463,11179.21326,8840.016099999999,84796.0236,54873.0,67.0,49.0,3.0,64.0
Florida,12125,Union County,5224,971,6231,4253.0,0.8383887016530251,0.1558337345530412,0.6825549670999839,953.7,822.7,1414.3,1795.4,597.5,727.2,727.5,7038.3,11444.4,9871.91054,16970.201,21545.00754,7172.012570000001,8726.21002,8729.50473,84459.2478,74864.0,67.0,48.0,44.0,40.0
Florida,12127,Volusia County,187691,120132,310495,67559.0,0.6044896053076539,0.3869047810753796,0.2175848242322743,1522.2,956.5,1322.3,1285.5,834.0,979.8,894.7,7794.8,18266.4,11478.28657,15867.8071,15424.27641,10007.79478,11756.30972,10735.8313,93536.7061,79459.0,67.0,31.0,35.0,31.0
Florida,12129,Wakulla County,14246,5441,19856,8805.0,0.7174657534246576,0.2740229653505238,0.4434427880741338,1266.6,837.2,1647.5,1209.7,708.0,835.6,776.6,7281.4,15199.2,10047.15166,19769.0125,14518.02301,8494.300449999999,10029.4545,9320.96492,87378.1063,85783.0,67.0,44.0,60.0,23.0
Florida,12131,Walton County,38970,10287,49601,28683.0,0.7856696437571823,0.2073950121973347,0.5782746315598476,1316.1,1066.0,1541.6,1312.5,801.4,1140.6,977.9,8155.5,15793.2,12792.59378,18498.6385,15747.938209999998,9617.87801,13683.7934,11734.00171,97868.0431,95772.0,67.0,24.0,59.0,12.0
Florida,12133,Washington County,10370,2140,12584,8230.0,0.8240623013350286,0.1700572155117609,0.6540050858232676,978.8,771.5,1534.7,1533.7,588.9,742.8,683.9,6834.7,11745.6,9258.56683,18415.8593,18405.48624,7066.98965,8916.59018,8205.26934,82014.3613,64620.0,67.0,58.0,22.0,50.0
Georgia,13001,Appling County,6761,1560,8334,5201.0,0.8112550995920327,0.1871850251979841,0.6240700743940485,984.2,817.8,1534.2,1307.2,606.1,532.6,845.6,6627.6,11810.4,9813.49677,18408.9815,15686.72563,7275.50199,6390.34006,10148.01257,79533.4576,53535.0,159.0,74.0,9.0,148.0
Georgia,13003,Atkinson County,2350,700,3057,1650.0,0.7687275106313379,0.2289826627412496,0.5397448478900884,968.1,788.7,1598.5,991.6,591.0,532.6,742.0,6212.4,11617.2,9463.01467,19182.8036,11899.8802,7092.57638,6390.34006,8903.53417,74549.34969999999,44737.0,159.0,137.0,2.0,158.0
Georgia,13005,Bacon County,4186,645,4839,3541.0,0.8650547633808638,0.1332920024798512,0.7317627609010127,974.5,788.7,1522.3,1051.0,593.0,532.6,742.4,6204.3,11694.0,9463.01467,18267.404499999997,12611.936619999999,7118.41641,6390.34006,8907.25007,74452.3627,59143.0,159.0,139.0,36.0,131.0
Georgia,13007,Baker County,883,590,1476,293.0,0.5982384823848238,0.3997289972899729,0.1985094850948509,991.8,778.8,1523.2,1064.5,595.7,532.6,750.7,6237.4,11901.6,9346.187390000001,18279.552600000003,12773.76767,7148.95746,6390.34006,9008.25491,74848.6602,50682.0,159.0,136.0,10.0,156.0
Georgia,13009,Baldwin County,9574,9159,18825,415.0,0.5085790172642762,0.4865338645418327,0.0220451527224435,991.6,861.6,1381.6,1072.6,623.5,645.0,776.3,6352.3,11899.2,10339.21989,16579.1083,12870.8662,7482.2622,7741.98196,9315.24283,76227.8818,73995.0,159.0,93.0,110.0,65.0
Georgia,13011,Banks County,9358,1136,10519,8222.0,0.8896282916627056,0.1079950565643122,0.7816332350983934,935.1,983.2,1542.9,1007.5,645.5,532.6,797.3,6444.7,11221.2,11799.56172,18515.3487,12094.07759,7745.48639,6390.34006,9569.66298,77335.6772,83913.0,159.0,80.0,144.0,40.0
Georgia,13013,Barrow County,30730,12949,43934,17781.0,0.6994582783265808,0.2947375608867847,0.4047207174397961,1491.0,961.3,1677.8,1277.0,824.9,736.6,1253.3,8222.5,17890.350400000003,11536.700200000001,20135.420000000002,15327.178020000001,9900.924009999999,8838.644,15040.56292,98669.7773,86369.0,159.0,17.0,75.0,31.0
Georgia,13015,Bartow County,43271,13942,57547,29329.0,0.7519245138756148,0.2422715345717413,0.5096529793038734,1497.2,885.9,1590.3,1191.0,801.8,736.6,1157.0,7859.8,17965.0798,10631.288219999999,19084.6173,14291.45949,9621.4354,8838.644,13883.574410000001,94316.0999,92489.0,159.0,22.0,120.0,24.0
Georgia,13017,Ben Hill County,4281,2199,6501,2082.0,0.6585140747577296,0.3382556529764651,0.3202584217812644,971.8,864.2,1422.8,1010.5,617.6,532.6,726.6,6146.0,11661.6,10368.42663,17072.6498,12126.44382,7412.14695,6390.34006,8720.54999,73752.1569,47699.0,159.0,146.0,4.0,157.0
Georgia,13019,Berrien County,6841,1209,8068,5632.0,0.8479176995537928,0.1498512642538423,0.6980664352999505,987.1,864.2,1520.1,1010.5,622.9,532.6,767.1,6303.9,11845.2,10368.42663,18240.966200000003,12126.44382,7473.92034,6390.34006,9203.7615,75649.0585,64401.0,159.0,125.0,65.0,107.0
Georgia,13021,Bibb County,26658,42172,69181,-15514.0,0.3853370144982003,0.6095893381130657,-0.2242523236148653,1228.6,878.6,1289.5,1096.5,709.1,736.6,896.4,6835.4,14742.593700000001,10543.667669999999,15475.502799999998,13158.64257,8507.72854,8838.644,10757.42981,82024.2087,67657.0,159.0,53.0,49.0,94.0
Georgia,13023,Bleckley County,4685,1339,6044,3346.0,0.7751489080079418,0.221542025148908,0.5536068828590338,982.7,786.3,1524.8,1072.6,595.0,532.6,752.3,6246.0,11792.4,9433.80801,18295.5998,12870.8662,7141.696860000001,6390.34006,9028.07745,74952.7877,70000.0,159.0,132.0,103.0,81.0
Georgia,13025,Brantley County,7744,736,8500,7008.0,0.9110588235294118,0.0865882352941176,0.8244705882352942,878.9,795.9,1592.9,1075.0,563.4,585.4,750.2,6241.2,10546.13335,9550.6354,19113.456299999998,12899.71313,6761.68965,7023.516159999999,9000.02606,74895.17050000001,69752.0,159.0,122.0,98.0,83.0
Georgia,13027,Brooks County,4560,2629,7210,1931.0,0.6324549237170597,0.364632454923717,0.2678224687933426,872.4,905.5,1528.5,1034.5,598.0,585.4,762.6,6286.6,10465.286409999999,10864.94279,18342.7101,12414.22027,7176.6953699999995,7023.516159999999,9151.58631,75438.95670000001,68181.0,159.0,105.0,86.0,90.0
Georgia,13029,Bryan County,16738,7779,24651,8959.0,0.6789988235771368,0.3155652914689059,0.3634335321082309,1863.5,988.3,1604.3,1290.5,959.4,736.6,1435.0,8877.3,22359.4692,11857.97515,19251.230499999998,15489.008730000001,11512.68367,8838.644,17220.7266,106529.73760000002,107896.0,159.0,13.0,134.0,9.0
Georgia,13031,Bulloch County,20985,11514,32657,9471.0,0.6425881128088924,0.3525737207949291,0.2900143920139633,1152.1,837.2,1371.4,1266.7,669.4,645.0,899.3,6841.2,13825.2,10047.15166,16457.321,15201.23252,8032.00917,7741.98196,10789.86865,82094.76550000001,77052.0,159.0,54.0,102.0,52.0
Georgia,13033,Burke County,6027,4994,11070,1033.0,0.5444444444444444,0.4511291779584462,0.0933152664859981,842.2,749.8,1587.0,1228.6,535.7,585.4,763.3,6291.8,10108.855720000001,8995.70527,19042.3261,14744.586430000001,6427.85488,7023.516159999999,9158.82535,75501.669,57594.0,159.0,95.0,21.0,138.0
Georgia,13035,Butts County,9424,3544,13019,5880.0,0.7238651202089255,0.2722175282279745,0.4516475919809509,1342.2,878.6,1479.8,1191.0,747.2,736.6,1049.5,7425.0,16106.4,10543.667669999999,17758.363,14291.45949,8966.589929999998,8838.644,12594.47723,89099.6014,73793.0,159.0,30.0,58.0,68.0
Georgia,13037,Calhoun County,900,1153,2056,-253.0,0.4377431906614786,0.5607976653696498,-0.1230544747081712,967.0,861.6,1531.9,1064.5,615.2,532.6,777.3,6350.0,11604.0,10339.21989,18382.476199999997,12773.76767,7382.94028,6390.34006,9328.125810000001,76200.8689,65921.0,159.0,100.0,68.0,101.0
Georgia,13039,Camden County,17819,8405,26393,9414.0,0.6751411359072481,0.318455651119615,0.356685484787633,1195.6,932.1,1515.6,1051.0,715.9,862.6,1017.1,7290.0,14347.2,11186.21814,18185.5323,12611.936619999999,8590.886009999998,10351.42864,12206.74719,87479.9501,80200.0,159.0,37.0,94.0,49.0
Georgia,13043,Candler County,3366,1196,4568,2170.0,0.7368651488616462,0.2618213660245184,0.4750437828371278,991.8,837.2,1445.7,1266.7,615.5,532.6,816.3,6505.7,11901.6,10047.15166,17347.3359,15201.23252,7384.80148,6390.34006,9796.02837,78068.48909999999,69191.0,159.0,82.0,81.0,85.0
Georgia,13045,Carroll County,42536,17634,60494,24902.0,0.7031441134657983,0.291499983469435,0.4116441299963633,1399.9,864.2,1601.4,1382.4,761.8,585.4,1116.1,7711.1,16799.2932,10368.42663,19216.522699999998,16589.45949,9140.75739,7023.516159999999,13394.1879,92532.1636,85249.0,159.0,23.0,96.0,34.0
Georgia,13047,Catoosa County,27150,7704,35038,19446.0,0.7748729950339631,0.2198755636737256,0.5549974313602375,1168.9,895.7,1528.7,1209.7,694.7,736.6,998.2,7232.6,14029.491899999999,10748.11575,18343.2899,14518.02301,8336.58851,8838.644,11975.5452,86789.6982,84256.0,159.0,35.0,113.0,38.0
Georgia,13049,Charlton County,3607,1007,4628,2600.0,0.7793863439930856,0.2175885911840968,0.5617977528089888,986.6,942.1,1544.4,1051.0,649.0,532.6,819.6,6524.9,11839.2,11303.045329999999,18533.5282,12611.936619999999,7786.360279999999,6390.34006,9835.45025,78299.8615,55139.0,159.0,83.0,17.0,147.0
Georgia,13051,Chatham County,57336,82758,141109,-25422.0,0.4063241891020417,0.5864827899000064,-0.1801586007979646,1625.8,946.8,1386.0,1290.5,865.5,559.6,1149.6,7823.9,19508.0721,11361.45907,16632.283600000002,15489.008730000001,10386.256239999999,6712.803899999999,13796.858000000002,93886.7446,85265.0,159.0,27.0,99.0,33.0
Georgia,13053,Chattahoochee County,982,703,1694,279.0,0.5796930342384888,0.4149940968122786,0.1646989374262102,1346.5,924.8,1377.6,1185.6,764.0,585.4,982.1,7165.9,16155.069399999998,11098.59742,16530.527299999998,14226.727069999999,9169.67518,7023.516159999999,11784.9974,85989.1102,58294.0,159.0,44.0,11.0,135.0
Georgia,13055,Chattooga County,8769,1896,10706,6873.0,0.8190734167756398,0.1770969549785167,0.6419764617971231,981.5,756.9,1430.4,975.5,584.8,532.6,680.1,5941.8,11778.0,9083.326,17163.4944,11705.68341,7018.929859999999,6390.34006,8160.9632599999995,71300.7372,56615.0,159.0,159.0,37.0,142.0
Georgia,13057,Cherokee County,112142,48838,162281,63304.0,0.6910359191772296,0.3009471225836666,0.390088796593563,2121.2,956.5,1615.8,1191.0,1035.5,976.4,1600.3,9496.7,25453.0209,11478.28657,19390.004399999998,14291.45949,12425.780869999999,11718.0276,19203.4806,113960.0583,118861.0,159.0,3.0,140.0,6.0
Georgia,13059,Clarke County,16049,36297,52887,-20248.0,0.3034583167886248,0.6863123262805605,-0.3828540094919357,1320.5,959.0,1255.8,1277.0,766.7,736.6,1030.0,7345.7,15842.3565,11507.49323,15071.429499999998,15327.178020000001,9202.03627,8838.644,12359.12852,88148.2664,80356.0,159.0,34.0,93.0,48.0
Georgia,13061,Clay County,663,771,1442,-108.0,0.4597780859916782,0.5346740638002774,-0.0748959778085991,991.8,830.0,1509.4,1064.5,612.8,532.6,768.4,6309.7,11901.6,9959.53083,18113.5182,12773.76767,7355.32091,6390.34006,9223.081329999999,75717.16010000001,76042.0,159.0,120.0,128.0,54.0
Georgia,13063,Clayton County,16877,94203,111729,-77326.0,0.1510529942987049,0.8431383078699353,-0.6920853135712304,1627.7,847.0,1446.8,1191.0,832.7,976.4,1238.3,8160.0,19534.409399999997,10163.978650000001,17360.7601,14291.45949,9992.21744,11718.0276,14858.999660000001,97919.8517,65181.0,159.0,18.0,7.0,104.0
Georgia,13065,Clinch County,2201,702,2908,1499.0,0.7568775790921596,0.2414030261348005,0.515474552957359,991.8,795.9,1514.6,1010.5,601.5,532.6,737.6,6184.5,11901.6,9550.6354,18175.2858,12126.44382,7217.74518,6390.34006,8851.91743,74213.9671,71476.0,159.0,147.0,114.0,77.0
Georgia,13067,Cobb County,168679,228404,401369,-59725.0,0.4202591630145826,0.5690623839907916,-0.1488032209762089,2042.6,1012.5,1441.0,1191.0,1028.0,976.4,1525.8,9217.3,24511.4234,12150.04392,17292.1529,14291.45949,12334.9909,11718.0276,18309.9905,110608.0898,119399.0,159.0,6.0,148.0,5.0
Georgia,13069,Coffee County,11388,4295,15715,7093.0,0.7246579700922685,0.2733057588291441,0.4513522112631243,918.3,788.7,1472.5,991.6,574.3,532.6,681.2,5959.0,11019.6,9463.01467,17670.2591,11899.8802,6891.5102400000005,6390.34006,8174.14215,71508.747,60314.0,159.0,156.0,59.0,128.0
Georgia,13071,Colquitt County,12451,4114,16611,8337.0,0.7495635422310517,0.2476672084763108,0.5018963337547409,932.7,868.9,1479.3,1010.5,606.2,532.6,729.6,6159.7,11192.4,10426.840419999999,17750.906,12126.44382,7273.935189999999,6390.34006,8754.47218,73915.338,61639.0,159.0,133.0,56.0,124.0
Georgia,13073,Columbia County,53657,31624,85920,22033.0,0.6244995344506518,0.3680633147113594,0.2564362197392923,1468.6,900.5,1604.1,1228.6,797.0,736.6,1173.0,7908.6,17620.941199999997,10806.5291,19249.032199999998,14744.586430000001,9564.608690000001,8838.644,14076.962650000001,94901.3034,110499.0,159.0,21.0,154.0,7.0
Georgia,13075,Cook County,5374,1956,7357,3418.0,0.7304607856463232,0.265869240179421,0.4645915454669022,959.0,868.9,1505.0,1010.5,615.0,532.6,749.9,6240.9,11508.0,10426.840419999999,18059.818099999997,12126.44382,7380.120919999999,6390.34006,8997.88064,74889.4463,57935.0,159.0,129.0,30.0,136.0
Georgia,13077,Coweta County,57204,28111,85916,29093.0,0.6658131197914242,0.3271916755901112,0.3386214442013129,1739.9,942.1,1621.1,1385.0,902.3,736.6,1386.1,8713.2,20879.548499999997,11303.045329999999,19453.5909,16621.825950000002,10828.04478,8838.644,16633.4799,104558.1793,108944.0,159.0,12.0,137.0,8.0
Georgia,13079,Crawford County,4742,1582,6340,3160.0,0.7479495268138802,0.2495268138801261,0.4984227129337539,899.3,1168.1,1550.6,1096.5,695.6,585.4,916.0,6911.5,10791.11839,14019.28081,18606.7875,13158.64257,8347.621739999999,7023.516159999999,10991.89746,82938.8641,74128.0,159.0,48.0,78.0,63.0
Georgia,13081,Crisp County,5099,2993,8116,2106.0,0.628265155248891,0.3687777230162641,0.2594874322326269,962.7,798.2,1401.9,1064.5,592.4,532.6,703.8,6056.4,11552.4,9579.84207,16823.1067,12773.76767,7110.08134,6390.34006,8446.22799,72675.7652,60633.0,159.0,148.0,53.0,126.0
Georgia,13083,Dade County,6804,1343,8200,5461.0,0.8297560975609756,0.163780487804878,0.6659756097560975,1034.3,825.1,1550.8,1209.7,625.6,585.4,859.7,6690.5,12410.13792,9901.11721,18608.9345,14518.02301,7506.7683099999995,7023.516159999999,10317.588889999999,80286.08499999999,74767.0,159.0,61.0,97.0,61.0
Georgia,13085,Dawson County,16115,3350,19561,12765.0,0.8238331373651654,0.1712591380808752,0.6525739992842902,1775.0,951.6,1697.8,1031.9,917.3,736.6,1305.4,8415.5,21298.0357,11419.87276,20374.1974,12381.853959999999,11008.155040000001,8838.644,15665.7744,100986.53510000001,103003.0,159.0,15.0,133.0,12.0
Georgia,13087,Decatur County,7140,4372,11549,2768.0,0.6182353450515196,0.3785609143648801,0.2396744306866394,960.4,810.5,1461.4,1010.5,595.9,532.6,710.6,6081.7,11524.8,9725.87637,17536.4527,12126.44382,7149.92935,6390.34006,8526.38217,72980.2246,63281.0,159.0,150.0,69.0,112.0
Georgia,13089,DeKalb County,62622,299630,366008,-237008.0,0.1710946208826036,0.818643308342987,-0.6475486874603834,1981.6,988.3,1330.5,1191.0,999.2,976.4,1441.7,8908.7,23779.0702,11857.97515,15967.194599999999,14291.45949,11990.31782,11718.0276,17300.6513,106904.6963,101059.0,159.0,9.0,107.0,16.0
Georgia,13091,Dodge County,6249,2081,8350,4168.0,0.7483832335329341,0.2492215568862275,0.4991616766467066,916.3,786.3,1476.4,1072.6,572.7,532.6,705.6,6062.5,10995.6,9433.80801,17717.073,12870.8662,6873.608319999999,6390.34006,8467.46738,72748.7629,59725.0,159.0,144.0,43.0,130.0
Georgia,13093,Dooly County,2243,1921,4177,322.0,0.5369882690926502,0.4598994493655733,0.0770888197270768,925.5,798.2,1533.8,1072.6,579.9,532.6,732.4,6175.1,11106.0,9579.84207,18405.3971,12870.8662,6959.88726,6390.34006,8787.01397,74099.3453,67696.0,159.0,127.0,89.0,92.0
Georgia,13095,Dougherty County,9904,23831,33850,-13927.0,0.2925849335302806,0.7040177252584934,-0.4114327917282127,1082.9,861.6,1254.5,1088.4,654.1,736.6,813.6,6491.9,12992.9412,10339.21989,15056.6639,13061.54389,7850.25867,8838.644,9762.814439999998,77902.0877,55548.0,159.0,79.0,18.0,144.0
Georgia,13097,Douglas County,23996,46240,70721,-22244.0,0.3393051568840938,0.6538369084147566,-0.3145317515306627,1802.3,898.1,1545.0,1191.0,908.5,976.4,1386.2,8707.7,21626.8479,10777.322339999999,18539.648,14291.45949,10902.59553,11718.0276,16636.3117,104492.2145,89242.0,159.0,11.0,67.0,27.0
Georgia,13099,Early County,2718,2158,4879,560.0,0.5570813691330191,0.4423037507686001,0.1147776183644189,965.1,917.5,1510.2,1010.5,633.3,532.6,774.1,6343.3,11581.2,11010.97696,18123.0657,12126.44382,7601.28623,6390.34006,9287.81076,76121.1243,60495.0,159.0,101.0,33.0,127.0
Georgia,13101,Echols County,1307,127,1438,1180.0,0.9089012517385258,0.0883171070931849,0.8205841446453408,965.9,905.5,1550.0,1034.5,629.6,585.4,809.9,6480.9,11592.53107,10864.94279,18599.581700000002,12414.22027,7555.96437,7023.516159999999,9718.76588,77769.5223,69766.0,159.0,81.0,84.0,82.0
Georgia,13103,Effingham County,26943,9144,36244,17799.0,0.7433782143251296,0.2522900342125593,0.4910881801125703,1312.6,849.4,1678.9,1290.5,727.5,736.6,1124.1,7720.2,15753.262400000001,10193.185529999999,20147.0105,15489.008730000001,8729.85251,8838.644,13489.78677,92640.75080000001,97943.0,159.0,25.0,143.0,18.0
Georgia,13105,Elbert County,6860,2700,9589,4160.0,0.7154030660131401,0.2815726353112942,0.4338304307018459,941.7,778.8,1504.8,1253.2,578.7,532.6,780.3,6370.2,11300.4,9346.187390000001,18057.0729,15039.40152,6946.679889999999,6390.34006,9362.755990000001,76442.8372,67236.0,159.0,85.0,70.0,96.0
Georgia,13107,Emanuel County,6919,2673,9619,4246.0,0.7193055411165402,0.2778875142946252,0.441418026821915,936.6,749.8,1470.5,1204.7,567.4,532.6,737.3,6198.6,11239.2,8995.70527,17645.6581,14456.809830000002,6808.1667,6390.34006,8846.79464,74382.6744,57762.0,159.0,121.0,27.0,137.0
Georgia,13109,Evans County,3011,1214,4244,1797.0,0.7094721960414703,0.2860508953817153,0.4234213006597549,933.4,817.8,1447.7,1266.7,589.1,532.6,778.7,6366.0,11200.8,9813.49677,17371.4308,15201.23252,7070.39791,6390.34006,9345.24075,76392.9389,62261.0,159.0,90.0,41.0,118.0
Georgia,13111,Fannin County,13232,2807,16096,10425.0,0.8220675944333996,0.1743911530815109,0.6476764413518887,994.6,837.2,1504.4,1185.8,616.5,532.6,810.3,6481.4,11935.2,10047.15166,18054.677499999998,14230.246309999999,7396.10641,6390.34006,9723.64171,77777.364,65360.0,159.0,91.0,61.0,103.0
Georgia,13113,Fayette County,38177,35822,74633,2355.0,0.5115297522543647,0.4799753460265566,0.031554406227808,2225.8,988.3,1594.4,1385.0,1081.3,976.4,1731.8,9983.4,26708.4847,11857.97515,19132.7665,16621.825950000002,12975.938279999998,11718.0276,20784.144500000002,119799.1634,124983.0,159.0,2.0,139.0,3.0
Georgia,13115,Floyd County,31631,12862,44738,18769.0,0.7070275828155036,0.2874960883365371,0.4195314944789664,1162.8,849.4,1422.7,999.4,677.0,736.6,869.1,6717.1,13953.6,10193.185529999999,17071.7186,11993.4596,8124.34425,8838.644,10429.38464,80604.3353,75375.0,159.0,56.0,95.0,58.0
Georgia,13117,Forsyth County,91281,45509,138249,45772.0,0.660265173708309,0.3291814045671216,0.3310837691411873,2412.7,1010.1,1667.4,1191.0,1151.7,976.4,1790.9,10200.1,28950.3826,12120.83694,20008.5688,14291.45949,13818.68131,11718.0276,21492.6373,122400.59270000001,153330.0,159.0,1.0,157.0,1.0
Georgia,13119,Franklin County,10459,1647,12140,8812.0,0.8615321252059308,0.135667215815486,0.7258649093904448,944.3,885.9,1453.3,1007.5,615.8,532.6,733.7,6173.2,11331.6,10631.288219999999,17440.1697,12094.07759,7389.55782,6390.34006,8804.26813,74081.30159999999,66697.0,159.0,134.0,82.0,99.0
Georgia,13121,Fulton County,144655,384752,535238,-240097.0,0.2702629484453644,0.7188428325343118,-0.4485798840889473,2036.3,1112.5,1298.2,1191.0,1059.2,976.4,1519.9,9193.5,24436.6941,13347.523869999999,15577.545399999999,14291.45949,12712.74784,11718.0276,18237.9666,110321.9653,123181.0,159.0,7.0,150.0,4.0
Georgia,13123,Gilmer County,14976,3413,18481,11563.0,0.8103457605107949,0.1846761538877766,0.6256696066230183,1004.2,807.9,1535.6,1051.0,609.6,532.6,767.4,6308.4,12050.4,9696.66936,18427.764900000002,12611.936619999999,7316.94415,6390.34006,9208.43706,75702.492,81685.0,159.0,113.0,146.0,45.0
Georgia,13125,Glascock County,1534,133,1670,1401.0,0.918562874251497,0.0796407185628742,0.8389221556886227,978.2,749.8,1637.4,1204.7,581.4,532.6,810.2,6494.0,11738.4,8995.70527,19648.4436,14456.809830000002,6976.12578,6390.34006,9721.438250000001,77927.2629,75845.0,159.0,89.0,118.0,56.0
Georgia,13127,Glynn County,27558,16144,43912,11414.0,0.627573328475132,0.3676443796684278,0.2599289488067042,1304.9,961.3,1388.2,1075.0,762.4,736.6,997.3,7225.9,15656.7239,11536.700200000001,16659.865899999997,12899.71313,9149.406200000001,8838.644,11968.80269,86709.8567,82831.0,159.0,42.0,112.0,41.0
Georgia,13129,Gordon County,22495,4982,27606,17513.0,0.8148590886039266,0.1804680141998116,0.634391074404115,1020.3,837.2,1477.1,975.5,625.1,645.0,781.8,6362.1,12243.6,10047.15166,17723.7924,11705.68341,7499.869529999999,7741.98196,9382.21434,76344.2936,75902.0,159.0,108.0,124.0,55.0
Georgia,13131,Grady County,7385,3290,10718,4095.0,0.6890278036947192,0.3069602537786901,0.3820675499160291,984.7,764.3,1521.9,1010.5,588.4,532.6,722.1,6124.4,11816.4,9170.9465,18263.980300000003,12126.44382,7061.330400000001,6390.34006,8664.30855,73493.7503,65887.0,159.0,149.0,87.0,102.0
Georgia,13133,Greene County,8215,4514,12786,3701.0,0.6424996089472861,0.3530423901141873,0.2894572188330987,971.1,759.3,1532.1,1253.2,582.2,532.6,794.8,6425.8,11653.2,9112.53284,18387.821600000003,15039.40152,6986.7669399999995,6390.34006,9538.06452,77108.1265,101615.0,159.0,84.0,158.0,15.0
Georgia,13135,Gwinnett County,173041,242507,420681,-69466.0,0.4113354299338453,0.5764629255896986,-0.1651274956558532,2133.6,898.1,1542.2,1191.0,1020.1,976.4,1550.5,9312.1,25602.480600000003,10777.322339999999,18508.4856,14291.45949,12240.22382,11718.0276,18606.3919,111744.39129999999,97369.0,159.0,4.0,77.0,19.0
Georgia,13137,Habersham County,19142,4036,23280,15106.0,0.8222508591065292,0.1733676975945017,0.6488831615120274,1038.5,781.4,1543.5,1007.5,612.2,532.6,759.1,6275.0,12462.0,9375.39417,18523.8704,12094.07759,7347.3345,6390.34006,9107.324489999999,75300.3413,78671.0,159.0,131.0,141.0,50.0
Georgia,13139,Hall County,72991,28347,101973,44644.0,0.7157875123807282,0.2779853490629873,0.4378021633177409,1469.9,910.3,1562.1,1031.9,800.8,976.4,1177.9,7929.4,17638.8,10923.35663,18745.0923,12381.853959999999,9609.92484,11718.0276,14135.719219999999,95152.7748,90997.0,159.0,20.0,108.0,25.0
Georgia,13141,Hancock County,1364,2864,4240,-1500.0,0.3216981132075471,0.6754716981132075,-0.3537735849056603,949.8,871.5,1472.3,1072.6,612.6,532.6,757.4,6268.6,11397.6,10456.04707,17667.2465,12870.8662,7352.802890000001,6390.34006,9088.76265,75223.6658,52730.0,159.0,109.0,13.0,151.0
Georgia,13143,Haralson County,14239,2065,16364,12174.0,0.8701417746272305,0.1261916401857736,0.7439501344414569,1196.5,778.8,1482.0,1301.6,664.9,585.4,924.0,6933.0,14358.0,9346.187390000001,17783.9899,15618.47347,7975.42937,7023.516159999999,11090.4787,83196.0759,81777.0,159.0,55.0,123.0,44.0
Georgia,13145,Harris County,16283,5976,22353,10307.0,0.7284480830313604,0.2673466648771977,0.4611014181541627,1025.6,898.1,1692.5,1185.6,647.3,736.6,983.5,7169.3,12309.24738,10777.322339999999,20311.4456,14226.727069999999,7767.62782,8838.644,11801.58361,86032.5983,104333.0,159.0,38.0,155.0,10.0
Georgia,13147,Hart County,11064,3210,14331,7854.0,0.7720326564789617,0.2239899518526271,0.5480427046263345,1028.3,771.5,1467.0,1007.5,605.7,645.0,760.8,6286.0,12339.6,9258.56683,17604.2111,12094.07759,7266.84501,7741.98196,9127.57742,75432.86069999999,74403.0,159.0,97.0,115.0,62.0
Georgia,13149,Heard County,5335,859,6210,4476.0,0.8590982286634461,0.1383252818035426,0.7207729468599035,1064.8,754.3,1667.2,1045.4,612.2,585.4,823.5,6553.0,12778.8217,9054.11901,20006.990400000002,12543.68512,7345.836139999999,7023.516159999999,9881.44707,78634.414,75685.0,159.0,76.0,109.0,57.0
Georgia,13151,Henry County,44982,83253,129034,-38271.0,0.3486057938217834,0.645202039772463,-0.2965962459506796,1915.5,903.1,1607.6,1279.9,948.5,976.4,1502.5,9133.5,22986.9332,10835.73602,19291.870199999998,15359.54369,11379.85875,11718.0276,18028.2123,109600.18089999999,90093.0,159.0,8.0,55.0,26.0
Georgia,13153,Houston County,45090,35907,81514,9183.0,0.5531565129916334,0.4405010182299973,0.112655494761636,1343.8,871.5,1528.1,1096.5,745.4,736.6,1029.2,7350.8,16125.6,10456.04707,18335.543299999998,13158.64257,8943.56962,8838.644,12350.35673,88208.40239999999,92678.0,159.0,36.0,142.0,23.0
Georgia,13155,Irwin County,3340,986,4342,2354.0,0.7692307692307693,0.2270842929525564,0.5421464762782129,921.0,864.2,1519.7,1010.5,600.5,532.6,734.1,6182.6,11052.0,10368.42663,18235.312299999998,12126.44382,7207.042960000001,6390.34006,8809.19199,74188.7576,71866.0,159.0,126.0,111.0,74.0
Georgia,13157,Jackson County,36497,10472,47243,26025.0,0.7725377304574222,0.2216624685138539,0.5508752619435684,1108.5,973.5,1621.2,1253.2,700.6,645.0,1023.7,7326.2,13302.0,11682.734339999999,19456.2489,15039.40152,8406.27775,7741.98196,12285.056840000001,87913.7009,95013.0,159.0,33.0,145.0,22.0
Georgia,13159,Jasper County,7203,1881,9118,5322.0,0.7899758719017328,0.2062952401842509,0.5836806317174819,1224.4,878.6,1715.9,1387.9,707.5,585.4,1082.9,7582.5,14691.9085,10543.667669999999,20591.6359,16654.19181,8490.67509,7023.516159999999,12994.999950000001,90990.5932,72813.0,159.0,28.0,35.0,72.0
Georgia,13161,Jeff Davis County,4935,924,5872,4011.0,0.8404291553133515,0.1573569482288828,0.6830722070844687,921.0,788.7,1507.7,991.6,575.2,532.6,693.1,6009.7,11052.0,9463.01467,18093.0451,11899.8802,6902.411440000001,6390.34006,8316.441159999998,72117.1333,51290.0,159.0,152.0,15.0,155.0
Georgia,13163,Jefferson County,3765,3674,7463,91.0,0.5044888114699183,0.4922953235964089,0.0121934878735093,921.1,756.9,1491.8,1204.7,564.5,532.6,741.5,6212.9,11053.2,9083.326,17899.2252,14456.809830000002,6775.06621,6390.34006,8898.174490000001,74556.1418,58434.0,159.0,111.0,29.0,133.0
Georgia,13165,Jenkins County,2217,1179,3409,1038.0,0.6503373423291288,0.3458492226459372,0.3044881196831915,991.8,756.9,1517.3,1204.7,588.5,532.6,784.0,6375.5,11901.6,9083.326,18206.9618,14456.809830000002,7060.516030000001,6390.34006,9408.443580000001,76507.99720000001,52146.0,159.0,103.0,12.0,153.0
Georgia,13167,Johnson County,2913,1066,3984,1847.0,0.7311746987951807,0.267570281124498,0.4636044176706827,1007.4,844.6,1530.0,1161.6,623.2,532.6,817.6,6516.8,12088.8,10134.77191,18359.7336,13938.95086,7477.266560000001,6390.34006,9811.91647,78201.7805,61849.0,159.0,92.0,39.0,122.0
Georgia,13169,Jones County,11079,4959,16092,6120.0,0.6884787472035794,0.308165548098434,0.3803131991051454,1098.2,830.0,1527.8,1096.5,648.9,736.6,895.0,6832.5,13176.372700000002,9959.53083,18331.8809,13158.64257,7784.226390000001,8838.644,10739.5325,81988.8294,84587.0,159.0,52.0,131.0,37.0
Georgia,13171,Lamar County,7575,2795,10412,4780.0,0.7275259316173646,0.2684402612370342,0.4590856703803304,1171.3,756.9,1496.1,1191.0,648.8,736.6,922.3,6923.0,14055.6,9083.326,17953.8322,14291.45949,7785.243240000001,8838.644,11067.407459999999,83075.51239999999,81813.0,159.0,51.0,121.0,43.0
Georgia,13173,Lanier County,2726,995,3736,1731.0,0.7296573875802997,0.2663276231263383,0.4633297644539614,1018.4,905.5,1512.2,1034.5,647.1,585.4,820.9,6523.8,12218.778,10864.94279,18146.892499999998,12414.22027,7766.669469999999,7023.516159999999,9851.243910000001,78286.26269999999,56842.0,159.0,78.0,19.0,140.0
Georgia,13175,Laurens County,15460,7820,23352,7640.0,0.6620417951353204,0.3348749571771154,0.3271668379582049,959.0,844.6,1421.8,1153.5,606.9,532.6,760.8,6279.0,11508.0,10134.77191,17063.2166,13841.852480000001,7281.852650000001,6390.34006,9127.63757,75347.6717,64909.0,159.0,112.0,66.0,106.0
Georgia,13177,Lee County,12655,4957,17683,7698.0,0.7156591076174857,0.2803257365831589,0.4353333710343268,1372.4,907.8,1532.4,1088.4,767.2,736.6,1056.1,7460.9,16467.2971,10894.14988,18389.8064,13061.54389,9205.93824,8838.644,12672.69488,89530.0755,99590.0,159.0,32.0,153.0,17.0
Georgia,13179,Liberty County,9441,13459,23028,-4018.0,0.4099791558103178,0.5844623936077818,-0.174483237797464,1362.5,815.2,1308.3,1290.5,732.9,736.6,1005.3,7251.6,16350.0,9784.28995,15699.2084,15489.008730000001,8793.0533,8838.644,12063.4598,87017.6651,64921.0,159.0,43.0,24.0,105.0
Georgia,13181,Lincoln County,3559,1351,4931,2208.0,0.7217602920300142,0.2739809369296289,0.4477793551003853,955.9,749.8,1522.9,1228.6,573.9,585.4,791.9,6408.1,11470.8,8995.70527,18274.4351,14744.586430000001,6886.08998,7023.516159999999,9502.96358,76898.09650000001,63201.0,159.0,87.0,47.0,114.0
Georgia,13183,Long County,4557,2476,7056,2081.0,0.6458333333333334,0.350907029478458,0.2949263038548753,1018.2,781.4,1593.0,1290.5,605.4,585.4,874.9,6748.8,12218.4,9375.39417,19114.597,15489.008730000001,7265.37369,7023.516159999999,10498.527259999999,80984.8171,70224.0,159.0,66.0,72.0,80.0
Georgia,13185,Lowndes County,28081,19487,47795,8594.0,0.587530076367821,0.4077204728528089,0.179809603515012,1162.1,905.5,1351.5,1034.5,695.6,736.6,883.5,6769.0,13944.437460000001,10864.94279,16217.105800000001,12414.22027,8347.278719999998,8838.644,10601.87108,81228.4995,73604.0,159.0,60.0,91.0,69.0
Georgia,13187,Lumpkin County,14339,3356,17808,10983.0,0.8051999101527404,0.1884546271338724,0.616745283018868,1135.1,830.0,1550.4,1007.5,661.3,645.0,859.0,6688.8,13621.2,9959.53083,18604.8832,12094.07759,7933.89155,7741.98196,10308.90395,80264.4687,87401.0,159.0,67.0,147.0,28.0
Georgia,13189,McDuffie County,6562,3937,10537,2625.0,0.6227579007307583,0.3736357597039005,0.2491221410268577,897.9,749.8,1525.1,1228.6,554.1,736.6,818.8,6510.6,10771.29703,8995.70527,18301.0838,14744.586430000001,6650.737579999999,8838.644,9825.74,78127.7941,61579.0,159.0,72.0,28.0,125.0
Georgia,13191,McIntosh County,4747,2628,7408,2119.0,0.64079373650108,0.3547516198704104,0.2860421166306696,961.3,981.0,1567.7,1075.0,653.5,585.4,858.6,6682.3,11535.75628,11770.354819999999,18813.2726,12899.71313,7841.494099999999,7023.516159999999,10303.82871,80187.9357,67694.0,159.0,69.0,60.0,93.0
Georgia,13193,Macon County,1916,2755,4686,-839.0,0.4088775074690567,0.5879214682031584,-0.1790439607341016,919.5,1168.1,1472.5,1312.6,702.5,532.6,955.4,7063.4,11034.0,14019.28081,17670.4196,15751.45825,8429.34072,6390.34006,11466.10753,84760.9452,57467.0,159.0,41.0,8.0,139.0
Georgia,13195,Madison County,12951,3753,16787,9198.0,0.7714898433311491,0.2235658545302913,0.5479239888008578,1080.7,834.8,1596.1,1277.0,644.2,736.6,978.2,7147.8,12965.645999999999,10017.94476,19154.1611,15327.178020000001,7732.9799299999995,8838.644,11737.48105,85774.03540000001,73943.0,159.0,40.0,64.0,66.0
Georgia,13197,Marion County,2348,1253,3621,1095.0,0.6484396575531621,0.3460370063518365,0.3024026512013256,781.6,924.8,1638.3,1185.6,574.2,585.4,816.5,6506.2,9379.0969,11098.59742,19658.6437,14226.727069999999,6889.85472,7023.516159999999,9798.46344,78074.8998,63705.0,159.0,73.0,40.0,110.0
Georgia,13199,Meriwether County,7375,4373,11788,3002.0,0.6256362402443163,0.3709704784526637,0.2546657617916525,1154.1,842.1,1477.5,1185.6,671.6,736.6,945.1,7012.6,13849.2,10105.56494,17729.6242,14226.727069999999,8059.73765,8838.644,11341.48541,84150.9816,67010.0,159.0,47.0,34.0,97.0
Georgia,13201,Miller County,2045,670,2724,1375.0,0.7507342143906021,0.2459618208516887,0.5047723935389133,987.4,810.5,1537.1,1010.5,604.9,532.6,748.5,6231.6,11848.8,9725.87637,18446.6378,12126.44382,7258.941279999999,6390.34006,8982.09267,74779.13220000001,75184.0,159.0,138.0,129.0,60.0
Georgia,13205,Mitchell County,5150,3701,8877,1449.0,0.5801509518981638,0.4169201306747775,0.1632308212233862,936.6,786.3,1501.5,1064.5,579.5,532.6,717.9,6118.6,11239.2,9433.80801,18016.0307,12773.76767,6955.56914,6390.34006,8614.40372,73423.1182,64286.0,159.0,140.0,71.0,108.0
Georgia,13207,Monroe County,12954,4689,17704,8265.0,0.7316990510619069,0.2648553999096249,0.466843651152282,1059.6,778.8,1618.8,1096.5,618.6,585.4,834.2,6591.9,12715.2,9346.187390000001,19425.168299999998,13158.64257,7422.69847,7023.516159999999,10009.91956,79101.3315,102056.0,159.0,68.0,156.0,14.0
Georgia,13209,Montgomery County,3033,927,3973,2106.0,0.7634029700478228,0.2333249433677321,0.5300780266800906,987.1,793.4,1543.6,1161.6,599.0,532.6,792.6,6409.8,11845.2,9521.4285,18522.5991,13938.95086,7188.94235,6390.34006,9510.22524,76917.68639999999,62457.0,159.0,98.0,48.0,117.0
Georgia,13211,Morgan County,9589,3533,13181,6056.0,0.7274865336469161,0.2680373264547455,0.4594492071921706,1368.6,766.7,1607.3,1277.0,718.4,736.6,1079.4,7554.2,16423.2,9200.15311,19287.8343,15327.178020000001,8621.14528,8838.644,12953.19516,90651.3488,96270.0,159.0,26.0,136.0,21.0
Georgia,13213,Murray County,14965,2459,17468,12506.0,0.8567094114953057,0.1407716968170368,0.7159377146782688,979.8,813.0,1505.3,1209.7,603.1,736.6,871.4,6718.6,11757.6,9755.0828,18062.296299999998,14518.02301,7238.083430000001,8838.644,10455.37863,80625.108,75358.0,159.0,62.0,100.0,59.0
Georgia,13215,Muscogee County,30616,49413,80491,-18797.0,0.3803655067026127,0.6138947211489483,-0.2335292144463355,1168.4,924.8,1285.1,1185.6,704.5,736.6,924.4,6929.3,14022.862,11098.59742,15420.6191,14226.727069999999,8452.27997,8838.644,11092.49646,83152.2255,71311.0,159.0,50.0,62.0,78.0
Georgia,13217,Newton County,24893,33839,59051,-8946.0,0.4215508628135002,0.5730470271460263,-0.1514961643325261,1657.9,856.8,1613.5,1385.0,846.0,736.6,1300.4,8396.4,19893.1129,10280.805960000002,19364.4777,16621.825950000002,10152.21307,8838.644,15605.498499999998,100756.57609999999,80856.0,159.0,14.0,42.0,46.0
Georgia,13219,Oconee County,18424,8620,27287,9804.0,0.6751933154982226,0.3159013449628028,0.3592919705354198,1530.4,954.2,1608.6,1277.0,835.7,736.6,1248.6,8191.2,18364.590099999998,11449.07962,19302.1149,15327.178020000001,10031.00476,8838.644,14981.228529999998,98293.8417,137986.0,159.0,19.0,159.0,2.0
Georgia,13221,Oglethorpe County,6255,2515,8822,3740.0,0.709022897302199,0.2850827476762639,0.4239401496259351,945.0,959.0,1645.5,1277.0,640.5,585.4,937.2,6990.1,11343.23632,11507.49323,19744.61,15327.178020000001,7688.27801,7023.516159999999,11247.589530000001,83881.9001,85174.0,159.0,46.0,126.0,35.0
Georgia,13223,Paulding County,58769,35802,95196,22967.0,0.6173473675364511,0.3760872305559057,0.2412601369805454,2020.4,905.5,1652.3,1191.0,984.5,976.4,1538.8,9268.5,24242.3965,10864.94279,19829.0473,14291.45949,11812.094439999999,11718.0276,18464.4857,111222.451,104039.0,159.0,5.0,105.0,11.0
Georgia,13225,Peach County,7104,6293,13454,811.0,0.5280214062732272,0.4677419354838709,0.0602794707893563,1045.7,1156.2,1477.7,1096.5,740.8,736.6,1009.8,7263.1,12548.4,13873.246839999998,17731.6598,13158.64257,8889.73646,8838.644,12116.58816,87156.9186,87400.0,159.0,31.0,122.0,29.0
Georgia,13227,Pickens County,17281,3522,20915,13759.0,0.8262491035142242,0.1683958881185752,0.657853215395649,1343.8,847.0,1651.5,1075.0,737.2,585.4,992.7,7232.4,16126.723200000002,10163.978650000001,19818.4128,12899.71313,8845.6791,7023.516159999999,11911.58547,86789.6089,87302.0,159.0,39.0,127.0,30.0
Georgia,13229,Pierce County,8655,1089,9761,7566.0,0.886691937301506,0.1115664378649728,0.7751254994365331,953.5,795.9,1536.5,1051.0,588.8,532.6,737.1,6195.0,11442.0,9550.6354,18439.1667,12611.936619999999,7063.10972,6390.34006,8843.857829999999,74341.0472,73239.0,159.0,124.0,116.0,71.0
Georgia,13231,Pike County,10864,1648,12549,9216.0,0.865726352697426,0.1313252051956331,0.7344011475017929,1315.0,847.0,1760.6,1191.0,727.4,736.6,1111.6,7689.4,15782.965600000001,10163.978650000001,21126.0776,14291.45949,8730.01956,8838.644,13339.31482,92272.4605,102868.0,159.0,24.0,149.0,13.0
Georgia,13233,Polk County,15352,3749,19171,11603.0,0.800792864222002,0.1955557873871994,0.6052370768348025,975.8,776.4,1447.8,975.5,589.7,532.6,688.1,5985.8,11709.6,9316.98055,17373.7857,11705.68341,7074.530860000001,6390.34006,8256.69921,71827.6191,68413.0,159.0,158.0,106.0,88.0
Georgia,13235,Pulaski County,3036,1281,4336,1755.0,0.7001845018450185,0.2954335793357933,0.4047509225092251,1003.4,778.8,1480.5,1072.6,599.8,645.0,781.5,6361.6,12040.8,9346.187390000001,17767.6855,12870.8662,7195.792170000001,7741.98196,9377.51802,76340.8319,62716.0,159.0,96.0,50.0,115.0
Georgia,13237,Putnam County,9136,3696,12877,5440.0,0.7094820222101421,0.2870233750097072,0.4224586472004349,1088.9,766.7,1577.0,1072.6,624.4,656.4,847.0,6632.8,13066.8,9200.15311,18925.716200000003,12870.8662,7491.86252,7876.416219999999,10162.558350000001,79594.37340000001,84754.0,159.0,63.0,138.0,36.0
Georgia,13239,Quitman County,656,480,1140,176.0,0.5754385964912281,0.4210526315789473,0.1543859649122807,921.0,830.0,1587.5,1312.6,589.2,532.6,839.1,6611.8,11052.0,9959.53083,19048.846299999997,15751.45825,7069.46736,6390.34006,10069.06898,79340.713,63598.0,159.0,64.0,32.0,111.0
Georgia,13241,Rabun County,8151,2222,10423,5929.0,0.7820205315168378,0.2131823851098532,0.5688381464069846,1059.5,815.2,1523.4,1007.5,630.8,532.6,776.3,6345.7,12714.0,9784.28995,18280.9779,12094.07759,7569.697260000001,6390.34006,9315.126390000001,76148.51019999999,77382.0,159.0,110.0,132.0,51.0
Georgia,13243,Randolph County,1373,1601,2990,-228.0,0.4591973244147157,0.5354515050167225,-0.0762541806020067,918.5,830.0,1537.2,1064.5,588.4,532.6,742.0,6213.3,11022.0,9959.53083,18447.9829,12773.76767,7059.3736499999995,6390.34006,8904.61927,74557.6149,39353.0,159.0,114.0,1.0,159.0
Georgia,13245,Richmond County,26472,56657,83578,-30185.0,0.3167340687740793,0.677893704084807,-0.3611596353107277,1200.0,861.6,1350.3,1228.6,693.6,736.6,946.7,7017.6,14401.475650000002,10339.21989,16202.5472,14744.586430000001,8324.16936,8838.644,11359.99395,84210.63560000001,63861.0,159.0,45.0,23.0,109.0
Georgia,13247,Rockdale County,11711,33165,45160,-21454.0,0.2593224092116917,0.7343888396811338,-0.475066430469442,1670.0,944.4,1532.4,1385.0,879.7,976.4,1412.4,8800.8,20042.572999999997,11332.25229,18389.369700000003,16621.825950000002,10556.265739999999,11718.0276,16948.118,105608.43179999999,80675.0,159.0,10.0,25.0,47.0
Georgia,13249,Schley County,1970,453,2428,1517.0,0.8113673805601318,0.1865733113673805,0.6247940691927513,989.4,798.2,1581.3,1064.5,601.6,532.6,775.1,6342.8,11872.8,9579.84207,18975.893,12773.76767,7217.8822199999995,6390.34006,9302.78309,76113.3095,76818.0,159.0,117.0,130.0,53.0
Georgia,13251,Screven County,4325,2581,6920,1744.0,0.625,0.3729768786127168,0.2520231213872832,967.9,830.0,1530.5,1266.7,604.9,532.6,829.1,6561.9,11614.8,9959.53083,18365.9894,15201.23252,7258.82513,6390.34006,9952.06765,78742.78540000001,69411.0,159.0,77.0,76.0,84.0
Georgia,13253,Seminole County,2811,1191,4007,1620.0,0.7015223359121537,0.2972298477664087,0.404292488145745,975.4,810.5,1501.5,1010.5,600.8,532.6,731.7,6163.0,11704.8,9725.87637,18016.268600000003,12126.44382,7210.49158,6390.34006,8782.08669,73956.3069,68607.0,159.0,145.0,101.0,86.0
Georgia,13255,Spalding County,19184,13679,33038,5505.0,0.580664689145832,0.4140383800472184,0.1666263090986136,1311.6,847.0,1549.5,1191.0,726.2,736.6,1038.0,7399.6,15738.128,10163.978650000001,18594.2905,14291.45949,8714.9335,8838.644,12454.388490000001,88795.82239999999,73935.0,159.0,29.0,57.0,67.0
Georgia,13257,Stephens County,10632,2404,13099,8228.0,0.8116650125963814,0.1835254599587754,0.6281395526376059,978.1,769.2,1453.9,1007.5,587.7,532.6,698.1,6027.2,11737.2,9229.36033,17447.4695,12094.07759,7054.33676,6390.34006,8374.826420000001,72327.6105,71542.0,159.0,153.0,119.0,75.0
Georgia,13259,Stewart County,847,1177,2028,-330.0,0.4176528599605523,0.5803747534516766,-0.1627218934911242,916.3,924.8,1516.6,1185.6,619.3,585.4,834.0,6582.2,10995.6,11098.59742,18200.7033,14226.727069999999,7433.737660000001,7023.516159999999,10008.473699999999,78987.35459999999,51806.0,159.0,65.0,3.0,154.0
Georgia,13261,Sumter County,5869,6136,12049,-267.0,0.4870943646775666,0.5092538799900407,-0.022159515312474,939.2,907.8,1392.3,1064.5,621.4,532.6,738.5,6196.3,11270.4,10894.14988,16707.4147,12773.76767,7457.40809,6390.34006,8861.7447,74355.2258,53246.0,159.0,116.0,16.0,150.0
Georgia,13263,Talbot County,1483,1888,3379,-405.0,0.4388872447469665,0.5587451908848772,-0.1198579461379106,960.1,890.7,1547.0,1185.6,622.8,585.4,847.9,6639.4,11521.2,10689.70192,18564.0248,14226.727069999999,7473.00353,7023.516159999999,10174.433809999999,79672.6064,58353.0,159.0,71.0,20.0,134.0
Georgia,13265,Taliaferro County,375,507,884,-132.0,0.4242081447963801,0.5735294117647058,-0.1493212669683257,944.3,749.8,1539.7,1204.7,569.9,532.6,764.7,6305.5,11331.6,8995.70527,18478.0033,14456.809830000002,6839.25518,6390.34006,9175.84516,75667.55919999999,53523.0,159.0,99.0,14.0,149.0
Georgia,13267,Tattnall County,6515,1967,8512,4548.0,0.7653900375939849,0.2310855263157894,0.5343045112781954,969.6,817.8,1453.2,1266.7,601.3,532.6,798.9,6440.4,11635.2,9813.49677,17439.1802,15201.23252,7216.55456,6390.34006,9586.06019,77282.0649,63236.0,159.0,86.0,46.0,113.0
Georgia,13269,Taylor County,2600,1366,3982,1234.0,0.6529382219989954,0.3430436966348568,0.3098945253641386,956.6,1168.1,1492.5,1161.6,715.1,532.6,929.0,6955.6,11479.2,14019.28081,17910.1885,13938.95086,8579.1312,6390.34006,11148.593069999999,83465.6861,55175.0,159.0,49.0,6.0,146.0
Georgia,13271,Telfair County,2930,1274,4214,1656.0,0.6953013763644993,0.3023255813953488,0.3929757949691504,939.0,786.3,1518.1,991.6,580.5,532.6,703.4,6051.3,11268.0,9433.80801,18217.182099999998,11899.8802,6965.25914,6390.34006,8441.33378,72615.8027,60016.0,159.0,151.0,52.0,129.0
Georgia,13273,Terrell County,2075,2253,4341,-178.0,0.4780004607233356,0.5190048375950241,-0.0410043768716885,869.7,907.8,1451.7,1088.4,598.2,585.4,754.5,6255.7,10437.42362,10894.14988,17420.906,13061.54389,7177.1478400000005,7023.516159999999,9053.38333,75068.0713,61971.0,159.0,115.0,51.0,121.0
Georgia,13275,Thomas County,13670,8347,22080,5323.0,0.6191123188405797,0.378034420289855,0.2410778985507246,1178.2,934.6,1455.6,1010.5,710.8,532.6,856.5,6679.0,14138.4,11215.42506,17467.999900000003,12126.44382,8530.46069,6390.34006,10279.07042,80148.1408,82808.0,159.0,75.0,135.0,42.0
Georgia,13277,Tift County,11496,5438,16989,6058.0,0.6766731414444641,0.3200894696568367,0.3565836717876273,950.0,864.2,1387.2,1010.5,610.4,645.0,741.5,6208.8,11400.0,10368.42663,16645.7741,12126.44382,7324.129980000001,7741.98196,8898.53449,74505.29089999999,67383.0,159.0,123.0,85.0,95.0
Georgia,13279,Toombs County,8208,2674,10912,5534.0,0.7521994134897361,0.2450513196480938,0.5071480938416422,982.7,793.4,1433.2,1161.6,597.6,532.6,755.3,6256.4,11792.4,9521.4285,17198.807,13938.95086,7171.17742,6390.34006,9062.07092,75075.1743,68349.0,159.0,130.0,92.0,89.0
Georgia,13281,Towns County,7155,1649,8838,5506.0,0.8095723014256619,0.1865806743607151,0.6229916270649468,1007.4,830.0,1485.0,1007.5,618.1,532.6,747.3,6228.5,12088.8,9959.53083,17819.9026,12094.07759,7418.3056,6390.34006,8970.079880000001,74741.03719999999,74021.0,159.0,142.0,125.0,64.0
Georgia,13283,Treutlen County,2250,864,3121,1386.0,0.7209227811598846,0.2768343479653957,0.4440884331944889,931.5,793.4,1561.3,1161.6,580.4,532.6,772.3,6333.0,11178.0,9521.4285,18734.6176,13938.95086,6964.45845,6390.34006,9267.99181,75995.7878,68506.0,159.0,88.0,79.0,87.0
Georgia,13285,Troup County,19392,11757,31304,7635.0,0.6194735497061078,0.3755750063889598,0.2438985433171479,1104.3,868.9,1453.4,1161.6,663.9,645.0,884.9,6782.1,13251.6,10426.840419999999,17440.7602,13938.95086,7966.76645,7741.98196,10618.33066,81385.2299,71540.0,159.0,57.0,73.0,76.0
Georgia,13287,Turner County,2457,1365,3833,1092.0,0.6410122619358205,0.356117923297678,0.2848943386381424,921.0,761.7,1512.4,1010.5,566.1,532.6,689.4,5993.8,11052.0,9141.7396,18149.2622,12126.44382,6794.316159999999,6390.34006,8271.72226,71925.8242,56789.0,159.0,154.0,31.0,141.0
Georgia,13289,Twiggs County,2549,1895,4456,654.0,0.5720377019748654,0.4252692998204668,0.1467684021543985,740.1,871.5,1562.0,1096.5,542.2,585.4,719.3,6116.7,8880.04153,10456.04707,18743.2375,13158.64257,6505.75396,7023.516159999999,8633.96658,73401.205,70598.0,159.0,128.0,104.0,79.0
Georgia,13291,Union County,14477,3309,17880,11168.0,0.809675615212528,0.1850671140939597,0.6246085011185682,991.8,830.0,1537.2,1007.5,612.8,532.6,759.3,6271.7,11901.6,9959.53083,18446.167,12094.07759,7355.32091,6390.34006,9112.905929999999,75259.94279999999,83996.0,159.0,135.0,151.0,39.0
Georgia,13293,Upson County,9528,4098,13662,5430.0,0.6974088713219148,0.2999560825647782,0.3974527887571365,962.4,764.3,1422.0,1161.6,580.8,532.6,728.4,6152.3,11548.8,9170.9465,17062.5222,13938.95086,6971.29461,6390.34006,8743.4652,73826.3196,66773.0,159.0,141.0,88.0,98.0
Georgia,13295,Walker County,25462,6436,32086,19026.0,0.7935548214174406,0.2005859253256872,0.5929688960917534,1063.4,832.3,1537.7,1209.7,638.0,585.4,871.2,6737.9,12763.4513,9988.73777,18452.5164,14518.02301,7655.123420000001,7023.516159999999,10453.352649999999,80854.7223,72472.0,159.0,58.0,80.0,73.0
Georgia,13297,Walton County,42407,15605,58376,26802.0,0.7264457996436892,0.2673187611347129,0.4591270385089762,1533.2,876.1,1659.3,1358.0,810.8,736.6,1254.9,8228.9,18398.513899999998,10514.46091,19910.6944,16298.16374,9727.95993,8838.644,15060.34724,98748.7838,96431.0,159.0,16.0,117.0,20.0
Georgia,13299,Ware County,10279,4068,14392,6211.0,0.7142162312395776,0.282657031684269,0.4315591995553085,959.9,795.9,1330.6,1051.0,590.7,532.6,676.6,5937.1,11518.8,9550.6354,15964.757700000002,12611.936619999999,7088.949619999999,6390.34006,8119.66168,71245.0804,55394.0,159.0,157.0,26.0,145.0
Georgia,13301,Warren County,1232,1354,2592,-122.0,0.4753086419753086,0.5223765432098766,-0.0470679012345679,949.0,749.8,1480.8,1204.7,571.4,532.6,748.5,6236.7,11388.0,8995.70527,17768.7174,14456.809830000002,6858.2313699999995,6390.34006,8983.4607,74841.2642,56603.0,159.0,118.0,22.0,143.0
Georgia,13303,Washington County,4824,4643,9493,181.0,0.5081639102496577,0.4890972295375539,0.0190666807121037,956.3,793.4,1463.2,1072.6,588.7,532.6,721.4,6127.9,11475.6,9521.4285,17557.559100000002,12870.8662,7064.587850000001,6390.34006,8654.88896,73535.272,58977.0,159.0,143.0,38.0,132.0
Georgia,13305,Wayne County,10811,2708,13561,8103.0,0.797212594941376,0.1996902883268195,0.5975223066145564,916.3,781.4,1422.8,1051.0,571.2,532.6,680.9,5955.7,10995.6,9375.39417,17071.520800000002,12611.936619999999,6853.95447,6390.34006,8169.70675,71468.4524,62080.0,159.0,155.0,63.0,120.0
Georgia,13307,Webster County,790,544,1336,246.0,0.5913173652694611,0.4071856287425149,0.1841317365269461,941.0,907.8,1625.5,1161.6,622.1,532.6,846.4,6636.7,11292.0,10894.14988,19506.3387,13938.95086,7464.6755,6390.34006,10156.19092,79642.6465,52500.0,159.0,70.0,5.0,152.0
Georgia,13309,Wheeler County,1648,622,2276,1026.0,0.7240773286467487,0.273286467486819,0.4507908611599296,1002.2,793.4,1605.1,991.6,604.1,532.6,759.5,6288.5,12026.4,9521.4285,19261.1027,11899.8802,7249.90834,6390.34006,9113.18263,75462.24059999999,61652.0,159.0,104.0,44.0,123.0
Georgia,13311,White County,14136,2609,16825,11527.0,0.8401783060921248,0.1550668647845468,0.6851114413075781,1071.1,800.7,1516.4,1007.5,629.7,532.6,767.6,6325.8,12853.2,9609.048859999999,18194.1619,12094.07759,7557.570999999999,6390.34006,9211.38911,75909.7899,85799.0,159.0,102.0,152.0,32.0
Georgia,13313,Whitfield County,28655,10953,39828,17702.0,0.7194687154765491,0.2750075323892739,0.4444611830872752,1031.7,803.3,1431.8,1209.7,617.3,736.6,863.7,6694.2,12380.4,9638.25564,17181.886,14518.02301,7408.32104,8838.644,10364.693490000001,80330.2223,73554.0,159.0,59.0,90.0,70.0
Georgia,13315,Wilcox County,2493,847,3347,1646.0,0.7448461308634599,0.2530624439796833,0.4917836868837765,989.0,786.3,1579.3,1072.6,597.4,532.6,772.3,6329.0,11868.0,9433.80801,18950.6144,12870.8662,7167.13314,6390.34006,9267.38467,75948.1478,62254.0,159.0,119.0,54.0,119.0
Georgia,13317,Wilkes County,2971,2112,5098,859.0,0.5827775598273833,0.4142801098469988,0.1684974499803845,963.5,749.8,1517.8,1204.7,576.3,532.6,767.6,6312.2,11562.0,8995.70527,18213.6956,14456.809830000002,6916.774869999999,6390.34006,9211.47909,75746.80600000001,67989.0,159.0,107.0,83.0,91.0
Georgia,13319,Wilkinson County,2888,2012,4908,876.0,0.5884270578647107,0.4099429502852486,0.1784841075794621,963.8,861.6,1569.2,1072.6,614.2,532.6,787.3,6401.1,11565.6,10339.21989,18828.8759,12870.8662,7370.02031,6390.34006,9449.74461,76814.6662,62500.0,159.0,94.0,45.0,116.0
Georgia,13321,Worth County,6991,2300,9309,4691.0,0.750993662047481,0.2470727253195832,0.5039209367278978,1022.8,761.7,1514.6,1088.4,600.4,585.4,775.9,6349.4,12275.09964,9141.7396,18174.956599999998,13061.54389,7205.83591,7023.516159999999,9311.4019,76194.0933,66528.0,159.0,106.0,74.0,100.0
Hawaii,15001,Hawaii County,28748,52163,82823,-23415.0,0.3471016505077092,0.6298129746567982,-0.282711324149089,2139.8,1231.6,1544.4,1201.6,1134.4,1166.8,1941.8,10360.2,25677.6,14778.658679999999,18532.012300000002,14420.40476,13611.77366,14003.170039999997,23300.7332,124324.3541,93830.0,5.0,3.0,1.0,4.0
Hawaii,15003,Honolulu County,130489,204301,340921,-73812.0,0.3827543624476052,0.5992619991141642,-0.216507636666559,2650.4,1158.4,1424.9,1213.4,1281.6,1204.2,2145.2,11078.0,31804.8,13902.45392,17100.1222,14560.47763,15378.50564,14448.527000000002,25741.6275,132936.5153,122272.0,5.0,2.0,4.0,1.0
Hawaii,15007,Kauai County,11803,17675,30064,-5872.0,0.3925957956359766,0.587912453432677,-0.1953166577967003,2538.9,1236.4,1663.0,1201.6,1270.1,1314.6,2263.6,11488.5,30466.8,14837.07261,19954.9391,14420.40476,15242.784839999998,15776.181099999998,27164.196600000003,137862.37790000002,107023.0,5.0,1.0,2.0,3.0
Hawaii,15009,Maui County,22621,38905,62893,-16284.0,0.3596743675766778,0.6185903041673955,-0.2589159365907176,2364.1,1348.6,1583.1,1213.4,1249.1,835.0,2007.0,10600.3,28369.2,16180.58693,18996.2051,14560.47763,14989.068210000001,10023.219200000001,24084.830800000003,127203.5861,109882.0,5.0,4.0,3.0,2.0
Idaho,16001,Ada County,143759,116116,267340,27643.0,0.5377384603875215,0.4343382958030972,0.1034001645844243,1636.2,1070.9,1417.1,1094.8,910.6,1360.6,1409.3,8899.6,19632.709300000002,12851.00794,17005.8951,13136.364860000001,10929.35957,16330.7206,16908.97017,106795.02579999999,107531.0,44.0,2.0,38.0,1.0
Idaho,16003,Adams County,2037,577,2679,1460.0,0.7603583426651735,0.2153788727136991,0.5449794699514744,1028.0,1000.1,1721.3,1083.0,682.5,748.8,937.6,7201.6,12336.0,12004.00926,20654.856099999997,12996.29236,8189.35573,8987.12676,11252.36878,86420.0088,70714.0,44.0,20.0,10.0,36.0
Idaho,16005,Bannock County,24329,14306,39971,10023.0,0.6086662830552151,0.3579094843761727,0.2507567986790424,1093.2,942.1,1387.1,1067.8,684.7,812.6,843.5,6830.7,13118.4,11303.045329999999,16644.9939,12812.703010000001,8216.75539,9751.62986,10121.451649999999,81968.97780000001,85065.0,44.0,38.0,42.0,13.0
Idaho,16007,Bear Lake County,2908,346,3325,2562.0,0.8745864661654136,0.1040601503759398,0.7705263157894737,1008.0,885.9,1708.9,1056.1,637.2,904.8,919.3,7120.2,12096.0,10631.288219999999,20506.628099999998,12672.63015,7646.745089999999,10856.92792,11032.446249999999,85442.66630000001,86655.0,44.0,26.0,36.0,12.0
Idaho,16009,Benewah County,4094,935,5144,3159.0,0.7958786936236392,0.1817651632970451,0.6141135303265941,1084.6,1005.3,1633.6,1067.0,703.0,725.4,921.5,7140.2,13015.2,12062.42307,19604.1037,12802.0951,8437.53073,8705.483040000001,11056.739590000001,85683.57519999999,66274.0,44.0,25.0,6.0,39.0
Idaho,16011,Bingham County,16188,3878,20643,12310.0,0.7841883447173376,0.1878602916242794,0.5963280530930581,1007.4,856.8,1655.3,1056.1,627.2,748.8,827.3,6779.1,12088.8,10280.805960000002,19864.3042,12672.63015,7526.40074,8987.12676,9927.97068,81348.041,87409.0,44.0,43.0,44.0,11.0
Idaho,16013,Blaine County,4281,8424,13087,-4143.0,0.32711851455643,0.6436922136471307,-0.3165736990907006,1474.4,1236.4,1710.5,1123.5,912.2,953.8,1368.7,8779.4,17692.8,14837.07261,20526.8894,13481.785070000002,10944.88888,11446.58606,16423.1324,105353.1554,92889.0,44.0,3.0,20.0,4.0
Idaho,16015,Boise County,3727,1065,4910,2662.0,0.7590631364562118,0.2169042769857433,0.5421588594704685,953.9,1070.9,1761.8,1094.8,681.3,939.8,1028.7,7530.7,11444.59649,12851.00794,21141.4484,13136.364860000001,8174.41535,11277.12844,12343.06633,90368.0269,90234.0,44.0,14.0,35.0,8.0
Idaho,16017,Bonner County,21352,7650,29698,13702.0,0.7189709744763957,0.2575931039127214,0.4613778705636743,1194.7,942.1,1581.0,1067.0,718.8,881.2,985.6,7370.4,14336.4,11303.045329999999,18971.576399999998,12802.0951,8626.55938,10575.7465,11829.43103,88444.85339999999,77825.0,44.0,17.0,19.0,22.0
Idaho,16019,Bonneville County,40053,14458,56419,25595.0,0.7099204168808381,0.256261188606675,0.453659228274163,1220.8,922.5,1424.1,1199.9,721.0,1010.8,1029.0,7527.7,14648.75446,11069.39069,17087.774400000002,14398.646429999999,8653.038830000001,12128.042420000002,12346.6066,90332.2533,91829.0,44.0,16.0,39.0,6.0
Idaho,16021,Boundary County,5794,1145,7110,4649.0,0.8149085794655415,0.1610407876230661,0.6538677918424753,1017.5,942.1,1722.8,1067.0,659.1,725.4,893.1,7027.0,12210.0,11303.045329999999,20674.2707,12802.0951,7911.11833,8705.483040000001,10715.788219999999,84321.8012,73370.0,44.0,33.0,16.0,32.0
Idaho,16023,Butte County,1268,185,1494,1083.0,0.8487282463186078,0.1238286479250334,0.7248995983935743,1090.0,1236.4,1749.3,1199.9,782.6,812.6,1159.5,8030.5,13080.0,14837.07261,20991.5269,14398.646429999999,9392.88227,9751.62986,13914.269250000001,96366.0265,61071.0,44.0,4.0,1.0,44.0
Idaho,16025,Camas County,547,153,728,394.0,0.7513736263736264,0.2101648351648351,0.5412087912087912,1112.9,1236.4,1797.8,1123.5,790.6,748.8,1136.7,7947.2,13354.8,14837.07261,21575.4963,13481.785070000002,9485.34045,8987.12676,13642.26903,95363.89080000001,82386.0,44.0,5.0,15.0,17.0
Idaho,16027,Canyon County,72755,25669,101001,47086.0,0.7203394025801725,0.2541459985544697,0.4661934040257027,1405.7,903.1,1512.0,1094.8,777.1,1010.8,1101.0,7804.2,16872.069199999998,10835.73602,18144.53,13136.364860000001,9322.47272,12128.042420000002,13211.800599999999,93651.0145,83849.0,44.0,8.0,24.0,14.0
Idaho,16029,Caribou County,2906,445,3456,2461.0,0.8408564814814815,0.128761574074074,0.7120949074074074,1007.4,942.1,1876.6,1056.1,655.8,748.8,945.7,7232.5,12088.8,11303.045329999999,22519.614500000003,12672.63015,7870.33971,8987.12676,11347.07135,86788.6298,78200.0,44.0,22.0,23.0,20.0
Idaho,16031,Cassia County,7959,1359,9557,6600.0,0.832792717379931,0.1421994349691325,0.6905932824107984,1030.5,839.6,1611.6,1123.5,629.4,725.4,830.1,6789.9,12366.0,10076.35831,19336.7909,13481.785070000002,7550.87879,8705.483040000001,9961.374,81478.671,76731.0,44.0,42.0,28.0,24.0
Idaho,16033,Clark County,280,50,333,230.0,0.8408408408408409,0.1501501501501501,0.6906906906906907,1112.9,847.0,1807.2,1188.2,659.4,748.8,973.0,7336.7,13354.8,10163.978650000001,21685.8545,14258.57366,7913.04737,8987.12676,11676.32439,88039.7047,62500.0,44.0,18.0,2.0,43.0
Idaho,16035,Clearwater County,3550,774,4418,2776.0,0.8035310095065641,0.1751923947487551,0.6283386147578089,1099.1,1139.2,1668.4,1053.5,753.1,881.2,1064.1,7658.3,13189.2,13668.7989,20019.1618,12640.26394,9036.54984,10575.7465,12768.95465,91898.67749999999,78011.0,44.0,10.0,13.0,21.0
Idaho,16037,Custer County,1998,586,2650,1412.0,0.7539622641509434,0.2211320754716981,0.5328301886792453,1085.1,1236.4,1671.7,1188.2,781.1,666.8,1073.8,7703.3,13021.2,14837.07261,20060.6921,14258.57366,9373.09837,8002.11616,12885.21724,92437.97020000001,72946.0,44.0,9.0,8.0,34.0
Idaho,16039,Elmore County,7791,2611,10672,5180.0,0.7300412293853074,0.2446589205397301,0.4853823088455772,1165.4,881.1,1477.0,1083.0,688.5,725.4,853.3,6873.6,13984.8,10572.87434,17721.880400000002,12996.29236,8262.59073,8705.483040000001,10239.77671,82483.6989,71695.0,44.0,39.0,18.0,35.0
Idaho,16041,Franklin County,6279,703,7184,5576.0,0.8740256124721604,0.0978563474387527,0.7761692650334076,871.4,885.9,1764.0,1067.8,591.2,775.0,827.1,6782.5,10456.50064,10631.288219999999,21168.269200000002,12812.703010000001,7095.12505,9301.6135,9925.70825,81391.20700000001,83263.0,44.0,41.0,40.0,15.0
Idaho,16043,Fremont County,5645,954,6803,4691.0,0.8297809789798618,0.1402322504777304,0.6895487285021313,1015.8,847.0,1694.3,1188.2,626.6,748.8,886.8,7007.7,12189.6,10163.978650000001,20331.519399999997,14258.57366,7521.008129999999,8987.12676,10641.1829,84092.9905,79899.0,44.0,35.0,29.0,18.0
Idaho,16045,Gem County,8707,1699,10620,7008.0,0.8198681732580038,0.1599811676082862,0.6598870056497175,1147.0,903.1,1506.1,1094.8,689.6,775.0,885.0,7000.6,13764.0,10835.73602,18073.6409,13136.364860000001,8276.742549999999,9301.6135,10619.52736,84007.62700000001,75265.0,44.0,29.0,21.0,29.0
Idaho,16047,Gooding County,4676,1100,5918,3576.0,0.7901318012842177,0.1858736059479553,0.6042581953362622,1091.8,849.4,1604.1,1123.5,653.1,748.8,869.5,6940.0,13101.6,10193.185529999999,19248.8885,13481.785070000002,7837.683349999999,8987.12676,10431.49642,83281.76629999999,75707.0,44.0,36.0,26.0,26.0
Idaho,16049,Idaho County,8148,1460,9858,6688.0,0.8265368228849665,0.1481030635017244,0.6784337593832421,1096.8,1139.2,1712.5,1053.5,752.2,748.8,1024.6,7527.6,13161.6,13668.7989,20551.2592,12640.26394,9027.26368,8987.12676,12294.881510000001,90331.1948,76074.0,44.0,13.0,12.0,25.0
Idaho,16051,Jefferson County,13481,1891,15819,11590.0,0.852203046968835,0.1195397939187053,0.7326632530501296,1271.8,907.8,1751.5,1199.9,733.4,812.6,1086.8,7763.6,15260.27851,10894.14988,21017.2602,14398.646429999999,8799.82878,9751.62986,13041.770540000001,93163.5638,89672.0,44.0,11.0,31.0,9.0
Idaho,16053,Jerome County,6012,1742,7945,4270.0,0.756702328508496,0.219257394587791,0.5374449339207049,1104.7,849.4,1604.4,1135.3,657.3,812.6,902.0,7065.8,13256.4,10193.185529999999,19252.7973,13621.85762,7889.76688,9751.62986,10824.716120000001,84790.3539,74184.0,44.0,27.0,14.0,30.0
Idaho,16055,Kootenai County,72059,22113,96340,49946.0,0.7479655387170439,0.2295308283163795,0.5184347104006644,1401.9,1005.3,1450.8,1078.5,809.9,1010.8,1123.5,7880.4,16822.8,12062.42307,17410.2085,12942.167850000002,9718.622809999999,12128.042420000002,13480.49044,94564.7536,92515.0,44.0,6.0,34.0,5.0
Idaho,16057,Latah County,10669,9039,20440,1630.0,0.5219667318982387,0.4422211350293542,0.0797455968688845,1058.2,1019.8,1451.6,1053.5,699.1,953.8,934.7,7170.7,12698.4,12237.66443,17419.6326,12640.26394,8389.90229,11446.58606,11216.518469999999,86048.9694,88466.0,44.0,21.0,41.0,10.0
Idaho,16059,Lemhi County,3716,1038,4873,2678.0,0.7625692591832547,0.2130104658321362,0.5495587933511185,1010.6,1102.7,1640.6,1188.2,711.0,881.2,1039.3,7573.7,12127.2,13230.696590000001,19688.427600000003,14258.57366,8531.830530000001,10575.7465,12473.32054,90885.79699999999,73176.0,44.0,12.0,9.0,33.0
Idaho,16061,Lewis County,1503,305,1843,1198.0,0.8155181768855128,0.1654910472056429,0.6500271296798698,1007.4,1139.2,1647.2,1053.5,722.0,725.4,952.6,7247.2,12088.8,13668.7989,19768.049300000002,12640.26394,8666.3131,8705.483040000001,11430.58437,86968.2923,63450.0,44.0,19.0,3.0,41.0
Idaho,16063,Lincoln County,1466,392,1917,1074.0,0.764736567553469,0.2044861763171622,0.5602503912363067,1011.1,849.4,1773.6,1123.5,626.1,748.8,890.2,7022.7,12133.2,10193.185529999999,21282.4689,13481.785070000002,7511.85876,8987.12676,10680.84932,84270.4737,73393.0,44.0,34.0,17.0,31.0
Idaho,16065,Madison County,13925,2767,17358,11158.0,0.8022237584975228,0.1594077658716442,0.6428159926258786,1203.3,847.0,1441.9,1188.2,689.7,748.8,884.8,7003.6,14439.6,10163.978650000001,17301.711,14258.57366,8278.03543,8987.12676,10615.85955,84044.8862,63442.0,44.0,37.0,5.0,42.0
Idaho,16067,Minidoka County,6401,1373,7947,5028.0,0.8054611803196174,0.1727695985906631,0.6326915817289542,1032.2,781.4,1599.2,1123.5,610.2,748.8,806.6,6701.7,12386.4,9375.39417,19189.7343,13481.785070000002,7321.898389999999,8987.12676,9676.79529,80419.1338,77305.0,44.0,44.0,30.0,23.0
Idaho,16069,Nez Perce County,13707,5928,20132,7779.0,0.6808563481025234,0.2944565865289092,0.3863997615736141,1206.1,1139.2,1445.5,1065.1,788.8,1010.8,1087.0,7742.1,14470.170259999999,13668.7989,17347.001500000002,12780.337,9467.54085,12128.042420000002,13042.87302,92904.765,91340.0,44.0,7.0,33.0,7.0
Idaho,16071,Oneida County,2119,253,2457,1866.0,0.8624338624338624,0.1029711029711029,0.7594627594627594,1141.6,885.9,1692.8,1056.1,682.2,725.4,910.2,7094.1,13699.2,10631.288219999999,20313.5705,12672.63015,8186.152220000001,8705.483040000001,10920.977719999999,85129.3009,82837.0,44.0,31.0,32.0,16.0
Idaho,16073,Owyhee County,4101,756,4950,3345.0,0.8284848484848485,0.1527272727272727,0.6757575757575758,861.1,903.1,1721.8,1094.8,593.4,775.0,825.9,6774.8,10332.29988,10835.73602,20659.317900000002,13136.364860000001,7122.124580000001,9301.6135,9910.80863,81298.2662,75625.0,44.0,40.0,27.0,27.0
Idaho,16075,Payette County,9458,2064,11760,7394.0,0.8042517006802721,0.1755102040816326,0.6287414965986394,1130.7,1000.1,1506.5,1083.0,716.9,725.4,904.0,7066.9,13568.4,12004.00926,18076.4873,12996.29236,8604.00484,8705.483040000001,10847.98485,84802.6627,75486.0,44.0,32.0,22.0,28.0
Idaho,16077,Power County,2146,785,3019,1361.0,0.7108314011262007,0.2600198741305068,0.4508115269956939,1014.6,942.1,1629.5,1067.8,658.2,812.6,891.3,7015.5,12175.2,11303.045329999999,19552.0449,12812.703010000001,7899.409540000001,9751.62986,10694.12767,84188.1593,70143.0,44.0,30.0,11.0,37.0
Idaho,16079,Shoshone County,4500,1472,6130,3028.0,0.734094616639478,0.2401305057096248,0.4939641109298531,1029.4,1005.3,1610.7,1067.0,684.6,729.6,889.9,7016.1,12352.8,12062.42307,19329.4093,12802.0951,8214.66197,8754.44004,10679.37076,84195.1991,66795.0,44.0,28.0,7.0,38.0
Idaho,16081,Teton County,3005,3463,6698,-458.0,0.4486413854882054,0.5170200059719319,-0.0683786204837264,1421.4,1306.9,1767.6,1188.2,918.0,953.8,1425.3,8981.4,17056.8,15684.070860000002,21210.9319,14258.57366,11015.88063,11446.58606,17103.71697,107776.55889999999,107450.0,44.0,1.0,37.0,2.0
Idaho,16083,Twin Falls County,27304,9064,37373,18240.0,0.730580900650202,0.2425280282556926,0.4880528723945093,1172.8,932.1,1492.1,1135.3,708.0,812.6,938.1,7191.2,14073.6,11186.21814,17905.4499,13621.85762,8498.83159,9751.62986,11256.621589999999,86294.209,78328.0,44.0,23.0,25.0,19.0
Idaho,16085,Valley County,4214,2869,7240,1345.0,0.5820441988950277,0.3962707182320442,0.1857734806629835,1191.6,1000.1,1734.9,1083.0,737.3,822.6,1048.2,7618.2,14299.2,12004.00926,20818.667999999998,12996.29236,8849.88751,9872.38004,12578.96846,91419.4065,96467.0,44.0,15.0,43.0,3.0
Idaho,16087,Washington County,4429,1010,5553,3419.0,0.7975868899693859,0.1818836664865838,0.615703223482802,1108.4,1000.1,1553.9,1083.0,709.6,748.8,915.9,7120.1,13300.8,12004.00926,18647.6854,12996.29236,8513.96903,8987.12676,10990.29629,85440.1799,64943.0,44.0,24.0,4.0,40.0
Illinois,17001,Adams County,23161,8111,31744,15050.0,0.7296181955645161,0.2555128528225806,0.4741053427419355,930.7,864.2,1432.3,1568.9,603.9,610.2,960.0,6970.0,11168.4,10368.42663,17187.863,18824.2704,7246.2065999999995,7322.39602,11522.44989,83640.0134,86166.0,102.0,96.0,69.0,48.0
Illinois,17003,Alexander County,1341,904,2271,437.0,0.5904887714663144,0.3980625275209159,0.1924262439453984,656.8,820.4,1568.2,1935.1,497.0,787.4,1053.9,7318.9,7881.26655,9842.70386,18818.4899,23221.52898,5963.34594,9452.2124,12646.714,87826.2611,60875.0,102.0,55.0,2.0,102.0
Illinois,17005,Bond County,5692,2117,7981,3575.0,0.7131938353589776,0.2652549805788748,0.4479388547801028,962.3,856.8,1580.2,1527.9,611.9,920.0,1110.2,7569.3,11547.6,10280.805960000002,18963.7511,18334.232679999997,7344.31051,11038.7342,13322.58119,90832.01430000001,86638.0,102.0,39.0,46.0,45.0
Illinois,17007,Boone County,13673,10159,24216,3514.0,0.5646266930954741,0.4195160224644862,0.1451106706309878,1138.6,839.6,1565.5,1536.0,665.6,1348.4,1348.8,8442.8,13663.902750000003,10076.35831,18786.4719,18431.33108,7987.56654,16182.0864,16184.80791,101312.5257,99747.0,102.0,10.0,54.0,15.0
Illinois,17009,Brown County,1938,467,2455,1471.0,0.7894093686354379,0.190224032586558,0.5991853360488798,854.6,864.2,1610.8,1568.9,578.1,635.6,996.0,7108.2,10255.2,10368.42663,19330.490400000002,18824.2704,6938.95453,7629.46852,11951.09829,85297.9086,85645.0,102.0,79.0,57.0,50.0
Illinois,17011,Bureau County,9784,5900,15992,3884.0,0.6118059029514757,0.3689344672336168,0.2428714357178589,921.2,839.6,1593.5,1533.7,592.5,790.0,1048.2,7318.8,11054.4,10076.35831,19121.9097,18403.5105,7109.58233,9481.27654,12579.25711,87826.2935,82471.0,102.0,60.0,39.0,64.0
Illinois,17013,Calhoun County,2059,560,2680,1499.0,0.7682835820895523,0.208955223880597,0.5593283582089552,577.7,761.7,1761.9,1527.9,450.6,722.6,896.0,6698.6,6932.708779999999,9141.7396,21144.1117,18334.232679999997,5408.35353,8669.30266,10751.74501,80382.1941,107903.0,102.0,101.0,101.0,11.0
Illinois,17015,Carroll County,5082,2600,7836,2482.0,0.6485451761102603,0.3318019397651863,0.316743236345074,843.9,849.4,1574.1,1692.7,569.8,642.2,1014.3,7186.8,10126.8,10193.185529999999,18888.7656,20313.115400000002,6836.79246,7709.51296,12171.04185,86239.2141,77768.0,102.0,72.0,28.0,76.0
Illinois,17017,Cass County,3712,1438,5241,2274.0,0.7082617821026521,0.2743751192520511,0.4338866628506009,876.6,788.7,1526.1,1568.9,560.4,970.0,1058.6,7348.9,10519.2,9463.01467,18312.8377,18824.2704,6723.14716,11641.4108,12702.86208,88186.745,76426.0,102.0,58.0,20.0,82.0
Illinois,17019,Champaign County,32965,54314,88627,-21349.0,0.3719521139156239,0.6128380741760412,-0.2408859602604173,1146.7,905.5,1319.7,1697.7,690.6,1102.0,1251.4,8113.4,13760.6695,10864.94279,15837.5101,20373.30308,8285.44885,13221.597399999999,15016.78341,97360.2572,97100.0,102.0,11.0,59.0,19.0
Illinois,17021,Christian County,11278,4026,15534,7252.0,0.7260203424745719,0.2591734260332174,0.4668469164413544,870.0,817.8,1516.1,1568.9,567.8,768.4,994.2,7102.9,10440.0,9813.49677,18193.2423,18824.2704,6814.4218599999995,9217.792879999999,11929.86557,85233.0902,80181.0,102.0,77.0,38.0,70.0
Illinois,17023,Clark County,6130,1927,8203,4203.0,0.7472875777154699,0.2349140558332317,0.5123735218822382,895.2,813.0,1605.3,1695.4,574.6,502.4,983.4,7069.4,10742.4,9755.0828,19263.2569,20345.4823,6896.51265,6027.49266,11801.678479999999,84831.9061,84951.0,102.0,86.0,60.0,57.0
Illinois,17025,Clay County,5610,1054,6766,4556.0,0.8291457286432161,0.1557788944723618,0.6733668341708543,848.7,834.8,1611.8,1932.7,566.6,478.0,1044.8,7317.5,10184.4,10017.94476,19341.8423,23193.70735,6797.21142,5736.6785199999995,12538.20808,87809.9924,74401.0,102.0,63.0,18.0,91.0
Illinois,17027,Clinton County,14407,4447,19215,9960.0,0.7497788186312776,0.2314337756960707,0.5183450429352068,1126.7,856.8,1655.5,1527.9,667.1,769.0,1156.8,7759.3,13518.05872,10280.805960000002,19865.3166,18334.232679999997,8007.28422,9226.5088,13881.95316,93114.1609,102033.0,102.0,33.0,94.0,13.0
Illinois,17029,Coles County,13606,7495,21469,6111.0,0.6337509897992454,0.3491080162094182,0.2846429735898271,910.4,810.5,1424.2,1695.4,579.0,680.0,991.9,7091.5,10924.8,9725.87637,17091.5792,20345.4823,6948.055439999999,8159.653539999999,11903.19699,85098.6422,73684.0,102.0,83.0,21.0,94.0
Illinois,17031,Cook County,583852,1447821,2056800,-863969.0,0.2838642551536367,0.703919194865811,-0.4200549397121743,1815.4,993.1,1171.9,1023.5,944.8,1017.8,1286.6,8253.0,21784.8511,11916.38911,14063.415299999999,12281.75391,11339.00325,12213.9554,15437.74933,99037.1176,102297.0,102.0,15.0,81.0,12.0
Illinois,17033,Crawford County,6727,2048,8927,4679.0,0.75355662596617,0.2294163772824017,0.5241402486837683,861.1,756.9,1562.0,1932.7,544.3,637.0,1053.5,7347.8,10333.2,9083.326,18744.5311,23193.70735,6532.81758,7643.73848,12642.014729999999,88173.33410000001,86023.0,102.0,59.0,52.0,49.0
Illinois,17035,Cumberland County,4627,1059,5768,3568.0,0.8021844660194175,0.1835991678224688,0.6185852981969487,829.9,810.5,1672.7,1695.4,551.9,566.0,994.7,7121.3,9958.8,9725.87637,20071.964,20345.4823,6623.038409999999,6794.39044,11935.29329,85454.8424,93996.0,102.0,81.0,90.0,24.0
Illinois,17037,DeKalb County,22716,23648,47186,-932.0,0.4814139787225024,0.5011655999660917,-0.0197516212435892,1470.1,949.3,1454.9,1546.7,814.0,1154.0,1446.2,8835.1,17641.2,11390.66574,17457.816700000003,18560.795879999998,9767.961749999999,13846.858799999998,17355.9399,106021.2388,93970.0,102.0,8.0,33.0,25.0
Illinois,17039,De Witt County,5529,2058,7736,3471.0,0.7147104446742503,0.266028955532575,0.4486814891416752,892.2,832.3,1604.2,1622.7,580.3,664.6,1022.4,7218.8,10706.4,9988.73777,19250.4918,19471.5942,6963.01486,7976.395759999999,12268.50734,86625.1402,89912.0,102.0,78.0,76.0,34.0
Illinois,17041,Douglas County,6076,2198,8404,3878.0,0.7229890528319848,0.2615421227986673,0.4614469300333175,899.0,810.5,1603.5,1695.4,575.2,642.6,1029.4,7255.7,10788.0,9725.87637,19240.5728,20345.4823,6902.02822,7714.8722800000005,12351.64984,87068.4813,87355.0,102.0,74.0,62.0,43.0
Illinois,17043,DuPage County,191243,251164,449660,-59921.0,0.4253057865943157,0.5585642485433439,-0.1332584619490281,2140.3,1022.4,1454.6,1212.3,1063.9,1480.0,1790.5,10163.9,25681.2005,12266.870910000001,17456.7631,14547.38754,12767.877340000001,17759.693,21485.341200000003,121965.1342,136376.0,102.0,1.0,98.0,1.0
Illinois,17045,Edgar County,5955,1816,7906,4139.0,0.753225398431571,0.2296989628130533,0.5235264356185176,865.1,813.0,1527.9,1695.4,564.6,646.6,995.1,7107.6,10381.2,9755.0828,18333.2687,20345.4823,6774.9845700000005,7759.725020000001,11941.020919999999,85290.7633,74364.0,102.0,82.0,23.0,92.0
Illinois,17047,Edwards County,2794,457,3288,2337.0,0.8497566909975669,0.1389902676399027,0.7107664233576643,829.9,766.7,1658.4,1932.7,537.2,740.2,1112.8,7578.0,9958.8,9200.15311,19901.206599999998,23193.70735,6446.15544,8884.04294,13353.20961,90937.2742,73895.0,102.0,27.0,11.0,93.0
Illinois,17049,Effingham County,15124,3617,19062,11507.0,0.7934109747140908,0.1897492393243101,0.6036617353897806,898.2,834.8,1564.9,1932.7,583.1,595.8,1093.6,7503.3,10778.4,10017.94476,18778.5792,23193.70735,6997.066529999999,7147.969719999999,13123.465759999997,90037.1327,93649.0,102.0,51.0,78.0,26.0
Illinois,17051,Fayette County,7847,1632,9601,6215.0,0.8173106968024164,0.1699822935110926,0.6473284032913238,865.6,795.9,1630.0,1932.7,559.1,668.8,1104.1,7556.3,10387.2,9550.6354,19561.118,23193.70735,6708.21544,8023.661540000001,13251.61461,90676.1511,72652.0,102.0,38.0,8.0,95.0
Illinois,17053,Ford County,4778,1643,6547,3135.0,0.7297999083549718,0.2509546357110127,0.4788452726439591,867.9,905.5,1587.8,1695.4,596.8,705.4,1077.9,7436.2,10414.8,10864.94279,19053.7044,20345.4823,7159.70905,8462.18374,12933.984919999999,89234.8089,85122.0,102.0,53.0,47.0,54.5
Illinois,17055,Franklin County,13200,4257,17685,8943.0,0.7463952502120441,0.2407124681933842,0.5056827820186599,846.1,776.4,1520.5,1932.7,545.9,752.8,1082.0,7456.6,10153.2,9316.98055,18247.5697,23193.70735,6550.87003,9032.23794,12984.773860000001,89479.3391,67459.0,102.0,44.0,4.0,100.0
Illinois,17057,Fulton County,9827,5980,16137,3847.0,0.6089731672553759,0.3705769349941129,0.2383962322612629,924.3,873.7,1556.4,1654.7,604.9,831.0,1107.9,7552.7,11091.6,10485.25404,18677.2392,19855.44428,7259.673949999999,9970.97958,13294.157329999998,90634.3495,74828.0,102.0,41.0,15.0,87.0
Illinois,17059,Gallatin County,1923,561,2529,1362.0,0.7603795966785291,0.2218268090154211,0.538552787663108,878.8,778.8,1679.9,1932.7,557.7,740.2,1148.6,7717.0,10545.6,9346.187390000001,20158.5702,23193.70735,6692.72234,8884.04294,13784.573639999999,92605.4032,72386.0,102.0,23.0,6.0,97.0
Illinois,17061,Greene County,4719,1220,6054,3499.0,0.7794846382556987,0.2015196564255038,0.5779649818301948,867.7,761.7,1633.8,1525.5,548.4,694.2,963.3,6994.3,10412.4,9141.7396,19604.592800000002,18306.412,6579.11853,8329.04044,11559.22555,83932.52739999999,74519.0,102.0,88.0,25.0,89.0
Illinois,17063,Grundy County,16997,9143,26539,7854.0,0.6404536719544821,0.3445118504841931,0.295941821470289,1590.7,922.5,1553.1,1231.2,845.5,861.8,1299.8,8304.5,19088.4,11069.39069,18637.3609,14773.951360000001,10146.7864,10340.6916,15597.525269999998,99654.1069,109922.0,102.0,14.0,97.0,9.0
Illinois,17065,Hamilton County,3385,739,4181,2646.0,0.8096149246591724,0.1767519732121502,0.6328629514470222,855.0,778.8,1639.0,1932.7,549.5,740.2,1124.6,7620.3,10260.0,9346.187390000001,19667.2719,23193.70735,6596.63025,8884.04294,13493.502989999999,91441.3423,75333.0,102.0,29.0,13.0,84.0
Illinois,17067,Hancock County,6708,2183,9058,4525.0,0.7405608302053434,0.2410024287922278,0.4995584014131154,863.3,851.9,1657.6,1533.7,577.2,444.8,931.2,6859.7,10359.6,10222.392530000001,19892.0864,18403.5105,6924.94621,5338.7802599999995,11173.68764,82315.0022,85081.0,102.0,100.0,74.0,56.0
Illinois,17069,Hardin County,1546,357,1925,1189.0,0.8031168831168831,0.1854545454545454,0.6176623376623377,829.9,778.8,1672.5,1932.7,541.2,740.2,1123.0,7618.6,9958.8,9346.187390000001,20069.648699999998,23193.70735,6495.28953,8884.04294,13475.877789999999,91423.5528,68008.0,102.0,25.0,3.0,99.0
Illinois,17071,Henderson County,2369,1026,3462,1343.0,0.6842865395725014,0.2963604852686308,0.3879260543038705,897.9,881.1,1676.9,1533.7,598.5,693.8,1053.3,7335.0,10774.8,10572.87434,20121.0601,18403.5105,7182.5650399999995,8327.4825,12639.138519999999,88021.4309,76563.0,102.0,69.0,24.0,80.0
Illinois,17073,Henry County,15359,9226,25062,6133.0,0.612840156412098,0.3681270449285771,0.2447131114835208,945.7,861.6,1608.8,1495.5,608.0,842.0,1077.9,7439.1,11346.003379999998,10339.21989,19306.470699999998,17945.83818,7296.13551,10104.2926,12933.86762,89271.8285,89207.0,102.0,54.0,58.0,38.0
Illinois,17075,Iroquois County,10376,2747,13307,7629.0,0.7797399864732847,0.2064327045915683,0.5733072818817163,857.6,786.3,1583.2,1695.4,553.0,578.4,973.3,7027.1,10291.2,9433.80801,18998.374900000003,20345.4823,6636.6083,6941.69826,11679.68173,84326.8532,81973.0,102.0,87.0,51.0,66.0
Illinois,17077,Jackson County,10614,11394,22331,-780.0,0.4753033899064081,0.5102324123415879,-0.0349290224351797,997.0,849.4,1369.6,1935.1,621.3,990.6,1221.5,7984.4,11964.0,10193.185529999999,16434.4024,23221.52898,7454.93045,11888.2078,14656.41045,95812.6663,77348.0,102.0,12.0,10.0,77.0
Illinois,17079,Jasper County,4449,912,5421,3537.0,0.8206972883231876,0.1682346430547869,0.6524626452684006,831.6,834.8,1693.9,1932.7,560.7,484.6,1065.3,7403.9,9979.2,10017.94476,20325.4889,23193.70735,6728.17055,5815.798720000001,12785.087080000001,88845.3969,92214.0,102.0,52.0,71.0,31.0
Illinois,17081,Jefferson County,12189,4240,16639,7949.0,0.7325560430314322,0.2548230061902758,0.4777330368411563,945.8,813.0,1528.6,1932.7,591.6,649.0,1107.1,7568.0,11349.6,9755.0828,18341.971100000002,23193.70735,7100.80909,7787.57384,13285.95164,90814.693,74499.0,102.0,36.0,14.0,90.0
Illinois,17083,Jersey County,8684,2816,11691,5868.0,0.7427936019160037,0.2408690445641946,0.5019245573518091,957.6,761.7,1668.4,1527.9,578.4,787.4,1052.8,7335.0,11491.79731,9141.7396,20022.0087,18334.232679999997,6942.28878,9452.2124,12636.294899999999,88020.5746,97557.0,102.0,66.0,95.0,18.0
Illinois,17085,Jo Daviess County,7136,5051,12385,2085.0,0.5761808639483246,0.4078320549051272,0.1683488090431973,878.8,866.6,1626.5,1692.7,587.3,616.6,1046.0,7314.4,10545.6,10397.6336,19517.903,20313.115400000002,7046.4882800000005,7400.72402,12552.65941,87774.1238,93609.0,102.0,67.0,85.0,27.0
Illinois,17087,Johnson County,4798,1241,6103,3557.0,0.7861707357037523,0.2033426183844011,0.5828281173193511,938.4,837.2,1651.0,1935.1,597.4,787.4,1210.0,7956.8,11260.8,10047.15166,19811.635700000003,23221.52898,7169.2001199999995,9452.2124,14519.87868,95482.40900000001,77213.0,102.0,13.0,9.0,78.0
Illinois,17089,Kane County,99260,120077,222364,-20817.0,0.4463852062384199,0.5400019787375654,-0.0936167724991455,1845.6,939.7,1574.3,1212.3,937.2,1318.4,1592.9,9419.6,22147.6689,11273.838440000001,18889.7654,14547.38754,11244.88557,15817.1914,19114.6636,113035.40060000001,116477.0,102.0,2.0,79.0,7.0
Illinois,17091,Kankakee County,28285,18399,47515,9886.0,0.5952856992528676,0.3872250868146901,0.2080606124381774,1260.7,873.7,1451.0,1193.4,718.2,633.6,1001.6,7132.4,15128.4,10485.25404,17411.1423,14320.82431,8617.882029999999,7605.108439999999,12020.5207,85589.1324,86403.0,102.0,94.0,72.0,47.0
Illinois,17093,Kendall County,31970,32977,65970,-1007.0,0.4846142185842049,0.4998787327573139,-0.0152645141731089,1928.1,898.1,1692.1,1193.4,951.0,1079.4,1565.6,9307.5,23137.2,10777.322339999999,20304.2479,14320.82431,11410.76354,12953.450400000002,18785.00892,111688.8178,119150.0,102.0,5.0,93.0,6.0
Illinois,17095,Knox County,11917,9838,22175,2079.0,0.5374069898534386,0.4436527621195039,0.0937542277339346,865.8,868.9,1413.5,1652.3,583.6,785.0,1017.7,7186.6,10389.6,10426.840419999999,16961.4414,19827.6229,7003.8278900000005,9418.64288,12211.334469999998,86239.311,79128.0,102.0,73.0,35.0,73.0
Illinois,17097,Lake County,120402,184642,309323,-64240.0,0.3892436061980519,0.5969229575556942,-0.2076793513576423,1885.0,1000.1,1529.3,1150.2,970.8,1193.8,1560.6,9290.1,22620.9099,12004.00926,18352.6579,13802.96474,11649.78133,14325.9696,18726.320799999998,111482.6128,132828.0,102.0,4.0,100.0,2.0
Illinois,17099,LaSalle County,30717,21029,52432,9688.0,0.5858445224290509,0.4010718645102227,0.1847726579188282,1005.7,888.5,1528.1,1652.3,637.4,970.0,1189.6,7871.3,12068.4,10660.49495,18335.0875,19827.6229,7647.285709999999,11641.4108,14275.236839999998,94455.53719999999,88077.0,102.0,19.0,40.0,42.0
Illinois,17101,Lawrence County,4715,1283,6103,3432.0,0.7725708667868262,0.2102244797640504,0.5623463870227757,838.3,776.4,1541.2,1932.7,543.2,636.4,1045.6,7314.4,10059.6,9316.98055,18495.365100000003,23193.70735,6519.37766,7638.9940400000005,12548.00852,87772.0341,74741.0,102.0,57.0,17.0,88.0
Illinois,17103,Lee County,9680,6105,16091,3575.0,0.6015785221552421,0.3794046361319992,0.2221738860232428,903.9,849.4,1511.8,1692.7,589.9,861.6,1100.0,7509.3,10846.8,10193.185529999999,18142.0946,20313.115400000002,7079.04115,10337.539639999999,13200.05088,90111.8274,85122.0,102.0,48.0,42.0,54.5
Illinois,17105,Livingston County,11970,4311,16538,7659.0,0.7237876405853186,0.2606723908574193,0.4631152497278993,948.0,854.3,1522.3,1622.7,606.2,720.2,1047.9,7321.7,11376.0,10251.599189999999,18266.288099999998,19471.5942,7276.74762,8640.77604,12576.323769999999,87859.32930000001,89586.0,102.0,65.0,65.0,35.0
Illinois,17107,Logan County,8757,3543,12555,5214.0,0.6974910394265234,0.2821983273596177,0.4152927120669056,914.0,810.5,1477.2,1568.9,580.2,751.2,993.1,7095.2,10968.0,9725.87637,17727.7441,18824.2704,6962.59035,9014.52114,11917.97998,85140.9822,82344.0,102.0,84.0,49.0,65.0
Illinois,17109,McDonough County,6987,4736,11940,2251.0,0.5851758793969849,0.3966499162479062,0.1885259631490787,904.7,866.6,1475.3,1652.3,596.1,562.0,974.9,7031.2,10856.4,10397.6336,17701.8579,19827.6229,7151.058950000001,6742.08554,11698.72321,84375.3836,74951.0,102.0,91.0,26.0,86.0
Illinois,17111,McHenry County,83933,75370,161699,8563.0,0.5190693819998887,0.4661129629744154,0.0529564190254733,1785.4,942.1,1633.9,1150.2,917.7,1352.0,1579.8,9360.4,21422.0333,11303.045329999999,19606.46,13802.96474,11010.567509999999,16224.144,18957.2001,112326.41540000001,121624.0,102.0,3.0,92.0,5.0
Illinois,17113,McLean County,40290,44495,86168,-4205.0,0.4675749698263857,0.5163749883947637,-0.048800018568378,1220.7,905.5,1460.4,1625.0,715.3,1387.4,1422.6,8736.9,14648.4,10864.94279,17525.206899999997,19499.41568,8584.13145,16648.821600000003,17071.00791,104841.927,112015.0,102.0,7.0,84.0,8.0
Illinois,17115,Macon County,26562,18009,45224,8553.0,0.5873430037148417,0.3982177604811604,0.1891252432336813,1037.6,832.3,1373.8,1527.9,629.2,876.2,1051.8,7328.8,12451.2,9988.73777,16484.4818,18334.232679999997,7550.06425,10513.6754,12622.58992,87944.98199999999,84901.0,102.0,68.0,53.0,58.0
Illinois,17117,Macoupin County,16065,6892,23403,9173.0,0.6864504550698628,0.2944921591248985,0.3919582959449643,1013.7,842.1,1537.0,1527.9,624.4,855.2,1090.7,7491.3,12164.4,10105.56494,18443.7329,18334.232679999997,7492.87574,10265.7382,13088.19563,89894.7395,84339.0,102.0,50.0,41.0,59.0
Illinois,17119,Madison County,73925,56341,132599,17584.0,0.5575079751732668,0.4248976236623202,0.1326103515109465,1168.5,871.5,1477.8,1231.2,686.4,1136.2,1153.3,7724.8,14024.624,10456.04707,17732.5604,14773.951360000001,8236.68225,13633.642600000001,13840.413279999999,92697.9206,96412.0,102.0,28.0,77.0,21.0
Illinois,17121,Marion County,12409,4116,16756,8293.0,0.7405705418954405,0.2456433516352351,0.4949271902602053,861.8,749.8,1483.9,1932.7,542.2,574.0,1004.5,7149.0,10341.6,8995.70527,17807.9562,23193.70735,6506.16339,6889.39354,12053.93042,85788.4559,77817.0,102.0,80.0,31.0,75.0
Illinois,17123,Marshall County,4119,1913,6127,2206.0,0.6722702790925412,0.3122245797290681,0.3600456993634731,857.9,978.5,1656.1,1625.0,617.8,787.4,1135.8,7659.1,10296.175599999999,11741.14791,19874.846899999997,19499.41568,7414.60191,9452.2124,13629.538449999998,91907.94039999999,88156.0,102.0,32.0,48.0,41.0
Illinois,17125,Mason County,4464,1773,6371,2691.0,0.700674933291477,0.2782922618113326,0.4223826714801444,869.6,873.7,1579.9,1568.9,586.7,617.4,989.9,7086.2,10435.2,10485.25404,18960.3134,18824.2704,7038.823979999999,7410.74884,11879.38674,85033.9973,80426.0,102.0,85.0,43.0,69.0
Illinois,17127,Massac County,4939,1683,6676,3256.0,0.7398142600359496,0.2520970641102457,0.4877171959257039,880.6,810.5,1491.1,1932.7,568.9,740.2,1103.4,7527.8,10567.2,9725.87637,17895.403,23193.70735,6827.738649999999,8884.04294,13239.115679999999,90333.08469999999,76848.0,102.0,42.0,19.0,79.0
Illinois,17129,Menard County,4499,1834,6423,2665.0,0.7004515024132025,0.2855363537287871,0.4149151486844153,952.8,924.8,1676.6,1571.0,631.5,903.4,1182.1,7842.2,11430.44199,11098.59742,20120.3204,18852.09208,7580.04299,10838.696,14184.23389,94104.424,96413.0,102.0,20.0,66.0,20.0
Illinois,17131,Mercer County,5215,2950,8345,2265.0,0.6249251048532055,0.353505092869982,0.2714200119832234,854.8,883.5,1672.5,1495.5,584.9,939.4,1105.8,7536.7,10261.55907,10602.08128,20070.2734,17945.83818,7019.70849,11271.09302,13269.74504,90440.29890000001,92255.0,102.0,37.0,64.0,30.0
Illinois,17133,Monroe County,14055,6473,20889,7582.0,0.672842165733161,0.3098760112978122,0.3629661544353488,1201.6,881.1,1641.3,1231.2,700.6,794.6,1104.7,7554.6,14415.4035,10572.87434,19694.962,14773.951360000001,8407.46991,9535.66278,13256.301449999999,90656.6253,128922.0,102.0,56.0,102.0,3.0
Illinois,17135,Montgomery County,9378,3573,13187,5805.0,0.7111549253052248,0.2709486615606279,0.4402062637445969,871.7,805.6,1536.6,1525.5,564.4,727.4,969.0,7000.3,10460.4,9667.46257,18439.6283,18306.412,6772.151489999999,8728.64844,11627.35265,84002.0549,86565.0,102.0,93.0,67.0,46.0
Illinois,17137,Morgan County,9607,4848,14649,4759.0,0.6558126834596218,0.3309440917468769,0.3248685917127449,839.5,788.7,1456.4,1568.9,547.8,730.0,934.3,6865.1,10074.0,9463.01467,17475.9434,18824.2704,6573.3567299999995,8760.031039999998,11211.16661,82381.78270000001,89250.0,102.0,98.0,86.0,37.0
Illinois,17139,Moultrie County,4816,1615,6523,3201.0,0.7383105932852981,0.2475854668097501,0.490725126475548,894.5,774.0,1580.0,1568.9,561.3,668.8,974.6,7021.7,10734.0,9287.77376,18959.68,18824.2704,6736.457060000001,8023.661540000001,11695.55691,84261.4007,91635.0,102.0,95.0,91.0,33.0
Illinois,17141,Ogle County,16450,8883,25749,7567.0,0.6388597615441376,0.3449842712338343,0.2938754903103032,983.9,895.7,1568.2,1544.3,632.4,801.2,1100.1,7525.9,11806.8,10748.11575,18816.432099999998,18532.974599999998,7588.749309999999,9616.50126,13200.050770000002,90309.6237,94155.0,102.0,43.0,75.0,23.0
Illinois,17143,Peoria County,36896,40564,78731,-3668.0,0.4686337020995542,0.5152227204023828,-0.0465890183028286,1058.2,910.3,1403.1,1625.0,662.3,953.0,1165.0,7776.9,12699.06409,10923.35663,16834.8919,19499.41568,7947.918309999999,11436.864,13979.992989999999,93321.5036,88576.0,102.0,21.0,44.0,39.0
Illinois,17145,Perry County,6949,2146,9241,4803.0,0.7519748944919381,0.232225949572557,0.5197489449193811,894.3,764.3,1547.9,1932.7,558.2,822.6,1136.4,7656.5,10731.6,9170.9465,18574.9485,23193.70735,6696.3422900000005,9872.93418,13637.182649999999,91877.66189999999,75049.0,102.0,31.0,12.0,85.0
Illinois,17147,Piatt County,6104,3204,9496,2900.0,0.6427969671440606,0.3374052232518955,0.3053917438921651,1069.8,905.5,1676.5,1697.7,664.7,787.4,1227.1,8029.1,12841.48925,10864.94279,20117.3515,20373.30308,7976.184510000001,9452.2124,14725.97408,96351.4599,98731.0,102.0,16.0,73.0,16.0
Illinois,17149,Pike County,6086,1302,7506,4784.0,0.8108180122568612,0.1734612310151878,0.6373567812416734,835.6,798.2,1621.5,1568.9,549.7,466.8,901.2,6741.9,10027.2,9579.84207,19457.6136,18824.2704,6596.918,5601.541139999999,10814.307920000001,80901.69399999999,80158.0,102.0,102.0,56.0,71.0
Illinois,17151,Pope County,1698,416,2132,1282.0,0.7964352720450282,0.1951219512195122,0.6013133208255159,853.8,778.8,1666.3,1932.7,549.1,740.2,1134.8,7656.0,10245.6,9346.187390000001,19994.8666,23193.70735,6591.785379999999,8884.04294,13617.350620000001,91873.5397,88393.0,102.0,24.0,45.0,40.0
Illinois,17153,Pulaski County,1583,769,2377,814.0,0.6659655027345394,0.3235170382835507,0.3424484644509886,899.1,825.1,1633.3,1932.7,580.1,849.0,1203.4,7922.8,10789.2,9901.11721,19597.966800000002,23193.70735,6961.39298,10187.741339999999,14441.94104,95073.0679,60905.0,102.0,17.0,1.0,101.0
Illinois,17155,Putnam County,2014,1254,3331,760.0,0.6046232362653857,0.376463524467127,0.2281597117982587,872.1,839.6,1776.6,1652.3,576.0,740.2,1110.8,7567.8,10465.2,10076.35831,21320.4415,19827.6229,6911.34204,8884.04294,13328.784049999998,90813.7904,93265.0,102.0,45.0,70.0,28.0
Illinois,17157,Randolph County,10624,3461,14332,7163.0,0.7412782584426458,0.2414875802400223,0.4997906782026235,854.9,805.6,1563.0,1525.5,558.7,713.0,967.6,6988.5,10258.8,9667.46257,18755.9779,18306.412,6704.32179,8555.37256,11611.37465,83859.7212,89319.0,102.0,90.0,80.0,36.0
Illinois,17159,Richland County,5889,1747,7743,4142.0,0.7605579232855483,0.2256231434844375,0.5349347798011107,863.6,776.4,1522.8,1932.7,551.8,618.6,1043.7,7309.4,10363.2,9316.98055,18273.7808,23193.70735,6621.52586,7420.728719999999,12523.93036,87713.8535,78589.0,102.0,64.0,27.0,74.0
Illinois,17161,Rock Island County,28061,34126,63267,-6065.0,0.4435329634722683,0.5393965258349535,-0.0958635623626851,974.9,883.5,1370.8,1495.5,625.2,827.8,1019.2,7196.8,11698.44782,10602.08128,16450.479,17945.83818,7503.15936,9932.3238,12229.962640000002,86362.293,87207.0,102.0,75.0,63.0,44.0
Illinois,17163,St. Clair County,54021,63433,119655,-9412.0,0.4514729848313902,0.5301324641678158,-0.0786594793364255,1244.8,910.3,1420.6,1231.2,725.0,751.0,1049.4,7332.1,14936.442,10923.35663,17048.6279,14773.951360000001,8700.698639999999,9009.74912,12592.32918,87985.1555,92727.0,102.0,76.0,88.0,29.0
Illinois,17165,Saline County,7830,2634,10602,5196.0,0.7385398981324278,0.2484436898698359,0.4900962082625919,867.9,778.8,1476.9,1932.7,554.0,849.0,1115.3,7574.8,10414.8,9346.187390000001,17722.2981,23193.70735,6648.713740000001,10187.741339999999,13384.598690000003,90898.04740000001,72510.0,102.0,34.0,7.0,96.0
Illinois,17167,Sangamon County,50979,46074,98845,4905.0,0.515746876422682,0.4661237290707674,0.0496231473519146,1165.1,924.8,1384.1,1527.9,703.1,817.8,1133.3,7656.0,13980.30991,11098.59742,16609.759700000002,18334.232679999997,8437.96298,9810.9768,13600.01022,91871.8492,101807.0,102.0,40.0,96.0,14.0
Illinois,17169,Schuyler County,2720,961,3756,1759.0,0.724174653887114,0.2558572949946752,0.4683173588924388,849.6,866.6,1579.5,1568.9,577.4,516.2,941.2,6898.9,10195.2,10397.6336,18955.6918,18824.2704,6928.59385,6194.8675,11291.68007,82787.937,85464.0,102.0,99.0,68.0,51.0
Illinois,17171,Scott County,2071,488,2587,1583.0,0.8005411673753382,0.1886354851178971,0.611905682257441,830.5,788.7,1701.7,1568.9,544.8,597.0,963.3,6994.1,9966.0,9463.01467,20418.3689,18824.2704,6537.01936,7164.90432,11557.22487,83930.8027,92169.0,102.0,89.0,89.0,32.0
Illinois,17173,Shelby County,9267,2240,11664,7027.0,0.7944958847736625,0.1920438957475994,0.6024519890260631,860.7,774.0,1623.0,1525.5,550.0,627.4,941.4,6902.1,10328.4,9287.77376,19475.744,18306.412,6599.990210000001,7530.20006,11296.22635,82824.7445,84015.0,102.0,97.0,61.0,60.0
Illinois,17175,Stark County,1983,725,2761,1258.0,0.7182180369431366,0.2625860195581311,0.4556320173850054,855.6,861.6,1697.7,1625.0,577.9,787.4,1096.4,7501.9,10269.32755,10339.21989,20371.7182,19499.41568,6933.88099,9452.2124,13155.212239999999,90020.9863,81042.0,102.0,47.0,30.0,68.0
Illinois,17177,Stephenson County,12347,8278,20965,4069.0,0.5889339375149057,0.3948485571190078,0.1940853803958979,841.6,907.8,1447.6,1692.7,588.7,677.2,1008.0,7163.6,10099.2,10894.14988,17371.471100000002,20313.115400000002,7063.35014,8124.4162799999995,12098.08902,85963.7912,79462.0,102.0,71.0,36.0,72.0
Illinois,17179,Tazewell County,42451,24325,67966,18126.0,0.6245917076185151,0.3578995380042962,0.2666921696142189,1004.3,849.4,1510.9,1625.0,623.8,889.8,1126.9,7630.2,12054.71407,10193.185529999999,18130.9511,19499.41568,7485.451660000001,10676.2876,13523.383730000001,91563.3878,97571.0,102.0,35.0,83.0,17.0
Illinois,17181,Union County,5837,2285,8224,3552.0,0.7097519455252919,0.2778453307392996,0.4319066147859922,874.8,849.4,1592.4,1932.7,580.2,740.2,1148.8,7718.9,10497.6,10193.185529999999,19108.9338,23193.70735,6961.55049,8884.04294,13786.967240000002,92625.9878,83539.0,102.0,22.0,29.0,62.0
Illinois,17183,Vermilion County,19777,9254,29509,10523.0,0.6702023111593073,0.313599240909553,0.3566030702497542,1000.7,842.1,1446.2,1697.7,620.1,611.2,1028.8,7246.8,12008.4,10105.56494,17353.519200000002,20373.30308,7440.38864,7335.11866,12345.0299,86961.3254,75464.0,102.0,70.0,22.0,83.0
Illinois,17185,Wabash County,4095,1200,5377,2895.0,0.7615770875953134,0.2231727729217035,0.5384043146736098,887.7,766.7,1534.7,1932.7,556.7,740.2,1102.3,7521.1,10652.4,9200.15311,18415.6615,23193.70735,6679.52169,8884.04294,13226.076070000001,90251.5627,83731.0,102.0,46.0,37.0,61.0
Illinois,17187,Warren County,4579,2711,7432,1868.0,0.6161194833153929,0.3647739504843918,0.2513455328310011,877.5,868.9,1545.7,1533.7,587.7,639.2,977.7,7030.3,10530.0,10426.840419999999,18547.4342,18403.5105,7051.06647,7668.79976,11734.19567,84361.84479999999,82684.0,102.0,92.0,55.0,63.0
Illinois,17189,Washington County,5892,1564,7561,4328.0,0.7792620023806375,0.2068509456421108,0.5724110567385267,880.7,856.8,1682.3,1525.5,584.5,740.2,1047.2,7317.5,10568.4,10280.805960000002,20187.985699999997,18306.412,7014.852220000001,8884.04294,12567.70366,87810.2027,94529.0,102.0,62.0,87.0,22.0
Illinois,17191,Wayne County,7019,1155,8267,5864.0,0.849038345228015,0.1397121083827265,0.7093262368452885,831.1,813.0,1600.5,1932.7,553.2,740.2,1115.3,7586.1,9973.2,9755.0828,19205.387300000002,23193.70735,6637.710349999999,8884.04294,13382.687160000001,91031.8179,76472.0,102.0,26.0,16.0,81.0
Illinois,17193,White County,5586,1390,7064,4196.0,0.7907701019252548,0.1967723669309173,0.5939977349943375,869.4,827.6,1565.6,1932.7,571.1,740.2,1130.6,7637.3,10432.8,9930.32415,18787.290399999998,23193.70735,6851.3065799999995,8884.04294,13566.51996,91645.99049999999,69832.0,102.0,30.0,5.0,98.0
Illinois,17195,Whiteside County,14898,11012,26429,3886.0,0.5636989670437776,0.4166635135646448,0.1470354534791327,874.9,849.4,1498.1,1533.7,580.2,886.2,1034.3,7256.4,10498.8,10193.185529999999,17976.0395,18403.5105,6961.95438,10634.12312,12410.38122,87077.99429999999,85370.0,102.0,61.0,50.0,52.0
Illinois,17197,Will County,157672,162874,324971,-5202.0,0.4851879090749636,0.5011954912899921,-0.0160075822150284,1857.5,924.8,1594.9,1112.5,936.3,1187.4,1516.8,9129.9,22289.6418,11098.59742,19137.7549,13349.83809,11233.69204,14246.858600000001,18203.3121,109559.69499999999,124227.0,102.0,6.0,99.0,4.0
Illinois,17199,Williamson County,22686,9890,32998,12796.0,0.6874962118916298,0.2997151342505606,0.3877810776410691,1065.1,837.2,1474.9,1935.1,640.2,761.4,1196.8,7910.3,12781.2,10047.15166,17697.1801,23221.52898,7680.74866,9135.85922,14359.2406,94922.9063,85336.0,102.0,18.0,32.0,53.0
Illinois,17201,Winnebago County,59257,59942,121048,-685.0,0.489533077787324,0.4951919899543983,-0.0056589121670742,1110.5,898.1,1352.4,1536.0,675.9,862.4,1105.6,7540.6,13326.022269999998,10777.322339999999,16227.5437,18431.33108,8109.728160000001,10348.410800000001,13266.763690000002,90487.12240000001,81456.0,102.0,49.0,34.0,67.0
Illinois,17203,Woodford County,14837,5958,21113,8879.0,0.7027423862075498,0.2821958035333681,0.4205465826741817,1014.9,978.5,1660.6,1625.0,670.5,1201.0,1359.5,8509.7,12175.52923,11741.14791,19927.4589,19499.41568,8046.92303,14410.109399999998,16315.530369999999,102116.1155,109137.0,102.0,9.0,82.0,10.0
Indiana,18001,Adams County,10528,3179,13959,7349.0,0.7542087542087542,0.2277383766745468,0.5264703775342073,919.3,744.7,1547.6,1212.8,559.8,814.4,785.6,6584.4,11031.6,8937.29177,18571.711799999997,14551.93234,6718.66449,9774.4769,9427.49587,79013.1745,78550.0,92.0,63.0,45.0,65.0
Indiana,18003,Allen County,90283,69960,162979,20323.0,0.5539548039931524,0.4292577571343547,0.1246970468587977,1166.3,820.4,1400.2,1250.0,668.3,1200.2,1007.8,7513.1,13995.916119999998,9842.70386,16803.5692,15000.51428,8020.65992,14401.6938,12093.35664,90158.413,85796.0,92.0,20.0,32.0,36.0
Indiana,18005,Bartholomew County,22220,12525,35464,9695.0,0.6265508684863523,0.3531750507556959,0.2733758177306564,1304.2,817.8,1512.2,1101.7,714.1,1259.8,1070.9,7780.3,15650.4,9813.49677,18145.7687,13220.37321,8567.494929999999,15116.838,12850.24384,93364.6161,96372.0,92.0,13.0,58.0,12.0
Indiana,18007,Benton County,2873,1010,3954,1863.0,0.7266059686393526,0.2554375316135558,0.4711684370257967,857.4,839.6,1600.9,1120.5,571.0,1061.6,864.4,6915.8,10291.34446,10076.35831,19209.4873,13446.936730000001,6852.84716,12738.94806,10374.53985,82990.46190000001,73715.0,92.0,44.0,12.0,78.0
Indiana,18009,Blackford County,3811,1227,5135,2584.0,0.7421616358325219,0.2389483933787731,0.5032132424537488,926.9,786.3,1480.5,1115.5,576.3,837.8,764.1,6487.4,11122.8,9433.80801,17766.4147,13386.74951,6916.40555,10054.2073,9169.95386,77850.33840000001,63768.0,92.0,79.0,2.0,92.0
Indiana,18011,Boone County,22840,16426,40062,6414.0,0.5701163197044581,0.4100144775597823,0.1601018421446757,1594.6,878.6,1569.9,1171.9,832.0,1447.2,1338.6,8832.8,19133.781,10543.667669999999,18838.7491,14061.89453,9985.17237,17366.959,16063.80055,105994.02560000001,126593.0,92.0,3.0,90.0,2.0
Indiana,18013,Brown County,5647,2832,8627,2815.0,0.6545728526718442,0.3282717051118581,0.326301147559986,1193.2,817.8,1718.2,1158.4,676.6,1238.6,1104.0,7906.5,14316.780929999999,9813.49677,20618.0514,13900.06382,8118.79022,14862.747,13246.987770000002,94876.9192,88873.0,92.0,8.0,29.0,27.0
Indiana,18015,Carroll County,6902,2120,9177,4782.0,0.7520976353928299,0.2310123133921761,0.5210853220006538,918.4,825.1,1635.9,1101.7,586.7,1073.6,893.6,7034.7,11020.8,9901.11721,19630.0707,13220.37321,7039.31634,12882.48486,10724.090059999999,84418.2531,80554.0,92.0,42.0,31.0,57.0
Indiana,18017,Cass County,10285,3722,14207,6563.0,0.7239389033574998,0.2619835292461462,0.4619553741113535,947.0,756.9,1503.1,1104.9,573.3,818.4,757.6,6461.2,11364.0,9083.326,18037.318,13257.28467,6879.63692,9822.20248,9090.76833,77534.5368,69693.0,92.0,88.0,15.0,87.0
Indiana,18019,Clark County,34734,22810,58570,11924.0,0.5930339764384497,0.3894485231347106,0.203585453303739,1378.9,820.4,1491.0,983.0,739.9,1323.2,1083.7,7820.0,16548.1333,9842.70386,17893.349,11796.26083,8879.370299999999,15878.8212,13003.24811,93841.8874,84880.0,92.0,12.0,18.0,40.0
Indiana,18021,Clay County,9354,2495,12050,6859.0,0.7762655601659751,0.2070539419087137,0.5692116182572614,969.2,774.0,1531.2,1233.8,586.6,1114.0,913.4,7122.3,11630.81583,9287.77376,18374.2533,14806.31722,7038.19659,13369.87768,10960.03933,85467.2721,86506.0,92.0,34.0,47.0,34.0
Indiana,18023,Clinton County,9108,3135,12443,5973.0,0.7319778188539742,0.2519488869243751,0.480028931929599,957.6,737.4,1509.2,1099.3,570.2,833.2,758.1,6465.7,11491.2,8849.67121,18109.246600000002,13192.552350000002,6843.819460000001,10000.76808,9099.55185,77586.81,84253.0,92.0,81.0,70.0,44.0
Indiana,18025,Crawford County,3668,1235,5011,2433.0,0.7319896228297745,0.2464577928557174,0.4855318299740571,959.3,749.8,1654.4,980.7,574.9,837.6,774.5,6531.2,11511.6,8995.70527,19852.3544,11768.43945,6899.817290000001,10050.457120000001,9294.86285,78373.2358,64936.0,92.0,84.0,4.0,91.0
Indiana,18027,Daviess County,9322,1963,11445,7359.0,0.8145041502839668,0.1715159458278724,0.6429882044560944,920.6,737.4,1539.9,1091.4,557.7,816.4,744.5,6407.8,11047.2,8849.67121,18477.8973,13095.45372,6694.43282,9795.95006,8934.39442,76894.9985,88354.0,92.0,86.0,86.0,29.0
Indiana,18029,Dearborn County,20844,5335,26588,15509.0,0.7839626899353092,0.200654430570182,0.5833082593651271,1035.2,795.9,1648.4,1220.3,616.1,1149.8,996.3,7461.7,12421.575249999998,9550.6354,19780.5506,14644.48622,7392.6942899999995,13795.87226,11954.85356,89540.6692,100243.0,92.0,26.0,82.0,9.0
Indiana,18031,Decatur County,9491,2406,12111,7085.0,0.7836677400710098,0.198662373049294,0.5850053670217158,1015.7,771.5,1559.9,1099.3,601.4,857.2,816.9,6722.5,12188.4,9258.56683,18721.3918,13192.552350000002,7215.97274,10289.12154,9802.51719,80668.5209,86716.0,92.0,50.0,69.0,32.0
Indiana,18033,DeKalb County,14377,5064,19785,9313.0,0.7266616123325752,0.2559514783927217,0.4707101339398534,897.3,793.4,1553.4,1212.8,568.8,809.8,795.9,6631.6,10767.6,9521.4285,18640.6552,14551.93234,6826.376679999999,9720.30242,9551.10772,79579.4034,83849.0,92.0,59.0,59.0,45.0
Indiana,18035,Delaware County,26067,18848,45736,7219.0,0.5699449011719433,0.4121042504810215,0.1578406506909218,1042.0,817.8,1362.2,1117.9,625.8,1143.4,887.5,6996.6,12504.0,9813.49677,16346.9275,13414.57042,7508.868060000001,13720.816759999998,10651.214810000001,83959.8951,71918.0,92.0,43.0,6.0,84.0
Indiana,18037,Dubois County,14983,5944,21406,9039.0,0.6999439409511352,0.2776791553769971,0.4222647855741381,957.3,766.7,1655.3,1091.4,580.2,855.8,820.9,6727.2,11487.6,9200.15311,19863.8822,13095.45372,6960.530220000001,10268.94484,9849.53377,80726.09760000001,88076.0,92.0,62.0,79.0,30.0
Indiana,18039,Elkhart County,45652,23082,69694,22570.0,0.655034866703016,0.3311906333400293,0.3238442333629867,1179.6,832.3,1460.9,1134.0,676.9,1200.2,1001.2,7485.0,14155.2,9988.73777,17528.9399,13608.767679999999,8123.38606,14403.2484,12013.40953,89821.69029999999,81948.0,92.0,22.0,17.0,55.0
Indiana,18041,Fayette County,7625,2084,9838,5541.0,0.7750559056718845,0.2118316731042895,0.563224232567595,887.8,735.0,1436.4,1150.7,546.0,807.8,716.2,6279.9,10653.6,8820.46429,17235.706899999997,13807.51035,6552.176649999999,9694.50518,8594.47377,75358.4364,68957.0,92.0,91.0,16.0,89.0
Indiana,18043,Floyd County,23408,17025,41144,6383.0,0.568928640871087,0.4137905891503013,0.1551380517207856,1290.4,856.8,1508.2,983.0,722.3,1278.0,1051.0,7689.9,15484.5479,10280.805960000002,18097.4516,11796.26083,8668.922349999999,15335.146799999999,12614.69623,92277.83290000001,100551.0,92.0,19.0,78.0,8.0
Indiana,18045,Fountain County,6311,1526,7981,4785.0,0.7907530384663576,0.1912041097606816,0.599548928705676,892.1,834.8,1553.3,1099.3,581.1,831.6,783.6,6575.9,10705.2,10017.94476,18640.8736,13192.552350000002,6972.43796,9977.7734,9403.4609,78910.24519999999,75888.0,92.0,61.0,33.0,70.0
Indiana,18047,Franklin County,9810,2061,12032,7749.0,0.8153257978723404,0.1712932180851064,0.6440325797872339,1027.5,825.1,1654.4,1220.3,623.4,1136.2,1004.7,7491.3,12330.0,9901.11721,19851.610800000002,14644.48622,7479.80522,13634.35422,12054.70487,89896.0795,90802.0,92.0,23.0,52.0,21.0
Indiana,18049,Fulton County,6633,2097,8851,4536.0,0.7494068466839905,0.2369223816517907,0.5124844650321998,890.4,781.4,1562.6,1104.9,562.3,808.4,758.3,6468.6,10684.8,9375.39417,18752.2693,13257.28467,6749.38385,9701.182700000001,9100.97608,77621.2907,72079.0,92.0,75.0,21.0,83.0
Indiana,18051,Gibson County,11896,3722,15897,8174.0,0.7483172925709254,0.2341322262062024,0.5141850663647229,967.0,756.9,1597.3,1099.3,580.0,826.6,794.0,6621.3,11604.0,9083.326,19167.9973,13192.552350000002,6960.386530000001,9920.430479999999,9528.1314,79456.8237,85955.0,92.0,68.0,74.0,35.0
Indiana,18053,Grant County,17580,7083,25133,10497.0,0.699478772928023,0.2818207138025703,0.4176580591254526,919.7,786.3,1415.4,1115.5,574.0,828.4,740.4,6379.6,11036.4,9433.80801,16986.3014,13386.74951,6887.3357399999995,9941.51994,8885.370579999999,76557.4853,69127.0,92.0,90.0,14.0,88.0
Indiana,18055,Greene County,11132,3270,14633,7862.0,0.7607462584569125,0.2234675049545547,0.5372787535023577,943.9,715.5,1586.2,1091.4,558.3,835.8,767.2,6498.1,11326.8,8586.809669999999,19034.623,13095.45372,6700.06464,10028.82388,9205.571899999999,77978.14739999999,71350.0,92.0,83.0,20.0,85.0
Indiana,18057,Hamilton County,102318,90394,196441,11924.0,0.5208586802144155,0.4601585208790426,0.0607001593353729,1824.6,954.2,1517.3,1171.9,934.8,1566.8,1498.5,9467.5,21892.743899999998,11449.07962,18207.129399999998,14061.89453,11218.07519,18801.2592,17981.73431,113611.91589999999,142701.0,92.0,1.0,92.0,1.0
Indiana,18059,Hancock County,29288,14312,44431,14976.0,0.6591794017690351,0.322117440525759,0.3370619612432761,1393.2,839.6,1617.4,1153.0,751.3,1342.8,1203.8,8300.6,16717.8243,10076.35831,19407.2092,13835.3312,9015.0785,16110.976,14443.65356,99606.4311,112703.0,92.0,5.0,87.0,4.0
Indiana,18061,Harrison County,14830,5233,20440,9597.0,0.7255381604696673,0.2560176125244618,0.4695205479452055,1122.3,749.8,1690.4,983.0,629.9,1192.0,963.7,7330.8,13466.864259999998,8995.70527,20284.9923,11796.26083,7557.678849999999,14303.765,11563.9182,87969.18549999999,94408.0,92.0,30.0,72.0,16.0
Indiana,18063,Hendricks County,49783,31917,83116,17866.0,0.5989580826796285,0.384005486308292,0.2149525963713364,1695.0,834.8,1595.1,1171.9,851.3,1499.8,1389.6,9037.3,20341.759700000002,10017.94476,19141.8496,14061.89453,10214.721580000001,17994.9502,16675.959899999998,108449.0803,115610.0,92.0,2.0,73.0,3.0
Indiana,18065,Henry County,15033,5208,20592,9825.0,0.7300407925407926,0.2529137529137529,0.4771270396270397,914.4,803.3,1467.7,1150.7,577.9,817.0,765.2,6496.2,10972.8,9638.25564,17612.8376,13807.51035,6934.7248500000005,9804.04604,9183.825260000001,77954.0011,75353.0,92.0,74.0,36.0,73.0
Indiana,18067,Howard County,25871,12197,38778,13674.0,0.6671566352055289,0.3145340141317241,0.3526226210738047,1069.7,810.5,1392.8,1107.1,632.7,1157.0,905.4,7074.7,12836.4,9725.87637,16712.0078,13285.10553,7591.22583,13880.832199999999,10863.84195,84895.29079999999,82009.0,92.0,41.0,37.0,54.0
Indiana,18069,Huntington County,12990,4416,17720,8574.0,0.7330699774266366,0.2492099322799097,0.4838600451467268,907.9,769.2,1537.4,1212.8,564.2,833.2,793.7,6618.3,10894.8,9229.36033,18448.3822,14551.93234,6770.905710000001,10000.44008,9525.164630000001,79420.9839,79799.0,92.0,60.0,46.0,59.0
Indiana,18071,Jackson County,14323,4015,18653,10308.0,0.7678657588591647,0.2152468771779338,0.552618881681231,966.3,747.2,1514.9,1099.3,576.7,836.4,767.2,6508.0,11595.6,8966.4985,18179.519800000002,13192.552350000002,6918.252960000001,10036.23308,9207.44982,78096.1054,83584.0,92.0,69.0,64.0,47.0
Indiana,18073,Jasper County,12082,3489,15821,8593.0,0.7636685418115163,0.2205296757474243,0.543138866064092,1231.9,890.7,1615.9,1120.5,714.2,1227.8,1104.7,7905.9,14782.8,10689.70192,19393.008500000004,13446.936730000001,8570.390300000001,14733.602799999999,13255.624520000001,94872.06580000001,95030.0,92.0,7.0,48.0,15.0
Indiana,18075,Jay County,6217,1747,8102,4470.0,0.76734139718588,0.2156257714144655,0.5517156257714144,915.6,720.4,1552.0,1115.5,550.6,814.4,747.6,6416.4,10987.2,8645.223320000001,18624.9144,13386.74951,6605.45763,9775.76718,8972.042019999999,76997.3551,68486.0,92.0,87.0,13.0,90.0
Indiana,18077,Jefferson County,9614,4442,14325,5172.0,0.6711343804537522,0.310087260034904,0.3610471204188482,923.9,788.7,1483.1,980.7,576.1,843.6,726.2,6322.2,11086.8,9463.01467,17795.3002,11768.43945,6914.119990000001,10124.707120000001,8714.43368,75866.8156,73942.0,92.0,92.0,41.0,76.0
Indiana,18079,Jennings County,9273,2328,11809,6945.0,0.7852485392497248,0.1971377762723346,0.5881107629773902,960.3,735.0,1610.3,1099.3,570.3,854.0,798.1,6627.6,11523.6,8820.46429,19323.7216,13192.552350000002,6844.89384,10248.71412,9576.88879,79530.83469999999,77144.0,92.0,67.0,43.0,68.0
Indiana,18081,Johnson County,51588,24880,77794,26708.0,0.6631359744967478,0.3198190091780857,0.343316965318662,1501.0,827.6,1522.5,1158.4,783.6,1398.8,1235.3,8427.2,18015.2827,9930.32415,18269.2081,13900.06382,9402.48258,16785.4856,14823.617670000001,101126.46599999999,102458.0,92.0,4.0,56.0,6.0
Indiana,18083,Knox County,11236,3625,15105,7611.0,0.743859649122807,0.2399867593512082,0.5038728897715988,916.0,769.2,1459.9,1091.4,566.9,818.4,732.9,6354.2,10992.0,9229.36033,17517.2583,13095.45372,6803.609170000001,9818.28804,8793.95415,76249.9233,79022.0,92.0,89.0,55.0,62.0
Indiana,18085,Kosciusko County,26213,7995,34855,18218.0,0.7520585281882083,0.2293788552574953,0.5226796729307129,999.1,830.0,1561.2,1131.9,615.7,850.0,840.9,6828.5,11989.2,9959.53083,18734.4198,13580.946979999999,7384.794470000001,10201.734260000001,10089.30062,81939.9272,92064.0,92.0,47.0,83.0,19.0
Indiana,18087,LaGrange County,8073,2162,10408,5911.0,0.7756533435818601,0.2077248270561106,0.5679285165257495,931.7,791.0,1645.8,1212.8,579.6,817.8,840.6,6819.3,11180.4,9492.221679999999,19750.5778,14551.93234,6955.43915,9814.4632,10086.876670000001,81831.9113,91966.0,92.0,48.0,84.0,20.0
Indiana,18089,Lake County,97270,109086,209407,-11816.0,0.4645021417622142,0.520928144713405,-0.0564260029511907,1297.5,898.1,1382.3,1088.2,738.8,1266.2,1061.2,7732.7,15573.6568,10777.322339999999,16588.0942,13058.54271,8865.95974,15193.795399999999,12735.14063,92792.51180000001,85329.0,92.0,11.0,19.0,38.0
Indiana,18091,LaPorte County,26726,20007,47529,6719.0,0.5623093269372383,0.4209430032190873,0.141366323718151,1077.2,842.1,1455.7,1088.2,645.7,1167.2,937.8,7213.9,12926.4,10105.56494,17466.8096,13058.54271,7749.255780000001,14008.1856,11253.74953,86568.50749999999,83369.0,92.0,33.0,35.0,49.0
Indiana,18093,Lawrence County,15830,5010,21209,10820.0,0.7463812532415484,0.2362204724409448,0.5101607808006035,898.1,747.2,1528.3,1156.0,553.5,835.4,761.4,6480.1,10777.2,8966.4985,18339.9339,13872.242370000002,6642.89683,10024.25334,9137.51173,77760.53640000001,83272.0,92.0,71.0,62.0,51.0
Indiana,18095,Madison County,34837,19824,55716,15013.0,0.6252602484026133,0.3558044367865604,0.2694558116160528,1209.3,791.0,1431.1,1153.0,673.2,1221.0,1002.0,7480.0,14511.6,9492.221679999999,17171.5649,13835.3312,8076.243280000001,14650.2894,12022.53485,89759.7841,77416.0,92.0,21.0,10.0,67.0
Indiana,18097,Marion County,124327,221719,351910,-97392.0,0.3532920348952857,0.630044613679634,-0.2767525787843483,1375.8,834.8,1325.0,1171.9,743.9,1333.6,1101.0,7885.3,16509.038,10017.94476,15898.2994,14061.89453,8925.1774,16002.435200000002,13209.289249999998,94624.0796,80642.0,92.0,9.0,8.0,56.0
Indiana,18099,Marshall County,13837,5356,19540,8481.0,0.7081371545547595,0.2741044012282497,0.4340327533265097,955.9,815.2,1539.3,1131.9,596.0,837.8,810.5,6686.3,11470.8,9784.28995,18470.3972,13580.946979999999,7151.4145499999995,10051.729280000001,9726.07249,80235.6495,85111.0,92.0,57.0,67.0,39.0
Indiana,18101,Martin County,3961,933,4987,3028.0,0.7942650892320032,0.187086424704231,0.6071786645277722,888.1,737.4,1600.4,1091.4,546.9,818.6,750.5,6433.5,10657.2,8849.67121,19204.6738,13095.45372,6563.214669999999,9823.25926,9006.43668,77199.9076,93625.0,92.0,80.0,89.0,17.0
Indiana,18103,Miami County,10670,3046,13977,7624.0,0.7633970093725406,0.2179294555340917,0.5454675538384489,919.2,830.0,1514.3,1104.9,588.6,837.2,785.6,6579.0,11030.4,9959.53083,18171.099599999998,13257.28467,7062.2000100000005,10042.63612,9426.46318,78949.615,73849.0,92.0,65.0,24.0,77.0
Indiana,18105,Monroe County,21004,37213,59099,-16209.0,0.3554036447317213,0.6296722448772399,-0.2742686001455185,1252.7,885.9,1370.1,1158.4,719.5,1266.2,1058.1,7711.2,15032.4,10631.288219999999,16440.382,13900.06382,8634.71633,15196.1766,12699.0661,92534.09229999999,96950.0,92.0,17.0,66.0,11.0
Indiana,18107,Montgomery County,12122,4134,16572,7988.0,0.7314747767318368,0.2494569152787835,0.4820178614530533,944.0,774.0,1526.6,1099.3,578.1,834.0,775.2,6531.4,11328.0,9287.77376,18319.5404,13192.552350000002,6936.312260000001,10008.298859999999,9304.58144,78377.0589,84395.0,92.0,78.0,71.0,43.0
Indiana,18109,Morgan County,26965,7765,35340,19200.0,0.7630164119977363,0.2197226938313525,0.5432937181663837,1227.8,798.2,1613.7,1171.9,681.6,1256.6,1086.9,7836.8,14734.35358,9579.84207,19365.2907,14061.89453,8180.67058,15079.830600000001,13040.60384,94042.4856,95399.0,92.0,10.0,54.0,13.0
Indiana,18111,Newton County,5131,1370,6601,3761.0,0.777306468716861,0.2075443114679594,0.5697621572489017,1099.5,890.7,1658.8,1120.5,669.7,1167.2,1038.8,7645.5,13196.3256,10689.70192,19904.683,13446.936730000001,8036.610460000001,14007.1016,12464.21813,91745.5786,79235.0,92.0,15.0,9.0,61.0
Indiana,18113,Noble County,14209,4462,18962,9747.0,0.7493407868368316,0.2353127307246071,0.5140280561122245,907.7,752.1,1569.0,1212.8,558.6,836.4,796.6,6632.9,10892.4,9024.91224,18828.346299999997,14551.93234,6701.31028,10036.36464,9558.55257,79593.8174,83319.0,92.0,55.0,57.0,50.0
Indiana,18115,Ohio County,2381,666,3091,1715.0,0.7703008735037205,0.2154642510514396,0.5548366224522808,1039.8,795.9,1636.6,1220.3,617.8,1152.2,996.0,7459.0,12480.16786,9550.6354,19639.8503,14644.48622,7412.40802,13825.947340000002,11951.76876,89505.2635,83555.0,92.0,25.0,27.0,48.0
Indiana,18117,Orange County,6467,1988,8590,4479.0,0.7528521536670547,0.2314318975552968,0.5214202561117578,957.3,747.2,1583.5,1091.4,573.6,840.4,788.0,6581.7,11487.6,8966.4985,19002.7794,13095.45372,6881.9155200000005,10087.9921,9456.258389999999,78978.4973,83102.0,92.0,76.0,63.0,52.0
Indiana,18119,Owen County,7360,2354,9875,5006.0,0.7453164556962025,0.238379746835443,0.5069367088607595,954.7,800.7,1587.5,1158.4,590.6,1127.6,919.2,7138.7,11456.4,9609.048859999999,19048.327400000002,13900.06382,7087.60842,13533.02586,11027.90086,85662.3747,74254.0,92.0,35.0,7.0,75.0
Indiana,18121,Parke County,5158,1371,6653,3787.0,0.7752893431534646,0.2060724485194649,0.5692168946339997,1069.3,774.0,1604.5,1233.8,620.2,1146.2,991.5,7438.9,12831.6,9287.77376,19253.2481,14806.31722,7442.20832,13752.701579999999,11895.48892,89269.33690000001,72262.0,92.0,24.0,1.0,82.0
Indiana,18123,Perry County,5549,2970,8666,2579.0,0.6403184860373875,0.3427186706669743,0.2975998153704131,921.4,813.0,1521.3,1091.4,583.6,844.4,779.6,6554.5,11056.8,9755.0828,18256.517,13095.45372,7002.29458,10132.21856,9354.75188,78653.1182,83784.0,92.0,66.0,65.0,46.0
Indiana,18125,Pike County,4610,1314,6009,3296.0,0.7671825594940922,0.218671992011982,0.5485105674821101,954.9,737.4,1610.2,1091.4,569.4,825.8,784.3,6573.5,11458.8,8849.67121,19322.745499999997,13095.45372,6832.91829,9912.63658,9410.82645,78883.0533,86629.0,92.0,77.0,80.0,33.0
Indiana,18127,Porter County,46109,37213,84877,8896.0,0.5432449309000082,0.4384344404255569,0.1048104904744512,1359.6,903.1,1457.4,1088.2,761.3,1297.0,1125.9,7992.0,16313.9033,10835.73602,17487.853900000002,13058.54271,9134.67439,15563.3038,13510.588699999998,95904.6036,102006.0,92.0,6.0,68.0,7.0
Indiana,18129,Posey County,9206,3572,12972,5634.0,0.7096823928461301,0.2753623188405797,0.4343200740055504,907.7,820.4,1656.8,1101.7,581.1,1082.2,896.1,7045.8,10889.92092,9842.70386,19881.8979,13220.37321,6975.6276,12986.4184,10753.77957,84550.7212,93425.0,92.0,39.0,77.0,18.0
Indiana,18131,Pulaski County,4372,1280,5761,3092.0,0.7588960249956604,0.2221836486721055,0.5367123763235548,940.5,839.6,1584.1,1104.9,599.1,848.4,823.0,6739.4,11286.0,10076.35831,19009.311999999998,13257.28467,7187.505590000001,10178.65376,9875.82166,80870.93740000001,75673.0,92.0,53.0,28.0,71.0
Indiana,18133,Putnam County,12566,3871,16731,8695.0,0.7510609049070588,0.2313669236746159,0.5196939812324428,1219.0,795.9,1566.5,1101.7,678.0,1249.0,1044.4,7654.3,14628.0,9550.6354,18799.3894,13220.37321,8135.06043,14987.6258,12531.03674,91852.1189,87006.0,92.0,18.0,34.0,31.0
Indiana,18135,Randolph County,8008,2349,10547,5659.0,0.7592680383047312,0.2227173603868398,0.5365506779178913,928.9,778.8,1551.6,1115.5,574.5,818.4,778.3,6546.3,11146.8,9346.187390000001,18618.7975,13386.74951,6895.0,9822.20248,9339.182700000001,78554.9186,73157.0,92.0,73.0,23.0,81.0
Indiana,18137,Ripley County,11526,2682,14384,8844.0,0.8013070077864294,0.1864571746384872,0.6148498331479422,969.0,737.4,1586.8,1218.0,573.9,841.8,827.2,6754.1,11628.0,8849.67121,19041.4057,14616.664659999999,6889.846799999999,10097.974400000001,9926.970440000001,81050.53270000001,89298.0,92.0,54.0,81.0,25.0
Indiana,18139,Rush County,5812,1675,7655,4137.0,0.7592423252775964,0.2188112344872632,0.5404310907903331,889.8,805.6,1553.4,1099.3,570.5,807.6,763.4,6489.7,10677.6,9667.46257,18641.6478,13192.552350000002,6845.22969,9691.92558,9160.85587,77877.2736,79550.0,92.0,70.0,50.0,60.0
Indiana,18141,St. Joseph County,53585,55215,110419,-1630.0,0.485287858067905,0.5000498102681604,-0.0147619522002554,1068.7,883.5,1377.0,1134.0,656.8,1149.8,934.6,7204.5,12824.4,10602.08128,16524.0457,13608.767679999999,7881.993369999999,13797.38002,11214.6873,86453.3559,84866.0,92.0,32.0,42.0,41.0
Indiana,18143,Scott County,7633,2389,10187,5244.0,0.7492883086286444,0.2345145774025719,0.5147737312260725,1004.4,744.7,1517.0,980.7,588.5,850.6,753.0,6439.2,12052.8,8937.29177,18203.8159,11768.43945,7062.25401,10209.000020000001,9034.33509,77267.9368,73661.0,92.0,85.0,30.0,79.0
Indiana,18145,Shelby County,14438,4955,19754,9483.0,0.7308899463399817,0.2508352738685835,0.4800546724713981,1188.1,805.6,1581.3,1171.9,670.6,1235.8,1055.3,7709.0,14257.127830000001,9667.46257,18976.9384,14061.89453,8049.58524,14831.7354,12663.33178,92508.0737,89126.0,92.0,16.0,40.0,26.0
Indiana,18147,Spencer County,7364,2853,10426,4511.0,0.7063111452138884,0.273642816036831,0.4326683291770574,943.0,832.3,1686.1,1091.4,597.3,847.2,848.8,6846.3,11316.0,9988.73777,20234.7992,13095.45372,7168.118619999999,10162.4807,10186.39975,82151.99100000001,95217.0,92.0,49.0,88.0,14.0
Indiana,18149,Starke County,7889,2436,10478,5453.0,0.7529108608513075,0.2324871158618056,0.5204237449895018,897.5,839.6,1579.7,1131.9,584.5,811.8,798.8,6643.7,10770.0,10076.35831,18956.8848,13580.946979999999,7013.894010000001,9740.495659999999,9586.23061,79724.8095,74958.0,92.0,56.0,25.0,74.0
Indiana,18151,Steuben County,11487,4598,16354,6889.0,0.7023969671028495,0.2811544576250459,0.4212425094778036,987.4,800.7,1566.3,1212.8,601.6,842.6,850.0,6861.6,11848.8,9609.048859999999,18797.1266,14551.93234,7219.63409,10112.28894,10199.63064,82338.462,90458.0,92.0,46.0,76.0,22.0
Indiana,18153,Sullivan County,6639,2006,8792,4633.0,0.7551182893539582,0.2281619654231119,0.5269563239308462,949.3,749.8,1562.7,1233.8,571.7,1096.4,900.1,7063.8,11391.6,8995.70527,18752.9733,14806.31722,6859.4425,13157.339199999999,10802.7696,84766.148,70470.0,92.0,36.0,3.0,86.0
Indiana,18155,Switzerland County,3319,873,4257,2446.0,0.779657035470989,0.2050739957716701,0.5745830396993188,957.3,788.7,1575.5,1218.0,587.5,837.8,840.6,6805.2,11487.6,9463.01467,18905.5411,14616.664659999999,7048.9718299999995,10054.27408,10085.92986,81661.9949,78583.0,92.0,52.0,38.0,64.0
Indiana,18157,Tippecanoe County,32783,32683,66761,100.0,0.4910501640179146,0.4895522835188208,0.0014978804990937,1118.6,839.6,1353.8,1101.7,659.0,1196.8,933.3,7202.8,13425.638760000002,10076.35831,16247.1884,13220.37321,7907.401059999999,14358.901000000002,11196.995319999998,86432.8576,85505.0,92.0,31.0,44.0,37.0
Indiana,18159,Tipton County,5946,1893,7976,4053.0,0.7454864593781344,0.2373370110330993,0.5081494483450351,953.3,810.5,1616.3,1099.3,593.4,837.6,818.3,6728.6,11439.6,9725.87637,19395.2222,13192.552350000002,7121.26336,10050.30732,9819.79654,80744.61720000001,88611.0,92.0,51.0,75.0,28.0
Indiana,18161,Union County,2698,746,3493,1952.0,0.7724019467506441,0.2135699971371314,0.5588319496135127,1002.6,735.0,1555.8,1153.0,584.7,1147.6,908.4,7087.1,12031.2,8820.46429,18669.535200000002,13835.3312,7015.67919,13769.12322,10901.95656,85043.2897,96982.0,92.0,38.0,85.0,10.0
Indiana,18163,Vanderburgh County,41056,31727,73794,9329.0,0.5563595956310812,0.4299401035314524,0.1264194920996287,1176.1,856.8,1358.0,1101.7,683.9,1219.6,975.3,7370.8,14110.059109999998,10280.805960000002,16297.3987,13220.37321,8206.46659,14632.434600000002,11702.8169,88450.35449999999,76396.0,92.0,28.0,11.0,69.0
Indiana,18165,Vermillion County,5174,1928,7256,3246.0,0.7130650496141124,0.2657111356119074,0.447353914002205,909.0,803.3,1490.2,1233.8,576.1,1083.6,879.3,6975.0,10908.23205,9638.25564,17883.41,14806.31722,6913.000590000001,13000.2251,10551.3458,83700.7845,78883.0,92.0,40.0,22.0,63.0
Indiana,18167,Vigo County,23738,16338,40877,7400.0,0.5807177630452333,0.3996868654744722,0.181030897570761,1018.2,803.3,1357.4,1233.8,612.8,1139.0,900.6,7064.5,12214.44087,9638.25564,16287.881899999998,14806.31722,7352.48309,13668.444200000002,10807.18103,84775.0027,73202.0,92.0,37.0,5.0,80.0
Indiana,18169,Wabash County,10425,3335,13955,7090.0,0.7470440702257255,0.2389824435686134,0.5080616266571121,891.3,756.9,1487.1,1212.8,554.5,809.0,759.1,6470.5,10695.6,9083.326,17845.566,14551.93234,6654.74935,9705.248940000001,9110.52932,77646.9525,82541.0,92.0,72.0,60.0,53.0
Indiana,18171,Warren County,3402,898,4370,2504.0,0.7784897025171624,0.2054919908466819,0.5729977116704805,968.4,834.8,1706.1,1120.5,606.9,1128.2,966.1,7331.2,11620.8,10017.94476,20473.5353,13446.936730000001,7280.497439999999,13539.53986,11594.3508,87973.6035,89375.0,92.0,29.0,53.0,24.0
Indiana,18173,Warrick County,21280,11292,33082,9988.0,0.6432501057977148,0.341333655764464,0.3019164500332507,1229.7,832.3,1553.7,1101.7,693.8,1246.6,1056.6,7714.3,14754.08587,9988.73777,18643.5798,13220.37321,8324.88551,14961.6378,12679.639149999999,92572.94129999999,112565.0,92.0,14.0,91.0,5.0
Indiana,18175,Washington County,9739,2764,12722,6975.0,0.7655242886338626,0.2172614368809935,0.548262851752869,1039.8,718.0,1569.5,983.0,591.3,1135.6,861.9,6899.4,12477.6,8616.01645,18833.2677,11796.26083,7097.085649999999,13628.811660000001,10342.923630000001,82791.9648,78025.0,92.0,45.0,26.0,66.0
Indiana,18177,Wayne County,17526,8828,26797,8698.0,0.6540284360189573,0.3294398626711945,0.3245885733477628,903.0,793.4,1438.2,1150.7,570.6,811.2,747.1,6414.2,10836.0,9521.4285,17257.749799999998,13807.51035,6849.390300000001,9734.61906,8963.296180000001,76969.9949,75367.0,92.0,82.0,39.0,72.0
Indiana,18179,Wells County,11006,2850,14100,8156.0,0.7805673758865248,0.202127659574468,0.5784397163120567,892.3,752.1,1597.3,1212.8,553.2,818.6,792.1,6618.6,10707.6,9024.91224,19167.6041,14551.93234,6639.13318,9822.83278,9506.70299,79420.7187,84741.0,92.0,58.0,61.0,42.0
Indiana,18181,White County,7969,2945,11162,5024.0,0.7139401540942484,0.2638416054470525,0.4500985486471959,923.5,776.4,1567.3,1118.4,572.0,821.2,778.4,6556.8,11082.0,9316.98055,18805.7921,13419.11562,6863.37083,9852.70552,9342.66061,78682.6262,80337.0,92.0,64.0,51.0,58.0
Indiana,18183,Whitley County,13122,4275,17726,8847.0,0.7402685320997405,0.2411711610064312,0.4990973710933093,1035.8,798.2,1606.4,1215.0,617.3,1135.0,975.8,7383.9,12432.84756,9579.84207,19276.1362,14579.754,7406.313830000001,13621.9636,11709.04791,88605.9053,89589.0,92.0,27.0,49.0,23.0
Iowa,19001,Adair County,2916,1086,4064,1830.0,0.71751968503937,0.2672244094488189,0.4502952755905511,931.0,985.7,1652.4,1242.3,644.9,743.0,1035.6,7235.1,11172.0,11828.76853,19829.9218,14907.96061,7738.75938,8916.2775,12426.78602,86820.4742,95758.0,99.0,15.0,67.0,22.0
Iowa,19003,Adams County,1517,576,2131,941.0,0.7118723603941811,0.2702956358517128,0.4415767245424683,956.5,830.0,1706.5,1242.3,601.0,762.0,998.0,7096.4,11478.0,9959.53083,20477.9398,14907.96061,7212.7979,9146.4981,11974.65616,85157.3832,86898.0,99.0,18.0,37.0,56.0
Iowa,19005,Allamakee County,4857,2350,7303,2507.0,0.6650691496645215,0.3217855675749692,0.3432835820895523,914.6,876.1,1690.2,1191.0,602.4,743.0,971.9,6989.3,10975.2,10514.46091,20282.0261,14293.002859999999,7230.33733,8913.170320000001,11663.98756,83872.1857,81464.0,99.0,40.0,22.0,72.0
Iowa,19007,Appanoose County,4704,1686,6466,3018.0,0.7274976801732137,0.2607485307763687,0.466749149396845,890.2,820.4,1572.6,1104.9,575.6,744.0,866.4,6573.7,10682.4,9842.70386,18872.139199999998,13257.28467,6905.80578,8926.854159999999,10398.61439,78885.80069999999,63158.0,99.0,98.0,1.0,99.0
Iowa,19009,Audubon County,2214,970,3239,1244.0,0.6835443037974683,0.2994751466502007,0.3840691571472676,896.0,866.6,1683.5,1242.3,593.1,743.4,972.1,6996.8,10752.0,10397.6336,20203.0793,14907.96061,7115.9329,8920.6842,11665.28176,83962.5732,79083.0,99.0,29.0,11.0,84.0
Iowa,19011,Benton County,9549,4739,14470,4810.0,0.6599170697995853,0.3275051831375259,0.3324118866620594,924.8,905.5,1764.2,1085.5,615.8,934.0,1047.9,7277.5,11097.6,10864.94279,21169.2381,13026.1764,7389.44161,11207.71164,12573.39017,87328.50080000001,104875.0,99.0,14.0,94.0,7.0
Iowa,19013,Black Hawk County,30572,31299,62653,-727.0,0.4879574800887427,0.4995610744896493,-0.0116035944009065,1022.6,912.7,1415.5,1107.1,651.0,963.4,995.6,7067.8,12267.75891,10952.563259999999,16985.7362,13285.10553,7812.62988,11562.68926,11947.16087,84813.6444,86319.0,99.0,26.0,40.0,58.0
Iowa,19015,Boone County,9199,5895,15346,3304.0,0.5994395933793822,0.3841391893653069,0.2153004040140753,997.1,861.6,1590.5,1080.1,625.4,932.2,1000.6,7087.7,11965.2,10339.21989,19086.1068,12961.44418,7504.4684,11185.54382,12008.19653,85050.1784,100723.0,99.0,32.0,91.0,11.0
Iowa,19017,Bremer County,8799,5571,14556,3228.0,0.6044929925803793,0.3827287716405605,0.2217642209398186,945.8,878.6,1735.4,1193.4,613.9,912.2,1062.9,7342.6,11349.6,10543.667669999999,20825.7232,14320.82431,7366.133470000001,10949.34002,12754.62181,88109.9082,99082.0,99.0,9.0,78.0,13.0
Iowa,19019,Buchanan County,6790,3766,10714,3024.0,0.6337502333395557,0.3515027067388463,0.2822475266007093,969.1,839.6,1707.6,1083.2,608.5,761.4,953.2,6922.9,11629.2,10076.35831,20488.8301,12998.35499,7302.97744,9137.68428,11440.37607,83073.7813,92016.0,99.0,62.0,68.0,31.0
Iowa,19021,Buena Vista County,4962,2462,7516,2500.0,0.6601915912719531,0.3275678552421501,0.332623736029803,970.5,807.9,1632.2,1201.8,598.5,755.4,953.8,6920.2,11646.0,9696.66936,19585.827100000002,14422.4676,7180.88099,9064.02138,11447.69186,83043.559,91125.0,99.0,58.0,65.0,34.0
Iowa,19023,Butler County,5784,2144,8027,3640.0,0.7205680827208173,0.2670985424193347,0.4534695403014825,913.4,878.6,1682.9,1191.0,602.9,751.4,973.1,6993.3,10960.8,10543.667669999999,20193.912,14293.002859999999,7235.319160000001,9018.607820000001,11676.42822,83921.73819999999,84815.0,99.0,36.0,35.0,61.0
Iowa,19025,Calhoun County,3708,1328,5093,2380.0,0.7280581189868447,0.2607500490869821,0.4673080698998625,922.1,854.3,1644.5,1099.3,597.7,736.2,916.6,6770.9,11065.2,10251.599189999999,19734.457400000003,13192.552350000002,7172.17694,8833.33786,10999.21617,81248.54000000001,80781.0,99.0,87.0,30.0,78.0
Iowa,19027,Carroll County,7814,3153,11120,4661.0,0.7026978417266188,0.2835431654676259,0.4191546762589928,916.6,866.6,1594.2,1099.3,600.0,733.0,901.5,6711.1,10999.2,10397.6336,19128.9353,13192.552350000002,7199.10502,8797.619340000001,10816.53486,80531.5804,91492.0,99.0,93.0,81.0,33.0
Iowa,19029,Cass County,5007,2077,7195,2930.0,0.6958999305072967,0.2886726893676164,0.4072272411396803,942.7,881.1,1550.5,1242.3,613.4,731.0,954.6,6916.0,11312.4,10572.87434,18607.0356,14907.96061,7363.44422,8771.596280000002,11456.55199,82991.8618,86596.0,99.0,66.0,50.0,57.0
Iowa,19031,Cedar County,6390,4075,10624,2315.0,0.6014683734939759,0.3835655120481928,0.217902861445783,967.5,856.8,1709.6,1083.2,613.9,779.2,967.9,6978.0,11610.0,10280.805960000002,20514.6668,12998.35499,7365.30536,9352.039780000001,11614.991039999999,83736.1651,96594.0,99.0,46.0,84.0,19.0
Iowa,19033,Cerro Gordo County,12627,9955,22942,2672.0,0.5503879347920844,0.4339203208089966,0.1164676139830877,946.2,917.5,1460.9,1191.0,627.1,764.6,936.1,6843.7,11354.4,11010.97696,17532.5878,14293.002859999999,7524.97777,9173.86572,11233.69592,82123.50720000001,87250.0,99.0,71.0,53.0,53.0
Iowa,19035,Cherokee County,4398,1611,6089,2787.0,0.7222860896698965,0.2645754639513877,0.4577106257185087,970.6,807.9,1635.1,1201.8,598.3,719.2,945.2,6878.4,11647.2,9696.66936,19620.3448,14422.4676,7181.28491,8631.784580000001,11341.58653,82541.3379,90870.0,99.0,86.0,70.0,35.0
Iowa,19037,Chickasaw County,4234,1919,6230,2315.0,0.6796147672552167,0.3080256821829855,0.3715890850722312,966.2,878.6,1695.5,1191.0,620.8,752.8,1004.2,7109.4,11594.4,10543.667669999999,20346.0305,14293.002859999999,7448.49811,9036.235579999999,12050.307089999998,85312.1429,87157.0,99.0,33.0,46.0,55.0
Iowa,19039,Clarke County,3140,1265,4459,1875.0,0.7041937654182552,0.2836958959407939,0.4204978694774612,931.0,907.8,1602.5,1242.3,618.7,732.4,979.6,7014.3,11172.0,10894.14988,19230.794,14907.96061,7424.300630000001,8788.80562,11753.725020000002,84171.7344,79155.0,99.0,38.0,12.0,83.0
Iowa,19041,Clay County,6047,2367,8514,3680.0,0.710241954428001,0.2780126849894291,0.4322292694385718,934.6,807.9,1534.1,1242.3,586.4,746.8,916.9,6769.2,11215.2,9696.66936,18409.8351,14907.96061,7035.93553,8959.51022,11002.89376,81228.004,92188.0,99.0,88.0,80.0,30.0
Iowa,19043,Clayton County,6255,3017,9381,3238.0,0.6667732651103294,0.3216075045304338,0.3451657605798955,895.6,934.6,1702.5,1104.9,615.9,746.2,965.5,6965.2,10747.2,11215.42506,20432.0009,13257.28467,7389.4692,8955.98462,11585.53875,83582.9032,77578.0,99.0,39.0,7.0,89.0
Iowa,19045,Clinton County,13964,9472,23813,4492.0,0.5864023852517533,0.3977659261747784,0.1886364590769748,936.6,856.8,1504.2,1104.9,603.4,758.8,885.9,6650.6,11239.2,10280.805960000002,18050.3142,13257.28467,7240.5472899999995,9105.491160000001,10633.00533,79806.6496,86194.0,99.0,94.0,60.0,60.0
Iowa,19047,Crawford County,4651,1812,6525,2839.0,0.7127969348659003,0.2777011494252873,0.435095785440613,927.0,866.6,1580.1,1242.3,603.5,740.8,951.4,6911.1,11124.0,10397.6336,18959.674300000002,14907.96061,7241.09481,8887.61036,11416.2528,82934.22630000001,82289.0,99.0,60.0,28.0,70.0
Iowa,19049,Dallas County,32374,29402,62633,2972.0,0.5168840706975556,0.4694330464770967,0.0474510242204588,1323.3,985.7,1534.0,1080.1,776.8,1062.4,1235.9,7997.8,15876.825099999998,11828.76853,18408.1856,12961.44418,9321.728729999999,12745.513920000001,14830.04284,95972.5084,133499.0,99.0,1.0,99.0,1.0
Iowa,19051,Davis County,3027,878,3950,2149.0,0.7663291139240507,0.2222784810126582,0.5440506329113924,900.5,820.4,1735.3,1104.9,578.9,780.6,936.0,6856.8,10806.0,9842.70386,20824.7718,13257.28467,6947.39173,9370.13066,11233.138260000002,82281.42069999999,92261.0,99.0,63.0,71.0,29.0
Iowa,19053,Decatur County,2711,957,3727,1754.0,0.7273946874161524,0.2567748859672659,0.4706198014488865,890.2,907.8,1617.6,1242.3,605.0,710.4,955.7,6929.2,10682.4,10894.14988,19410.9255,14907.96061,7259.57165,8528.572839999999,11468.14706,83151.72709999999,68609.0,99.0,42.0,2.0,98.0
Iowa,19055,Delaware County,6984,2978,10112,4006.0,0.6906645569620253,0.294501582278481,0.3961629746835443,897.2,837.2,1718.0,1083.2,583.7,750.8,917.4,6787.1,10766.4,10047.15166,20616.7896,12998.35499,7002.85597,9005.805499999999,11007.780499999999,81445.1392,89671.0,99.0,85.0,64.0,38.0
Iowa,19057,Des Moines County,10794,7935,18998,2859.0,0.5681650700073692,0.4176755447941888,0.1504895252131803,1066.4,873.7,1441.1,1104.9,652.7,782.6,939.5,6861.3,12796.8,10485.25404,17293.4017,13257.28467,7833.39986,9393.50976,11275.408599999999,82335.0593,78653.0,99.0,64.0,17.0,86.0
Iowa,19059,Dickinson County,7775,3297,11192,4478.0,0.6946926375982845,0.2945854181558255,0.4001072194424589,1079.9,810.5,1651.4,1242.3,636.0,794.0,1036.7,7251.3,12958.8,9725.87637,19820.4593,14907.96061,7632.40814,9528.03282,12441.22678,87014.76460000001,102237.0,99.0,13.0,89.0,9.0
Iowa,19061,Dubuque County,28224,23705,52566,4519.0,0.5369250085606666,0.4509568922877905,0.085968116272876,1014.2,934.6,1502.7,1085.5,655.7,951.8,1019.7,7164.3,12170.4,11215.42506,18031.291999999998,13026.1764,7868.31434,11421.74652,12237.51947,85970.8743,98842.0,99.0,20.0,83.0,14.0
Iowa,19063,Emmet County,3422,1315,4786,2107.0,0.7150020894274969,0.2747597158378604,0.4402423735896364,935.8,905.5,1600.4,1191.0,619.5,739.4,964.6,6956.1,11229.6,10864.94279,19203.2708,14293.002859999999,7433.85392,8874.807219999999,11575.35488,83474.8322,78920.0,99.0,54.0,15.0,85.0
Iowa,19065,Fayette County,6325,3334,9817,2991.0,0.6442905164510543,0.3396149536518285,0.3046755627992258,906.0,839.6,1633.0,1191.0,587.4,756.8,937.1,6851.1,10872.0,10076.35831,19596.4084,14293.002859999999,7048.2126499999995,9082.11246,11245.936989999998,82214.0319,74132.0,99.0,68.0,5.0,96.0
Iowa,19067,Floyd County,4744,2782,7625,1962.0,0.6221639344262295,0.3648524590163934,0.257311475409836,934.5,917.5,1565.0,1191.0,623.3,711.0,947.6,6889.7,11214.0,11010.97696,18780.653899999998,14293.002859999999,7477.739299999999,8529.45436,11370.43759,82676.264,90756.0,99.0,70.0,66.0,36.0
Iowa,19069,Franklin County,3431,1393,4885,2038.0,0.7023541453428864,0.2851586489252815,0.4171954964176049,937.0,917.5,1660.2,1191.0,624.1,733.8,989.4,7053.1,11244.0,11010.97696,19921.786,14293.002859999999,7487.83297,8805.55184,11872.738459999999,84635.88930000001,75447.0,99.0,34.0,4.0,94.0
Iowa,19071,Fremont County,2711,1023,3785,1688.0,0.7162483487450463,0.2702774108322325,0.4459709379128138,945.8,981.0,1691.5,1242.3,648.0,741.6,1053.6,7303.6,11349.6,11770.354819999999,20297.5276,14907.96061,7778.8605,8895.54236,12643.564419999999,87643.4115,88838.0,99.0,12.0,41.0,41.0
Iowa,19073,Greene County,3211,1603,4874,1608.0,0.6588018054985638,0.3288879770209273,0.3299138284776364,959.4,861.6,1643.4,1099.3,612.7,766.8,950.2,6893.4,11512.8,10339.21989,19720.2438,13192.552350000002,7352.255349999999,9200.7702,11405.344009999999,82723.1862,82886.0,99.0,78.0,36.0,68.0
Iowa,19075,Grundy County,4998,2019,7131,2979.0,0.7008834665544804,0.2831299957930164,0.417753470761464,825.9,912.7,1720.7,1080.1,585.0,926.2,986.2,7036.4,9908.574369999998,10952.563259999999,20647.5219,12961.44418,7018.86674,11111.98778,11834.93656,84435.8959,98725.0,99.0,27.0,86.0,15.0
Iowa,19077,Guthrie County,4446,1974,6514,2472.0,0.6825299355234878,0.303039607000307,0.3794903285231808,878.9,985.7,1784.4,1244.7,627.3,940.0,1128.3,7589.3,10546.10693,11828.76853,21412.1283,14935.782260000002,7528.17368,11280.8496,13539.513630000001,91071.3234,96548.0,99.0,2.0,59.0,20.0
Iowa,19079,Hamilton County,5004,2482,7573,2522.0,0.6607685197411858,0.3277432985606761,0.3330252211805097,977.1,854.3,1631.6,1099.3,616.4,771.2,947.3,6896.9,11725.2,10251.599189999999,19579.7478,13192.552350000002,7394.238459999999,9251.93552,11367.32753,82762.6,88568.0,99.0,53.0,57.0,42.0
Iowa,19081,Hancock County,4336,1523,5933,2813.0,0.7308275745828418,0.2566998145963256,0.4741277599865161,951.0,917.5,1660.4,1191.0,628.8,762.0,1005.6,7116.1,11412.0,11010.97696,19925.0208,14293.002859999999,7544.35759,9142.97232,12066.44942,85394.78050000001,84452.0,99.0,25.0,31.0,62.0
Iowa,19083,Hardin County,5790,2553,8434,3237.0,0.6865069954944273,0.3027033436092008,0.3838036518852264,927.4,851.9,1681.7,1099.3,598.7,752.2,936.7,6847.8,11128.8,10222.392530000001,20180.6386,13192.552350000002,7183.74868,9023.89616,11240.60705,82172.6369,83767.0,99.0,75.0,42.0,65.0
Iowa,19085,Harrison County,5566,2245,7938,3321.0,0.7011841773746535,0.2828168304358781,0.4183673469387755,945.0,873.7,1731.8,1244.7,611.9,951.2,1091.3,7449.7,11339.96335,10485.25404,20782.346700000002,14935.782260000002,7343.23741,11413.3513,13097.64614,89397.5803,92535.0,99.0,6.0,49.0,28.0
Iowa,19087,Henry County,6439,2995,9574,3444.0,0.6725506580321705,0.3128264048464592,0.3597242531857113,968.7,832.3,1580.0,1104.9,606.1,739.4,911.4,6742.9,11624.4,9988.73777,18961.033199999998,13257.28467,7271.881909999999,8875.68906,10936.37556,80915.4026,79621.0,99.0,95.0,29.0,80.0
Iowa,19089,Howard County,3157,1619,4837,1538.0,0.6526772793053546,0.3347115980979946,0.3179656812073599,970.2,876.1,1664.0,1191.0,621.1,734.8,987.5,7044.9,11642.4,10514.46091,19967.981900000002,14293.002859999999,7454.8211200000005,8817.00964,11848.877279999999,84538.553,81131.0,99.0,48.0,26.0,75.0
Iowa,19091,Humboldt County,3770,1236,5067,2534.0,0.7440299980264456,0.2439313203078744,0.5000986777185712,963.9,854.3,1619.9,1191.0,611.8,722.4,956.4,6920.0,11566.8,10251.599189999999,19440.9014,14293.002859999999,7340.94364,8670.14726,11475.32737,83038.7216,80903.0,99.0,73.0,27.0,76.0
Iowa,19093,Ida County,2771,826,3642,1945.0,0.7608456891817683,0.2267984623833058,0.5340472267984624,890.2,807.9,1675.7,1201.8,571.3,720.4,918.5,6786.5,10682.4,9696.66936,20109.7925,14422.4676,6856.67158,8647.649280000001,11022.126209999999,81437.7778,83420.0,99.0,74.0,39.0,66.0
Iowa,19095,Iowa County,6068,3400,9617,2668.0,0.6309659977123844,0.35354060517833,0.2774253925340543,963.4,905.5,1700.0,1104.9,628.8,748.2,984.9,7035.5,11560.8,10864.94279,20398.9396,13257.28467,7545.28837,8978.019279999999,11819.65626,84424.9314,92695.0,99.0,55.0,69.0,27.0
Iowa,19097,Jackson County,7074,3567,10782,3507.0,0.656093489148581,0.3308291597106288,0.3252643294379522,935.8,856.8,1611.3,1083.2,603.2,742.2,910.7,6742.8,11229.6,10280.805960000002,19335.234099999998,12998.35499,7237.31719,8905.70084,10926.81723,80913.83009999999,88056.0,99.0,92.0,63.0,48.0
Iowa,19099,Jasper County,12701,7141,20149,5560.0,0.6303538637153209,0.3544096481214948,0.275944215593826,954.8,871.5,1552.9,1080.1,614.5,915.0,967.4,6955.8,11457.6,10456.04707,18633.4773,12961.44418,7372.99023,10977.2592,11610.38643,83469.2036,88171.0,99.0,56.0,56.0,46.0
Iowa,19101,Jefferson County,4353,3788,8317,565.0,0.5233858362390285,0.4554526872670434,0.067933148971985,1010.5,820.4,1550.6,1104.9,615.8,767.8,919.6,6789.4,12126.0,9842.70386,18606.7884,13257.28467,7391.51433,9213.99144,11035.651829999999,81473.9331,78622.0,99.0,77.0,19.0,87.0
Iowa,19103,Johnson County,26087,58846,86068,-32759.0,0.3030975507738067,0.683715201933355,-0.3806176511595482,1211.3,966.2,1448.1,1107.1,732.7,1011.4,1138.0,7614.9,14535.6,11595.11371,17377.0497,13285.10553,8791.84994,12138.378560000001,13656.30165,91379.398,115914.0,99.0,3.0,97.0,3.0
Iowa,19105,Jones County,6820,3942,10949,2878.0,0.6228879349712303,0.3600328797150424,0.2628550552561878,927.7,837.2,1648.3,1085.5,593.9,874.4,957.2,6924.2,11132.4,10047.15166,19779.5664,13026.1764,7125.998970000001,10490.661619999999,11486.8338,83088.7871,93766.0,99.0,59.0,79.0,25.0
Iowa,19107,Keokuk County,3869,1219,5142,2650.0,0.7524309607156748,0.2370672889926098,0.515363671723065,926.1,832.3,1686.1,1104.9,591.8,748.0,926.9,6816.1,11113.2,9988.73777,20235.318,13257.28467,7099.88536,8974.9124,11122.98332,81792.32149999999,76524.0,99.0,76.0,10.0,91.0
Iowa,19109,Kossuth County,5983,2284,8376,3699.0,0.7143027698185291,0.272683858643744,0.4416189111747851,899.6,905.5,1621.1,1191.0,607.3,766.0,960.8,6951.4,10795.2,10864.94279,19453.023699999998,14293.002859999999,7287.697109999999,9191.49366,11531.452580000001,83416.8132,86222.0,99.0,37.0,43.0,59.0
Iowa,19111,Lee County,10152,5659,16154,4493.0,0.6284511576080227,0.3503157112789402,0.2781354463290825,953.8,842.1,1537.3,1104.9,604.3,754.0,899.6,6695.8,11445.6,10105.56494,18446.774400000002,13257.28467,7251.03082,9046.81224,10795.52113,80348.5888,77943.0,99.0,96.0,25.0,88.0
Iowa,19113,Linn County,54237,66358,122369,-12121.0,0.4432249997956999,0.5422778644918239,-0.099052864696124,1042.2,929.7,1518.1,1085.5,663.4,950.6,1037.8,7227.4,12506.4,11157.01095,18216.068300000003,13026.1764,7961.70983,11408.90036,12453.040900000002,86729.30600000001,97372.0,99.0,16.0,74.0,17.0
Iowa,19115,Louisa County,3584,1480,5136,2104.0,0.6978193146417445,0.2881619937694704,0.4096573208722741,914.8,856.8,1662.4,1104.9,596.0,753.6,927.7,6816.1,10977.6,10280.805960000002,19949.0327,13257.28467,7152.53018,9042.40532,11133.414359999999,81793.0735,88974.0,99.0,81.0,62.0,40.0
Iowa,19117,Lucas County,3400,1169,4639,2231.0,0.7329165768484587,0.2519939642164259,0.4809226126320327,1013.2,859.2,1623.9,1104.9,629.9,753.4,958.6,6943.2,12158.4,10310.01301,19487.3531,13257.28467,7559.64488,9039.761260000001,11503.23253,83315.6884,81204.0,99.0,44.0,23.0,74.0
Iowa,19119,Lyon County,5899,1023,6984,4876.0,0.8446449026345934,0.1464776632302405,0.6981672394043528,899.6,849.4,1779.6,1242.3,588.4,762.6,1003.1,7124.7,10795.2,10193.185529999999,21354.3996,14907.96061,7061.6799599999995,9149.14248,12035.3664,85496.93470000001,88125.0,99.0,19.0,44.0,47.0
Iowa,19121,Madison County,6864,3008,9995,3856.0,0.6867433716858429,0.3009504752376188,0.385792896448224,1001.5,985.7,1727.0,1101.7,668.7,965.2,1124.7,7574.7,12019.74296,11828.76853,20723.1096,13220.37321,8023.98812,11583.51324,13496.74057,90896.236,111892.0,99.0,4.0,95.0,5.0
Iowa,19123,Mahaska County,8207,2577,10910,5630.0,0.7522456461961503,0.236205316223648,0.5160403299725023,891.1,832.3,1564.6,1104.9,579.7,754.0,872.9,6599.9,10693.2,9988.73777,18776.9657,13257.28467,6958.57359,9048.15648,10473.96879,79196.88769999999,83414.0,99.0,97.0,48.0,67.0
Iowa,19125,Marion County,13289,5928,19490,7361.0,0.681836839404823,0.3041559774243201,0.3776808619805028,969.1,859.2,1595.0,1099.3,615.2,778.0,935.5,6851.3,11629.2,10310.01301,19138.7347,13192.552350000002,7381.59213,9337.93754,11226.44306,82216.4727,97685.0,99.0,65.0,90.0,16.0
Iowa,19127,Marshall County,9815,7134,17217,2681.0,0.5700760875878492,0.4143579020735319,0.1557181855143172,1025.0,851.9,1510.7,1077.9,631.6,773.2,923.7,6793.6,12300.0,10222.392530000001,18128.1489,12933.62267,7577.80666,9277.9585,11082.07568,81522.0056,87778.0,99.0,90.0,61.0,49.0
Iowa,19129,Mills County,5671,2456,8223,3215.0,0.6896509789614496,0.2986744497142162,0.3909765292472333,982.9,881.1,1708.0,1244.7,627.2,931.8,1096.7,7472.2,11791.43697,10572.87434,20497.6195,14935.782260000002,7524.61939,11182.01804,13161.193299999999,89665.544,106778.0,99.0,5.0,93.0,6.0
Iowa,19131,Mitchell County,3736,1943,5757,1793.0,0.6489491054368595,0.3375021712697585,0.3114469341671009,890.2,866.6,1664.0,1191.0,591.1,739.0,944.3,6886.0,10682.4,10397.6336,19969.331700000002,14293.002859999999,7092.51551,8868.17496,11330.32933,82633.3864,88269.0,99.0,52.0,55.0,44.0
Iowa,19133,Monona County,3331,1236,4616,2095.0,0.7216204506065858,0.2677642980935875,0.4538561525129982,892.4,866.6,1643.9,1201.8,591.8,752.8,947.0,6896.3,10708.8,10397.6336,19726.1908,14422.4676,7101.39798,9033.5909,11366.044539999999,82756.1253,80893.0,99.0,47.0,21.0,77.0
Iowa,19135,Monroe County,3104,1002,4146,2102.0,0.7486734201640135,0.2416787264833574,0.5069946936806561,923.1,820.4,1671.4,1104.9,586.5,743.6,915.1,6764.8,11077.2,9842.70386,20056.1023,13257.28467,7038.63891,8925.09152,10981.40664,81178.427,84061.0,99.0,89.0,47.0,63.0
Iowa,19137,Montgomery County,3486,1508,5061,1978.0,0.6887966804979253,0.297964829085161,0.3908318514127643,899.6,881.1,1562.0,1242.3,599.0,736.6,936.9,6857.7,10795.2,10572.87434,18743.4343,14907.96061,7189.428819999999,8839.50742,11243.618419999999,82292.0235,79498.0,99.0,57.0,18.0,81.0
Iowa,19139,Muscatine County,11152,8212,19695,2940.0,0.5662350850469662,0.4169586189388169,0.1492764661081492,1070.7,856.8,1535.1,1083.2,648.6,801.8,965.3,6961.5,12848.4,10280.805960000002,18421.3672,12998.35499,7781.97304,9622.43024,11584.09723,83537.4288,88225.0,99.0,51.0,54.0,45.0
Iowa,19141,O'Brien County,5998,1428,7501,4570.0,0.7996267164378082,0.1903746167177709,0.6092520997200372,931.0,849.4,1606.0,1242.3,598.9,730.2,953.0,6911.1,11172.0,10193.185529999999,19271.7397,14907.96061,7188.456990000001,8763.200659999999,11436.13866,82932.6823,93516.0,99.0,61.0,75.0,26.0
Iowa,19143,Osceola County,2623,555,3219,2068.0,0.8148493320907114,0.1724137931034483,0.6424355389872631,913.2,810.5,1713.3,1242.3,579.9,762.8,973.3,6995.4,10958.4,9725.87637,20559.3471,14907.96061,6959.36039,9155.775160000001,11678.136110000001,83944.85530000001,81518.0,99.0,35.0,20.0,71.0
Iowa,19145,Page County,5153,2060,7297,3093.0,0.706180622173496,0.2823077977250925,0.4238728244484034,905.8,830.0,1549.0,1242.3,584.0,742.2,916.0,6769.1,10869.6,9959.53083,18585.89,14907.96061,7008.09776,8908.7635,10990.92865,81230.7708,76024.0,99.0,83.0,9.0,93.0
Iowa,19147,Palo Alto County,3576,1338,4976,2238.0,0.7186495176848875,0.2688906752411575,0.4497588424437299,934.2,807.9,1616.9,1201.8,586.1,713.8,919.4,6780.3,11210.4,9696.66936,19401.4585,14422.4676,7034.32053,8565.636,11031.813689999999,81362.76580000001,94417.0,99.0,91.0,85.0,23.0
Iowa,19149,Plymouth County,10661,3104,13931,7557.0,0.7652716962170698,0.2228124327040413,0.5424592635130284,959.8,842.1,1713.6,1201.8,606.2,772.0,1000.0,7095.5,11517.6,10105.56494,20562.1949,14422.4676,7275.25576,9264.27484,11999.609110000001,85146.9669,94139.0,99.0,41.0,73.0,24.0
Iowa,19151,Pocahontas County,2727,796,3573,1931.0,0.7632241813602015,0.2227819759305905,0.540442205429611,890.2,807.9,1698.6,1242.3,571.3,746.2,949.4,6905.6,10682.4,9696.66936,20382.6032,14907.96061,6856.67158,8950.23286,11393.28363,82869.82190000001,81250.0,99.0,43.0,24.0,73.0
Iowa,19153,Polk County,112240,140075,255563,-27835.0,0.4391872062857299,0.5481035987212547,-0.1089163924355247,1188.5,951.6,1413.9,1080.1,720.0,1015.8,1098.6,7468.5,14262.23305,11419.87276,16966.447099999998,12961.44418,8640.91258,12188.00394,13183.015600000002,89621.92809999999,103316.0,99.0,7.0,88.0,8.0
Iowa,19155,Pottawattamie County,26335,17468,44411,8867.0,0.5929837202494878,0.3933259777982932,0.1996577424511945,1073.4,881.1,1503.5,1244.7,657.7,964.8,1080.9,7406.0,12880.28646,10572.87434,18042.0686,14935.782260000002,7890.9698100000005,11577.76168,12970.2689,88870.01359999999,88420.0,99.0,8.0,34.0,43.0
Iowa,19157,Poweshiek County,5758,4067,9971,1691.0,0.5774746765620299,0.4078828602948551,0.1695918162671748,989.1,871.5,1585.0,1077.9,626.0,774.6,940.9,6864.9,11869.2,10456.04707,19020.1516,12933.62267,7511.4759,9296.467560000001,11292.2507,82379.2164,91543.0,99.0,80.0,72.0,32.0
Iowa,19159,Ringgold County,2015,638,2683,1377.0,0.7510249720462169,0.2377935147223257,0.5132314573238911,897.5,830.0,1660.6,1242.3,581.3,737.6,946.1,6895.5,10770.0,9959.53083,19926.945,14907.96061,6974.58667,8854.072400000001,11354.18363,82747.2793,87628.0,99.0,50.0,51.0,51.0
Iowa,19161,Sac County,4100,1289,5448,2811.0,0.7525697503671072,0.2366005873715125,0.5159691629955947,964.9,807.9,1718.1,1201.8,596.4,715.8,969.4,6974.7,11578.8,9696.66936,20618.4892,14422.4676,7158.27129,8590.314620000001,11633.28635,83698.29939999999,87244.0,99.0,67.0,52.0,54.0
Iowa,19163,Scott County,45976,42479,89743,3497.0,0.5123073665912662,0.4733405390949712,0.0389668274962949,1082.3,910.3,1386.5,1085.5,670.2,964.0,1004.0,7102.3,12986.2258,10923.35663,16635.4981,13026.1764,8044.53584,11565.79596,12047.67658,85229.2647,99650.0,99.0,21.0,87.0,12.0
Iowa,19165,Shelby County,4600,1811,6486,2789.0,0.7092198581560284,0.2792167745914277,0.4300030835646007,969.3,866.6,1647.0,1242.3,617.6,786.6,1012.3,7141.9,11631.6,10397.6336,19766.6838,14907.96061,7411.88008,9438.505220000001,12148.41621,85702.6801,90444.0,99.0,24.0,58.0,37.0
Iowa,19167,Sioux County,16053,2626,18881,13427.0,0.8502197976802076,0.1390816164398072,0.7111381812404004,958.5,849.4,1726.3,1201.8,608.3,766.6,1003.3,7114.5,11502.0,10193.185529999999,20717.5797,14422.4676,7299.48756,9200.30738,12039.46732,85374.4965,101452.0,99.0,28.0,92.0,10.0
Iowa,19169,Story County,21665,26765,49200,-5100.0,0.4403455284552846,0.5440040650406504,-0.1036585365853657,1172.1,934.6,1471.4,1101.7,708.8,975.6,1096.4,7460.7,14065.2,11215.42506,17657.5085,13220.37321,8505.83201,11708.50114,13156.017359999998,89528.8557,116208.0,99.0,10.0,98.0,2.0
Iowa,19171,Tama County,5379,3070,8594,2309.0,0.6259017919478707,0.3572259716080986,0.268675820339772,926.6,851.9,1674.2,1077.9,598.5,774.6,931.3,6835.0,11119.2,10222.392530000001,20091.678200000002,12933.62267,7180.518609999999,9296.04956,11176.053839999999,82019.5166,82571.0,99.0,69.0,32.0,69.0
Iowa,19173,Taylor County,2381,666,3078,1715.0,0.7735542560103964,0.2163742690058479,0.5571799870045484,890.2,830.0,1692.0,1242.3,578.8,719.0,947.2,6899.2,10682.4,9959.53083,20303.3972,14907.96061,6945.11308,8625.614440000001,11364.87812,82788.8948,79310.0,99.0,49.0,16.0,82.0
Iowa,19175,Union County,4044,1874,5996,2170.0,0.6744496330887259,0.3125416944629753,0.3619079386257505,931.0,985.7,1522.5,1242.3,644.9,733.0,988.8,7048.1,11172.0,11828.76853,18268.356099999997,14907.96061,7738.75938,8796.73782,11865.18512,84577.76729999999,80000.0,99.0,30.0,14.0,79.0
Iowa,19177,Van Buren County,2785,778,3622,2007.0,0.7689122032026505,0.2147984538928768,0.5541137493097736,940.2,832.3,1725.8,1104.9,596.5,723.0,938.7,6861.7,11282.4,9988.73777,20709.7075,13257.28467,7156.8137799999995,8678.5429,11266.997169999999,82340.483,75139.0,99.0,82.0,6.0,95.0
Iowa,19179,Wapello County,9479,4896,14571,4583.0,0.6505387413355295,0.3360098826436071,0.3145288586919223,1035.1,820.4,1479.6,1104.9,624.3,789.8,915.9,6769.6,12421.2,9842.70386,17754.7074,13257.28467,7490.83645,9478.21234,10989.837309999999,81234.781,70621.0,99.0,84.0,3.0,97.0
Iowa,19181,Warren County,19486,12712,32662,6774.0,0.5965954320004898,0.3891984569224175,0.2073969750780723,1041.2,907.8,1647.2,1080.1,655.8,970.0,1073.1,7374.9,12493.86969,10894.14988,19766.381,12961.44418,7869.05232,11638.008359999998,12876.3074,88499.2118,112091.0,99.0,11.0,96.0,4.0
Iowa,19183,Washington County,7119,4297,11551,2822.0,0.6163102761665656,0.3720024240325513,0.2443078521340143,926.6,842.1,1635.9,1107.1,595.1,929.0,979.2,7014.8,11119.2,10105.56494,19630.3519,13285.10553,7141.211440000001,11147.88438,11749.29233,84178.611,87727.0,99.0,22.0,45.0,50.0
Iowa,19185,Wayne County,2426,643,3119,1783.0,0.7778134017313242,0.2061558191728118,0.5716575825585124,892.1,859.2,1703.8,1104.9,589.3,713.2,916.6,6778.9,10705.2,10310.01301,20445.509100000003,13257.28467,7070.70622,8559.00302,10999.16191,81346.8781,77440.0,99.0,79.0,13.0,90.0
Iowa,19187,Webster County,10850,5641,16706,5209.0,0.649467257272836,0.3376631150484855,0.3118041422243505,939.7,854.3,1467.8,1099.3,603.7,746.6,870.4,6581.9,11276.4,10251.599189999999,17614.0795,13192.552350000002,7243.23652,8958.16596,10447.10845,78983.1415,89099.0,99.0,99.0,77.0,39.0
Iowa,19189,Winnebago County,3636,1909,5627,1727.0,0.6461702505775724,0.3392571530122623,0.3069130975653101,924.3,917.5,1629.5,1191.0,619.7,723.0,968.5,6973.9,11091.6,11010.97696,19555.7245,14293.002859999999,7436.556879999999,8677.19844,11622.01375,83687.0746,83987.0,99.0,45.0,33.0,64.0
Iowa,19191,Winneshiek County,6427,5321,11927,1106.0,0.5388614068919259,0.4461306279869204,0.0927307789050054,931.0,876.1,1721.3,1191.0,608.0,752.2,993.6,7073.6,11172.0,10514.46091,20655.8311,14293.002859999999,7296.55206,9024.77738,11925.135769999999,84881.7614,97114.0,99.0,31.0,82.0,18.0
Iowa,19193,Woodbury County,25969,16145,42674,9824.0,0.608543844026808,0.3783334114449079,0.2302104325819,1021.2,866.6,1417.2,1204.2,635.1,949.8,1000.0,7094.1,12252.679670000001,10397.6336,17005.9104,14450.28915,7620.8464,11398.278880000002,12000.5299,85126.1666,87337.0,99.0,17.0,38.0,52.0
Iowa,19195,Worth County,2715,1508,4278,1207.0,0.6346423562412342,0.3525011687704535,0.2821411874707807,960.6,917.5,1699.9,1191.0,632.0,734.8,1014.4,7150.2,11527.2,11010.97696,20398.9048,14293.002859999999,7583.117329999999,8814.82858,12172.43521,85800.4659,95769.0,99.0,23.0,76.0,21.0
Iowa,19197,Wright County,3853,1770,5706,2083.0,0.6752541184717841,0.3101997896950578,0.3650543287767262,890.2,854.3,1610.6,1191.0,586.8,739.4,921.3,6793.6,10682.4,10251.599189999999,19325.4051,14293.002859999999,7043.381380000001,8870.400819999999,11056.41861,81522.6094,76402.0,99.0,72.0,8.0,92.0
Kansas,20001,Allen County,4029,1445,5600,2584.0,0.7194642857142857,0.2580357142857143,0.4614285714285713,918.2,817.8,1519.8,1325.9,584.1,612.0,814.9,6592.9,11018.4,9813.49677,18238.6422,15911.31299,7009.028270000001,7344.6177800000005,9780.2111,79115.7085,73658.0,105.0,100.0,37.0,83.0
Kansas,20003,Anderson County,2998,732,3791,2266.0,0.7908203640200475,0.1930888947507254,0.5977314692693221,916.1,893.1,1570.0,1228.8,608.5,612.0,830.6,6659.4,10993.2,10718.90879,18839.4925,14746.129609999998,7305.18143,7344.6177800000005,9966.208779999999,79913.7385,78727.0,105.0,91.0,59.0,60.0
Kansas,20005,Atchison County,4911,2201,7255,2710.0,0.6769124741557546,0.3033769813921433,0.3735354927636112,980.4,888.5,1517.4,1228.8,628.7,612.0,845.2,6701.1,11764.8,10660.49495,18210.4109,14746.129609999998,7545.137519999999,7344.6177800000005,10142.53473,80414.1251,84605.0,105.0,102.0,84.0,37.0
Kansas,20007,Barber County,1854,288,2170,1566.0,0.8543778801843318,0.1327188940092166,0.7216589861751153,975.5,825.1,1762.3,1609.3,605.8,612.0,1024.0,7413.8,11706.0,9901.11721,21148.280300000002,19309.7634,7269.85636,7344.6177800000005,12287.19979,88966.8361,76085.0,105.0,14.0,19.0,72.0
Kansas,20009,Barton County,8205,2207,10570,5998.0,0.7762535477767266,0.2087984862819299,0.5674550614947966,985.2,832.3,1539.6,1315.2,611.5,612.0,858.0,6753.7,11822.4,9988.73777,18473.5859,15781.848139999998,7338.50033,7344.6177800000005,10295.00448,81044.69440000001,74278.0,105.0,98.0,39.0,76.0
Kansas,20011,Bourbon County,5003,1444,6572,3559.0,0.7612598904443092,0.219720024345709,0.5415398660986002,958.4,876.1,1508.6,1406.9,617.3,612.0,883.2,6863.0,11500.8,10514.46091,18105.3226,16882.298799999997,7407.17891,7344.6177800000005,10600.64307,82355.3214,84202.0,105.0,55.0,69.0,39.0
Kansas,20013,Brown County,3106,1065,4258,2041.0,0.7294504462188821,0.2501174260216064,0.4793330201972757,952.4,885.9,1565.8,1228.8,618.5,612.0,845.6,6708.9,11428.8,10631.288219999999,18788.403299999998,14746.129609999998,7422.26142,7344.6177800000005,10146.94774,80508.4468,76806.0,105.0,97.0,50.0,67.5
Kansas,20015,Butler County,22426,9150,32236,13276.0,0.695681846382926,0.2838441493981883,0.4118376969847376,1100.6,876.1,1597.2,1215.0,664.9,826.6,988.7,7269.2,13206.220309999999,10514.46091,19164.5458,14579.754,7980.9787400000005,9918.568280000001,11864.73007,87229.25820000001,95397.0,105.0,27.0,95.0,11.0
Kansas,20017,Chase County,1090,348,1462,742.0,0.7455540355677155,0.2380300957592339,0.5075239398084815,909.6,856.8,1694.8,1258.5,594.2,612.0,863.3,6789.5,10915.2,10280.805960000002,20339.195499999998,15102.157870000001,7131.53526,7344.6177800000005,10360.73083,81474.24309999999,73365.0,105.0,68.0,30.0,84.0
Kansas,20019,Chautauqua County,1299,211,1527,1088.0,0.8506876227897839,0.1381794368041912,0.7125081859855927,956.4,912.7,1674.4,1258.5,629.0,612.0,907.2,6950.1,11476.8,10952.563259999999,20092.497,15102.157870000001,7546.50626,7344.6177800000005,10886.7915,83401.9331,60662.0,105.0,54.0,1.0,105.0
Kansas,20021,Cherokee County,6584,1970,8717,4614.0,0.7553057244464839,0.2259951818286107,0.5293105426178731,950.9,864.2,1569.3,1406.9,610.7,612.0,897.6,6911.2,11410.8,10368.42663,18830.3952,16882.298799999997,7327.76361,7344.6177800000005,10770.45961,82934.76,74154.0,105.0,56.0,29.0,78.0
Kansas,20023,Cheyenne County,1185,206,1422,979.0,0.8333333333333334,0.1448663853727144,0.6884669479606189,914.3,868.9,1652.8,1315.2,600.0,798.0,942.6,7091.9,10971.6,10426.840419999999,19834.5582,15781.848139999998,7199.645699999999,9578.0584,11311.956900000001,85104.507,69679.0,105.0,29.0,7.0,96.0
Kansas,20025,Clark County,867,129,1014,738.0,0.8550295857988166,0.1272189349112426,0.727810650887574,929.1,810.5,1803.2,1681.9,585.3,798.0,1099.8,7708.2,11149.2,9725.87637,21639.5902,20183.6509,7023.55637,9578.0584,13198.11397,92498.0443,78750.0,105.0,2.0,15.0,59.0
Kansas,20027,Clay County,3150,867,4113,2283.0,0.7658643326039387,0.2107950401167031,0.5550692924872356,985.0,859.2,1612.7,1242.3,620.4,612.0,870.7,6802.2,11820.0,10310.01301,19352.0403,14907.96061,7445.788060000001,7344.6177800000005,10446.282210000001,81626.70229999999,72423.0,105.0,90.0,33.0,88.0
Kansas,20029,Cloud County,3218,767,4047,2451.0,0.795156906350383,0.1895231035334816,0.6056338028169015,909.6,873.7,1585.5,1242.3,600.0,612.0,828.8,6652.0,10915.2,10485.25404,19025.0413,14907.96061,7200.323150000001,7344.6177800000005,9944.86089,79823.25690000001,72667.0,105.0,93.0,34.0,86.0
Kansas,20031,Coffey County,3371,934,4377,2437.0,0.7701622115604295,0.2133881654100982,0.5567740461503312,945.4,847.0,1699.2,1228.8,603.2,612.0,866.8,6802.3,11344.8,10163.978650000001,20390.0323,14746.129609999998,7236.769769999999,7344.6177800000005,10401.13248,81627.4615,85781.0,105.0,84.0,82.0,30.0
Kansas,20033,Comanche County,727,130,874,597.0,0.8318077803203662,0.148741418764302,0.6830663615560641,934.4,810.5,1710.3,1609.3,587.1,612.0,979.4,7243.0,11212.8,9725.87637,20525.0905,19309.7634,7044.95496,7344.6177800000005,11753.63394,86916.7359,76250.0,105.0,22.0,21.0,69.5
Kansas,20035,Cowley County,9360,3919,13505,5441.0,0.6930766382821177,0.2901888189559422,0.4028878193261755,930.1,800.7,1526.7,1212.8,582.5,612.0,778.7,6443.4,11161.2,9609.048859999999,18321.0164,14551.93234,6988.286290000001,7344.6177800000005,9344.6484,77320.7505,75293.0,105.0,105.0,54.0,74.0
Kansas,20037,Crawford County,10084,5956,16334,4128.0,0.6173625566303416,0.3646381780335496,0.2527243785967919,1029.4,873.7,1464.3,1406.9,640.5,612.0,903.5,6930.1,12352.8,10485.25404,17573.4883,16882.298799999997,7684.01324,7344.6177800000005,10841.76917,83164.2413,67733.0,105.0,64.0,9.0,100.0
Kansas,20039,Decatur County,1217,215,1452,1002.0,0.8381542699724518,0.1480716253443526,0.6900826446280992,981.0,861.6,1686.8,1315.2,619.9,612.0,920.6,6997.1,11772.0,10339.21989,20242.5399,15781.848139999998,7439.46483,7344.6177800000005,11048.033870000001,83967.7243,74167.0,105.0,52.0,28.0,77.0
Kansas,20041,Dickinson County,7014,1989,9144,5025.0,0.7670603674540682,0.21751968503937,0.5495406824146982,952.4,861.6,1555.2,1242.3,610.3,612.0,835.9,6669.7,11428.8,10339.21989,18663.0421,14907.96061,7323.992909999999,7344.6177800000005,10030.640739999999,80038.2749,81891.0,105.0,99.0,71.0,48.0
Kansas,20043,Doniphan County,2899,626,3577,2273.0,0.810455689124965,0.1750069890970086,0.6354487000279564,916.7,885.9,1603.9,1231.2,606.4,663.8,860.0,6768.0,10998.627100000002,10631.288219999999,19247.4633,14773.951360000001,7277.5269499999995,7966.335639999999,10320.27576,81215.468,88872.0,105.0,77.0,91.0,21.0
Kansas,20045,Douglas County,17523,39582,58041,-22059.0,0.3019072724453404,0.6819661963095054,-0.380058923864165,1179.7,983.2,1389.7,1231.2,728.0,843.8,1017.4,7373.1,14156.4,11799.56172,16677.0422,14773.951360000001,8733.05341,10126.93254,12210.606810000001,88477.5459,105884.0,105.0,28.0,103.0,5.0
Kansas,20047,Edwards County,1042,213,1269,829.0,0.8211189913317573,0.1678486997635933,0.6532702915681639,941.1,817.8,1700.0,1609.3,591.8,612.0,983.3,7255.2,11293.2,9813.49677,20399.1943,19309.7634,7101.48658,7344.6177800000005,11800.23394,87061.9938,78355.0,105.0,20.0,32.0,62.0
Kansas,20049,Elk County,1123,191,1338,932.0,0.8393124065769806,0.1427503736920777,0.6965620328849029,985.9,832.3,1688.2,1258.5,611.8,612.0,889.6,6878.3,11830.8,9988.73777,20257.1597,15102.157870000001,7341.3266,7344.6177800000005,10675.25718,82540.0569,65750.0,105.0,78.0,6.0,103.0
Kansas,20051,Ellis County,9743,3511,13511,6232.0,0.7211161275997335,0.2598623343941973,0.4612537932055362,1037.5,861.6,1497.8,1315.2,638.9,798.0,947.8,7096.8,12450.0,10339.21989,17971.926,15781.848139999998,7667.58253,9578.0584,11374.18949,85162.8253,88222.0,105.0,35.0,77.0,23.0
Kansas,20053,Ellsworth County,2078,636,2758,1442.0,0.7534445250181291,0.2306018854242204,0.5228426395939086,921.7,873.7,1658.6,1242.3,604.0,612.0,859.6,6772.1,11060.4,10485.25404,19903.3638,14907.96061,7249.176600000001,7344.6177800000005,10314.79477,81265.5667,86994.0,105.0,80.0,85.0,26.0
Kansas,20055,Finney County,7166,3425,10782,3741.0,0.6646262289000185,0.3176590613986273,0.3469671675013912,1105.9,817.8,1509.4,1681.9,647.3,612.0,1019.0,7393.2,13270.8,9813.49677,18110.7379,20183.6509,7766.86305,7344.6177800000005,12227.38469,88717.5513,86486.0,105.0,12.0,60.0,28.0
Kansas,20057,Ford County,5616,2461,8224,3155.0,0.6828793774319066,0.2992461089494163,0.3836332684824903,1012.3,817.8,1558.0,1681.9,615.7,612.0,990.7,7288.5,12147.6,9813.49677,18695.2296,20183.6509,7388.95491,7344.6177800000005,11888.32204,87461.87090000001,81362.0,105.0,17.0,41.0,50.0
Kansas,20059,Franklin County,8773,3676,12708,5097.0,0.690352533836953,0.2892666037141957,0.4010859301227573,1046.7,893.1,1575.8,1228.8,652.7,612.0,891.1,6900.2,12560.4,10718.90879,18907.636300000002,14746.129609999998,7832.47613,7344.6177800000005,10692.51009,82802.6793,89047.0,105.0,59.0,88.0,19.0
Kansas,20061,Geary County,5288,3674,9163,1614.0,0.5771035687002074,0.4009603841536615,0.1761431845465459,1082.9,861.6,1371.9,1244.7,654.2,843.8,915.9,6975.3,12994.8,10339.21989,16462.6482,14935.782260000002,7850.884179999999,10126.93254,10992.36835,83702.6339,68283.0,105.0,57.0,10.0,99.0
Kansas,20063,Gove County,1227,150,1396,1077.0,0.8789398280802292,0.1074498567335243,0.7714899713467048,935.1,873.7,1769.3,1315.2,608.7,612.0,926.9,7041.0,11221.2,10485.25404,21231.274400000002,15781.848139999998,7303.278820000001,7344.6177800000005,11124.7508,84492.2238,82917.0,105.0,36.0,61.0,44.0
Kansas,20065,Graham County,1055,210,1287,845.0,0.8197358197358198,0.1631701631701631,0.6565656565656566,937.2,866.6,1721.8,1315.2,606.7,612.0,910.8,6970.3,11246.4,10397.6336,20661.852000000003,15781.848139999998,7282.277100000001,7344.6177800000005,10928.83483,83643.4629,61800.0,105.0,46.0,2.0,104.0
Kansas,20067,Grant County,1793,395,2220,1398.0,0.8076576576576576,0.1779279279279279,0.6297297297297297,961.2,807.9,1627.9,1681.9,595.4,612.0,989.8,7276.1,11534.4,9696.66936,19534.7924,20183.6509,7143.332649999999,7344.6177800000005,11875.24201,87312.70509999999,76129.0,105.0,25.0,22.0,71.0
Kansas,20069,Gray County,1837,324,2193,1513.0,0.8376652986776105,0.1477428180574555,0.6899224806201549,937.3,817.8,1817.6,1681.9,590.5,612.0,1042.7,7500.2,11247.6,9813.49677,21812.043400000002,20183.6509,7086.14421,7344.6177800000005,12513.80402,90001.3561,93136.0,105.0,9.0,75.0,12.0
Kansas,20071,Greeley County,510,75,593,435.0,0.8600337268128162,0.1264755480607082,0.7335581787521079,911.5,815.2,1618.3,1315.2,581.1,612.0,838.5,6691.7,10938.0,9784.28995,19419.818,15781.848139999998,6972.15037,7344.6177800000005,10062.44601,80303.1706,84583.0,105.0,85.0,78.0,38.0
Kansas,20073,Greenwood County,2299,541,2884,1758.0,0.7971567267683772,0.1875866851595007,0.6095700416088765,909.6,856.8,1654.8,1258.5,594.2,612.0,849.9,6735.9,10915.2,10280.805960000002,19857.5644,15102.157870000001,7131.53526,7344.6177800000005,10199.22706,80831.1076,69080.0,105.0,79.0,16.0,97.0
Kansas,20075,Hamilton County,671,131,815,540.0,0.8233128834355828,0.1607361963190184,0.6625766871165645,963.3,815.2,1846.0,1681.9,598.5,612.0,1063.7,7580.8,11559.6,9784.28995,22151.553600000003,20183.6509,7181.29173,7344.6177800000005,12765.703440000001,90970.7059,81136.0,105.0,5.0,27.0,51.0
Kansas,20077,Harper County,2072,437,2555,1635.0,0.810958904109589,0.1710371819960861,0.639921722113503,935.2,817.8,1625.0,1258.5,589.7,612.0,835.7,6674.2,11222.4,9813.49677,19499.912600000003,15102.157870000001,7077.66545,7344.6177800000005,10029.78686,80090.0377,66964.0,105.0,96.0,14.0,101.0
Kansas,20079,Harvey County,9591,6202,16086,3389.0,0.5962327489742634,0.3855526544821584,0.2106800944921049,996.7,864.2,1561.8,1260.7,626.0,843.8,945.2,7098.3,11958.071059999998,10368.42663,18741.1754,15129.97923,7511.89675,10126.93254,11342.122930000001,85178.605,85557.0,105.0,33.0,67.0,32.0
Kansas,20081,Haskell County,1045,221,1278,824.0,0.8176838810641628,0.1729264475743349,0.6447574334898278,921.2,795.9,1802.4,1681.9,577.5,612.0,1021.0,7412.4,11054.4,9550.6354,21629.277599999998,20183.6509,6932.6992,7344.6177800000005,12253.55978,88948.8414,96197.0,105.0,10.0,89.0,10.0
Kansas,20083,Hodgeman County,817,136,966,681.0,0.8457556935817805,0.1407867494824016,0.7049689440993788,988.3,817.8,1943.2,1609.3,607.8,612.0,1089.3,7667.4,11859.6,9813.49677,23316.409,19309.7634,7292.05552,7344.6177800000005,13072.38536,92008.3282,83750.0,105.0,7.0,38.0,42.0
Kansas,20085,Jackson County,4557,1799,6474,2758.0,0.7038924930491196,0.2778807537843682,0.4260117392647514,922.3,881.1,1675.0,1231.2,606.8,663.8,883.1,6863.4,11069.726939999999,10572.87434,20099.3069,14773.951360000001,7281.79513,7966.335639999999,10596.61471,82360.6047,90122.0,105.0,67.0,94.0,18.0
Kansas,20087,Jefferson County,6694,3030,9927,3664.0,0.6743225546489372,0.3052281656089453,0.3690943890399919,909.3,981.0,1726.8,1231.2,636.1,843.8,1002.5,7330.7,10914.54406,11770.354819999999,20720.0971,14773.951360000001,7632.482980000001,10126.93254,12027.95773,87966.3211,96315.0,105.0,16.0,93.0,9.0
Kansas,20089,Jewell County,1370,176,1574,1194.0,0.8703939008894537,0.1118170266836086,0.7585768742058451,945.9,873.7,1728.3,1242.3,612.3,612.0,894.5,6909.2,11350.8,10485.25404,20740.2906,14907.96061,7346.883530000001,7344.6177800000005,10733.91144,82909.7166,70577.0,105.0,58.0,17.0,93.0
Kansas,20091,Johnson County,154247,183451,343780,-29204.0,0.4486793879806853,0.5336290650997731,-0.0849496771190878,1580.4,1036.7,1453.4,1169.1,880.5,1247.4,1384.6,8752.0,18963.9463,12442.11201,17439.7462,14029.528769999999,10566.774229999999,14968.3694,16614.80848,105025.2848,131831.0,105.0,1.0,105.0,1.0
Kansas,20093,Kearny County,1082,192,1301,890.0,0.8316679477325134,0.1475787855495772,0.6840891621829361,1125.3,807.9,1760.3,1681.9,650.3,612.0,1105.1,7743.0,13503.6,9696.66936,21122.1497,20183.6509,7805.88276,7344.6177800000005,13261.08125,92917.6506,74653.0,105.0,3.0,4.0,75.0
Kansas,20095,Kingman County,3119,753,3947,2366.0,0.7902204205725868,0.1907778059285533,0.5994426146440335,979.8,859.2,1749.7,1258.5,618.7,612.0,918.9,6996.7,11757.6,10310.01301,20996.6373,15102.157870000001,7424.7931100000005,7344.6177800000005,11025.849610000001,83961.6689,76806.0,105.0,60.0,42.0,67.5
Kansas,20097,Kiowa County,941,151,1107,790.0,0.8500451671183379,0.1364046973803071,0.7136404697380307,913.6,817.8,1705.3,1609.3,582.5,612.0,970.6,7210.9,10963.2,9813.49677,20464.1869,19309.7634,6990.455930000001,7344.6177800000005,11645.50758,86531.22750000001,85625.0,105.0,23.0,63.0,31.0
Kansas,20099,Labette County,5410,2385,7921,3025.0,0.682994571392501,0.3010983461684131,0.3818962252240879,906.1,817.8,1504.3,1406.9,580.1,612.0,830.6,6657.7,10873.2,9813.49677,18050.485099999998,16882.298799999997,6960.174860000001,7344.6177800000005,9967.44333,79891.7171,73764.0,105.0,86.0,35.0,80.0
Kansas,20101,Lane County,709,111,843,598.0,0.8410438908659549,0.1316725978647686,0.7093712930011862,909.6,815.2,1804.3,1315.2,580.5,612.0,899.8,6936.6,10915.2,9784.28995,21651.6497,15781.848139999998,6964.47913,7344.6177800000005,10798.97996,83241.0623,82083.0,105.0,47.0,62.0,47.0
Kansas,20103,Leavenworth County,22055,13732,36547,8323.0,0.603469505020932,0.3757353544750595,0.2277341505458724,1298.7,922.5,1570.8,1239.3,747.3,826.6,1097.9,7702.5,15581.928899999999,11069.39069,18848.6247,14871.049439999999,8967.01111,9918.568280000001,13174.742929999999,92431.3167,107647.0,105.0,8.0,98.0,3.0
Kansas,20105,Lincoln County,1233,250,1507,983.0,0.8181818181818182,0.165892501658925,0.6522893165228932,934.8,873.7,1780.3,1242.3,608.5,612.0,907.4,6959.4,11217.6,10485.25404,21365.445799999998,14907.96061,7302.06755,7344.6177800000005,10888.12769,83511.0722,73750.0,105.0,50.0,26.0,81.0
Kansas,20107,Linn County,4093,854,5016,3239.0,0.8159888357256778,0.1702551834130781,0.6457336523125996,778.4,956.5,1730.5,1231.2,583.7,663.8,872.6,6816.6,9338.20338,11478.28657,20765.7484,14773.951360000001,7003.84436,7966.335639999999,10472.60877,81798.9777,79206.0,105.0,81.0,56.0,56.0
Kansas,20109,Logan County,1186,183,1400,1003.0,0.8471428571428572,0.1307142857142857,0.7164285714285714,1009.9,820.4,1675.4,1315.2,615.7,612.0,903.6,6952.2,12118.8,9842.70386,20104.9251,15781.848139999998,7389.092070000001,7344.6177800000005,10844.04566,83426.03300000001,85063.0,105.0,48.0,70.0,33.0
Kansas,20111,Lyon County,7462,5515,13256,1947.0,0.5629149064574532,0.4160380205190102,0.146876885938443,974.1,856.8,1411.5,1228.8,616.1,612.0,791.8,6491.0,11689.2,10280.805960000002,16937.6555,14746.129609999998,7391.9527,7344.6177800000005,9502.1184,77892.47929999999,77542.0,105.0,104.0,65.0,64.0
Kansas,20113,McPherson County,9816,4021,14104,5795.0,0.6959727736812252,0.2850964265456608,0.4108763471355644,948.9,871.5,1554.2,1258.5,612.3,612.0,842.1,6699.5,11386.8,10456.04707,18650.7911,15102.157870000001,7349.1692299999995,7344.6177800000005,10105.13622,80394.7181,93053.0,105.0,92.0,97.0,13.0
Kansas,20115,Marion County,4312,1429,5870,2883.0,0.7345826235093696,0.2434412265758092,0.4911413969335604,952.5,856.8,1680.2,1258.5,608.6,612.0,880.5,6849.0,11430.0,10280.805960000002,20161.408199999998,15102.157870000001,7304.74313,7344.6177800000005,10564.78459,82188.5161,79818.0,105.0,73.0,58.0,54.0
Kansas,20117,Marshall County,3644,1205,4968,2439.0,0.7334943639291466,0.2425523349436393,0.4909420289855073,980.8,873.7,1638.6,1274.7,624.0,612.0,894.6,6898.6,11769.6,10485.25404,19664.018,15296.35514,7487.79148,7344.6177800000005,10735.78796,82783.42510000001,83873.0,105.0,74.0,72.0,40.0
Kansas,20119,Meade County,1427,247,1695,1180.0,0.8418879056047197,0.1457227138643068,0.6961651917404129,909.6,800.7,1702.9,1681.9,575.6,612.0,984.5,7267.3,10915.2,9609.048859999999,20434.2451,20183.6509,6905.51811,7344.6177800000005,11815.87981,87208.1616,90607.0,105.0,15.0,73.0,17.0
Kansas,20121,Miami County,12854,5472,18685,7382.0,0.687931495852288,0.2928552314690928,0.3950762643831951,1256.3,961.3,1673.9,1169.1,746.2,826.6,1108.0,7741.3,15075.310200000002,11536.700200000001,20086.1041,14029.528769999999,8953.78552,9918.568280000001,13295.567810000002,92895.5658,109861.0,105.0,6.0,101.0,2.0
Kansas,20123,Mitchell County,2608,528,3172,2080.0,0.8221941992433796,0.1664564943253468,0.6557377049180327,942.6,873.7,1609.5,1242.3,611.2,612.0,853.6,6745.0,11311.2,10485.25404,19313.3034,14907.96061,7333.55995,7344.6177800000005,10242.81909,80938.7152,71250.0,105.0,88.0,24.0,91.0
Kansas,20125,Montgomery County,9287,2934,12441,6353.0,0.7464834016558155,0.2358331323848565,0.5106502692709589,945.6,822.7,1492.6,1258.5,595.0,612.0,799.6,6526.0,11347.2,9871.91054,17911.855300000003,15102.157870000001,7139.30894,7344.6177800000005,9595.17965,78312.2303,69071.0,105.0,103.0,23.0,98.0
Kansas,20127,Morris County,2021,721,2792,1300.0,0.7238538681948424,0.2582378223495702,0.4656160458452722,945.2,856.8,1684.5,1242.3,606.4,612.0,869.5,6816.8,11342.4,10280.805960000002,20214.5405,14907.96061,7275.269490000001,7344.6177800000005,10436.1238,81801.716,77226.0,105.0,66.0,46.0,66.0
Kansas,20129,Morton County,909,131,1060,778.0,0.8575471698113207,0.1235849056603773,0.7339622641509433,909.6,803.3,1664.7,1681.9,576.2,612.0,973.5,7221.5,10915.2,9638.25564,19977.7166,20183.6509,6915.3450299999995,7344.6177800000005,11681.87932,86656.6656,82234.0,105.0,18.0,45.0,46.0
Kansas,20131,Nemaha County,4655,888,5620,3767.0,0.8282918149466192,0.1580071174377224,0.6702846975088967,979.4,876.1,1697.9,1228.8,624.3,612.0,897.5,6916.4,11752.8,10514.46091,20375.136000000002,14746.129609999998,7491.96602,7344.6177800000005,10769.44632,82994.5563,98625.0,105.0,76.0,100.0,7.0
Kansas,20133,Neosho County,4961,1696,6784,3265.0,0.7312794811320755,0.25,0.4812794811320755,973.4,822.7,1545.0,1406.9,604.3,612.0,881.1,6845.1,11680.8,9871.91054,18539.4671,16882.298799999997,7251.5509,7344.6177800000005,10571.35879,82142.0039,78352.0,105.0,75.0,51.0,63.0
Kansas,20135,Ness County,1205,129,1363,1076.0,0.8840792369772561,0.0946441672780631,0.789435069699193,948.0,856.8,1795.0,1315.2,607.2,612.0,936.4,7070.6,11376.0,10280.805960000002,21540.5018,15781.848139999998,7286.574460000001,7344.6177800000005,11236.447629999999,84846.7953,91875.0,105.0,37.0,90.0,16.0
Kansas,20137,Norton County,1882,346,2270,1536.0,0.8290748898678414,0.1524229074889868,0.6766519823788546,910.9,859.2,1647.0,1315.2,595.6,798.0,934.1,7060.3,10930.8,10310.01301,19763.2668,15781.848139999998,7146.61082,9578.0584,11210.91309,84721.5085,71447.0,105.0,31.0,13.0,89.0
Kansas,20139,Osage County,5736,1946,7892,3790.0,0.7268119614799797,0.2465788139888494,0.4802331474911303,872.8,876.1,1657.3,1231.2,588.5,663.8,852.8,6742.6,10474.85849,10514.46091,19888.3589,14773.951360000001,7061.99409,7966.335639999999,10232.020480000001,80911.9798,84759.0,105.0,87.0,80.0,36.0
Kansas,20141,Osborne County,1477,261,1774,1216.0,0.8325817361894025,0.1471251409244645,0.685456595264938,909.6,868.9,1706.8,1315.2,598.4,612.0,892.1,6903.3,10915.2,10426.840419999999,20483.293700000002,15781.848139999998,7180.66952,7344.6177800000005,10705.06805,82837.5386,80568.0,105.0,49.0,52.0,53.0
Kansas,20143,Ottawa County,2475,476,3003,1999.0,0.8241758241758241,0.1585081585081585,0.6656676656676657,1003.5,873.7,1775.4,1242.3,631.5,612.0,934.2,7072.8,12042.0,10485.25404,21303.048499999997,14907.96061,7579.4423,7344.6177800000005,11211.89808,84874.2217,88857.0,105.0,34.0,79.0,22.0
Kansas,20145,Pawnee County,2003,625,2675,1378.0,0.748785046728972,0.2336448598130841,0.5151401869158878,969.2,839.6,1532.4,1609.3,608.5,612.0,952.4,7123.5,11630.4,10076.35831,18388.7529,19309.7634,7303.38129,7344.6177800000005,11429.44103,85482.71609999999,93029.0,105.0,32.0,92.0,14.0
Kansas,20147,Phillips County,2356,331,2747,2025.0,0.8576629049872588,0.1204950855478704,0.7371678194393885,914.8,861.6,1733.7,1315.2,597.7,612.0,900.4,6935.3,10977.6,10339.21989,20805.1166,15781.848139999998,7172.183770000001,7344.6177800000005,10803.89313,83224.4787,79063.0,105.0,45.0,48.0,57.0
Kansas,20149,Pottawatomie County,9811,3394,13472,6417.0,0.7282511876484561,0.2519299287410926,0.4763212589073634,1054.7,871.5,1717.9,1231.2,648.0,826.6,1009.6,7359.6,12656.026070000002,10456.04707,20617.3187,14773.951360000001,7776.2087,9918.568280000001,12116.47955,88314.59969999999,106369.0,105.0,24.0,102.0,4.0
Kansas,20151,Pratt County,3054,954,4082,2100.0,0.7481626653601176,0.2337089661930426,0.514453699167075,971.9,859.2,1664.6,1609.3,616.0,612.0,1004.8,7337.8,11662.8,10310.01301,19975.865100000003,19309.7634,7392.89697,7344.6177800000005,12056.74614,88052.7028,80993.0,105.0,19.0,40.0,52.0
Kansas,20153,Rawlins County,1194,176,1403,1018.0,0.8510334996436208,0.1254454739843193,0.7255880256593015,909.6,898.1,1724.1,1315.2,608.3,612.0,911.7,6979.2,10915.2,10777.322339999999,20690.8309,15781.848139999998,7298.59157,7344.6177800000005,10941.730950000001,83750.1399,75750.0,105.0,38.0,31.0,73.0
Kansas,20155,Reno County,17847,8554,26940,9293.0,0.6624721603563475,0.3175204157386785,0.3449517446176689,1000.9,854.3,1479.7,1258.5,624.2,612.0,831.7,6661.4,12010.8,10251.599189999999,17757.443,15102.157870000001,7490.33039,7344.6177800000005,9978.54253,79935.4903,78405.0,105.0,89.0,55.0,61.0
Kansas,20157,Republic County,2001,396,2443,1605.0,0.8190749079001228,0.1620957838722881,0.6569791240278346,962.7,885.9,1655.3,1242.3,622.0,612.0,884.0,6864.6,11552.4,10631.288219999999,19864.9478,14907.96061,7463.84724,7344.6177800000005,10608.95919,82374.0211,71357.0,105.0,71.0,20.0,90.0
Kansas,20159,Rice County,3073,825,3966,2248.0,0.7748361069087242,0.208018154311649,0.5668179525970751,986.3,854.3,1696.5,1258.5,619.4,612.0,901.7,6928.6,11835.6,10251.599189999999,20356.8818,15102.157870000001,7431.3830499999995,7344.6177800000005,10820.735779999999,83142.977,77420.0,105.0,70.0,49.0,65.0
Kansas,20161,Riley County,11630,12063,24313,-433.0,0.4783449183564348,0.4961543207337638,-0.0178094023773289,1110.9,1049.0,1390.5,1244.7,726.8,826.6,1012.4,7360.8,13332.015900000002,12588.14629,16686.9771,14935.782260000002,8721.0086,9918.568280000001,12147.29457,88329.7929,84939.0,105.0,21.0,57.0,35.0
Kansas,20163,Rooks County,2153,349,2534,1804.0,0.8496448303078137,0.1377269139700078,0.7119179163378058,909.6,861.6,1644.3,1315.2,595.9,612.0,867.8,6806.3,10915.2,10339.21989,19730.947200000002,15781.848139999998,7151.18888,7344.6177800000005,10413.79054,81676.8143,81875.0,105.0,63.0,64.0,49.0
Kansas,20165,Rush County,1315,264,1606,1051.0,0.8188044831880449,0.1643835616438356,0.6544209215442093,964.7,856.8,1706.5,1315.2,612.7,798.0,980.9,7235.1,11576.4,10280.805960000002,20478.8185,15781.848139999998,7354.00027,9578.0584,11769.8137,86819.746,70313.0,105.0,26.0,8.0,94.0
Kansas,20167,Russell County,2632,608,3301,2024.0,0.7973341411693426,0.184186610118146,0.6131475310511967,921.1,873.7,1627.2,1315.2,603.9,612.0,871.7,6824.9,11053.2,10485.25404,19525.783199999998,15781.848139999998,7246.7541599999995,7344.6177800000005,10460.85135,81898.309,72829.0,105.0,62.0,25.0,85.0
Kansas,20169,Saline County,15069,7734,23226,7335.0,0.6487987600103332,0.3329888917592353,0.3158098682510978,1058.0,876.1,1389.4,1242.3,650.8,612.0,830.4,6659.1,12696.0,10514.46091,16671.2385,14907.96061,7809.311809999999,7344.6177800000005,9964.53554,79908.12509999999,85061.0,105.0,94.0,83.0,34.0
Kansas,20171,Scott County,1843,248,2135,1595.0,0.863231850117096,0.1161592505854801,0.7470725995316159,980.4,822.7,1617.3,1315.2,606.6,798.0,944.5,7084.8,11764.8,9871.91054,19406.7304,15781.848139999998,7279.813070000001,9578.0584,11333.67172,85016.8311,87546.0,105.0,40.0,76.0,25.0
Kansas,20173,Sedgwick County,120118,90506,214152,29612.0,0.5609006686839254,0.4226250513653853,0.1382756173185401,1092.9,888.5,1400.4,1215.0,666.5,826.6,924.5,7013.9,13112.27371,10660.49495,16806.027299999998,14579.754,7998.50411,9918.568280000001,11092.97183,84168.59479999999,86412.0,105.0,43.0,74.0,29.0
Kansas,20175,Seward County,3133,1354,4565,1779.0,0.6863088718510405,0.296604600219058,0.3897042716319824,1079.0,803.3,1500.0,1681.9,633.3,798.0,1060.9,7556.4,12948.0,9638.25564,17998.495199999998,20183.6509,7599.294,9578.0584,12731.719650000001,90677.474,76250.0,105.0,4.0,12.0,69.5
Kansas,20177,Shawnee County,39901,40308,81819,-407.0,0.4876740121487674,0.4926484068492648,-0.0049743947004974,1045.5,878.6,1386.9,1231.2,647.3,843.8,902.6,6936.0,12543.96609,10543.667669999999,16642.966099999998,14773.951360000001,7767.98582,10126.93254,10831.76175,83231.231,88932.0,105.0,51.0,86.0,20.0
Kansas,20179,Sheridan County,1229,126,1373,1103.0,0.8951201747997086,0.0917698470502549,0.8033503277494537,982.8,873.7,1751.1,1315.2,624.7,612.0,947.2,7106.6,11793.6,10485.25404,21013.1373,15781.848139999998,7495.86648,7344.6177800000005,11367.22455,85281.5487,103250.0,105.0,42.0,104.0,6.0
Kansas,20181,Sherman County,2161,379,2593,1782.0,0.8333976089471654,0.1461627458542229,0.6872348630929426,987.1,825.1,1456.5,1315.2,609.8,612.0,823.4,6629.3,11845.2,9901.11721,17480.7148,15781.848139999998,7316.69094,7344.6177800000005,9882.05009,79552.2386,73709.0,105.0,95.0,36.0,82.0
Kansas,20183,Smith County,1675,300,2006,1375.0,0.8349950149551346,0.1495513459621136,0.685443668993021,969.1,883.5,1710.7,1315.2,623.5,612.0,929.9,7043.7,11629.2,10602.08128,20528.388899999998,15781.848139999998,7479.860409999999,7344.6177800000005,11157.823789999999,84523.8202,83795.0,105.0,44.0,66.0,41.0
Kansas,20185,Stafford County,1548,326,1909,1222.0,0.8108957569408067,0.1707700366684127,0.640125720272394,909.6,832.3,1787.4,1609.3,585.9,612.0,1003.0,7339.6,10915.2,9988.73777,21449.3099,19309.7634,7033.266990000001,7344.6177800000005,12035.00331,88075.898,83300.0,105.0,11.0,47.0,43.0
Kansas,20187,Stanton County,537,115,664,422.0,0.8087349397590361,0.1731927710843373,0.6355421686746987,934.4,815.2,1548.2,1681.9,588.7,612.0,952.3,7133.1,11212.8,9784.28995,18578.85,20183.6509,7064.608590000001,7344.6177800000005,11429.42107,85598.2379,71115.0,105.0,30.0,11.0,92.0
Kansas,20189,Stevens County,1595,210,1835,1385.0,0.8692098092643051,0.1144414168937329,0.7547683923705721,930.5,800.7,1684.2,1681.9,582.5,612.0,987.5,7279.4,11166.0,9609.048859999999,20211.2454,20183.6509,6989.901489999999,7344.6177800000005,11849.43419,87353.89869999999,69808.0,105.0,13.0,3.0,95.0
Kansas,20191,Sumner County,7810,2527,10549,5283.0,0.7403545359749739,0.2395487723954877,0.5008057635794863,978.2,825.1,1599.7,1215.0,606.8,663.8,851.4,6739.9,11738.4,9901.11721,19195.3638,14579.754,7280.75747,7966.335639999999,10216.86688,80878.5949,82406.0,105.0,82.0,68.0,45.0
Kansas,20193,Thomas County,3007,597,3664,2410.0,0.8206877729257642,0.1629366812227074,0.6577510917030568,909.6,820.4,1640.5,1315.2,582.1,612.0,847.4,6727.0,10915.2,9842.70386,19687.4876,15781.848139999998,6984.13283,7344.6177800000005,10168.299439999999,80724.2902,97011.0,105.0,83.0,99.0,8.0
Kansas,20195,Trego County,1343,216,1587,1127.0,0.8462507876496534,0.1361058601134215,0.7101449275362319,915.4,866.6,1655.6,1315.2,599.5,612.0,875.6,6839.7,10984.8,10397.6336,19866.5563,15781.848139999998,7194.26002,7344.6177800000005,10505.34392,82075.0611,92068.0,105.0,61.0,96.0,15.0
Kansas,20197,Wabaunsee County,2816,944,3836,1872.0,0.7340980187695516,0.246089676746611,0.4880083420229405,830.8,876.1,1805.2,1231.2,574.4,663.8,882.9,6864.5,9970.51337,10514.46091,21664.1221,14773.951360000001,6892.303940000001,7966.335639999999,10593.43907,82375.1255,86506.0,105.0,65.0,81.0,27.0
Kansas,20199,Wallace County,686,52,748,634.0,0.9171122994652406,0.0695187165775401,0.8475935828877006,923.6,815.2,1860.5,1315.2,585.1,612.0,925.8,7037.5,11083.2,9784.28995,22326.0495,15781.848139999998,7021.00383,7344.6177800000005,11109.47021,84450.4786,79000.0,105.0,41.0,44.0,58.0
Kansas,20201,Washington County,2263,396,2700,1867.0,0.8381481481481482,0.1466666666666666,0.6914814814814816,934.4,878.6,1673.8,1242.3,610.0,612.0,872.7,6824.1,11212.8,10543.667669999999,20085.427000000003,14907.96061,7320.10619,7344.6177800000005,10475.43677,81890.016,79211.0,105.0,69.0,53.0,55.0
Kansas,20203,Wichita County,740,107,860,633.0,0.8604651162790697,0.1244186046511627,0.7360465116279069,991.9,822.7,1661.9,1315.2,610.4,612.0,897.5,6911.5,11902.8,9871.91054,19942.769800000002,15781.848139999998,7326.2440799999995,7344.6177800000005,10768.1627,82938.3532,87557.0,105.0,72.0,87.0,24.0
Kansas,20205,Wilson County,2894,647,3603,2247.0,0.8032195392728282,0.1795725784068831,0.6236469608659451,980.4,822.7,1584.3,1258.5,606.6,612.0,848.0,6712.9,11764.8,9871.91054,19013.495600000002,15102.157870000001,7279.813070000001,7344.6177800000005,10176.77774,80553.57239999999,74135.0,105.0,101.0,43.0,79.0
Kansas,20207,Woodson County,1205,282,1506,923.0,0.800132802124834,0.1872509960159362,0.6128818061088976,952.1,856.8,1678.9,1325.9,608.4,612.0,902.9,6937.4,11425.2,10280.805960000002,20147.9942,15911.31299,7303.12815,7344.6177800000005,10834.766800000001,83247.82639999999,66750.0,105.0,53.0,5.0,102.0
Kansas,20209,Wyandotte County,18867,30938,50602,-12071.0,0.372850875459468,0.6113987589423343,-0.2385478834828663,1221.3,861.6,1421.5,1169.1,700.6,826.6,959.1,7159.5,14650.8464,10339.21989,17059.0423,14029.528769999999,8408.07181,9918.568280000001,11509.68588,85914.9633,72448.0,105.0,39.0,18.0,87.0
Kentucky,21001,Adair County,7643,1257,8971,6386.0,0.8519674506743953,0.1401181585107568,0.7118492921636383,947.1,739.8,1520.2,1239.7,567.4,620.0,848.8,6483.4,11365.2,8878.87802,18242.3484,14877.570319999999,6811.25283,7439.63882,10185.52595,77800.41459999999,64569.0,120.0,92.0,53.0,76.0
Kentucky,21003,Allen County,7824,1505,9418,6319.0,0.830749628371204,0.1598003822467615,0.6709492461244425,987.0,820.4,1562.6,1263.6,608.0,973.6,1039.8,7255.5,11844.0,9842.70386,18753.8202,15165.347020000001,7296.6336200000005,11684.77516,12477.76446,87065.043,76166.0,120.0,22.0,64.0,45.0
Kentucky,21005,Anderson County,9650,3226,13090,6424.0,0.7372039724980901,0.2464476699770817,0.4907563025210084,1058.1,766.7,1639.0,1113.0,614.0,827.8,973.3,6992.1,12697.2,9200.15311,19667.5456,13356.35937,7367.50811,9932.70636,11681.27479,83902.74740000001,85921.0,120.0,46.0,109.0,14.0
Kentucky,21007,Ballard County,3331,697,4088,2634.0,0.8148238747553816,0.1704990215264188,0.6443248532289628,910.4,803.3,1666.9,1223.5,576.5,890.2,991.1,7061.9,10924.8,9638.25564,20002.6361,14683.37325,6918.57494,10680.67648,11894.84943,84743.16679999999,82747.0,120.0,27.0,94.0,22.0
Kentucky,21009,Barren County,15019,4565,19799,10454.0,0.7585736653366332,0.2305672003636547,0.5280064649729784,924.1,754.3,1433.7,1239.7,564.6,762.8,863.5,6543.2,11089.2,9054.11901,17206.0261,14877.570319999999,6777.35178,9153.005979999998,10362.46323,78519.737,61990.0,120.0,75.0,38.0,85.0
Kentucky,21011,Bath County,4041,1278,5389,2763.0,0.7498608276118018,0.2371497494897012,0.5127110781221006,931.2,774.0,1496.2,1096.8,573.8,570.4,786.3,6228.6,11174.4,9287.77376,17955.2706,13162.16221,6884.63248,6842.20796,9436.43564,74742.8829,69492.0,120.0,111.0,89.0,64.0
Kentucky,21013,Bell County,7831,1419,9337,6412.0,0.8387062225554247,0.1519760094248688,0.6867302131305559,965.6,776.4,1377.5,1250.5,586.2,608.0,826.6,6390.9,11587.2,9316.98055,16529.2851,15007.03516,7033.348739999999,7297.90432,9919.49667,76691.2518,46263.0,120.0,102.0,9.0,113.0
Kentucky,21015,Boone County,45650,20601,67382,25049.0,0.6774806328099492,0.3057344691460627,0.3717461636638864,1529.6,839.6,1576.2,1309.6,797.2,1250.8,1424.4,8727.4,18354.0495,10076.35831,18914.389499999997,15715.572250000001,9565.59704,15009.447219999998,17092.25942,104727.6721,114142.0,120.0,1.0,117.0,2.0
Kentucky,21017,Bourbon County,6284,3088,9535,3196.0,0.659045621394861,0.323859465128474,0.335186156266387,898.0,761.7,1597.3,1137.0,558.3,1231.6,1038.2,7221.9,10771.631640000001,9141.7396,19168.0543,13644.135579999998,6699.9841400000005,14781.6919,12456.859330000001,86664.0967,76560.0,120.0,21.0,67.0,40.0
Kentucky,21019,Boyd County,14363,6291,20951,8072.0,0.6855520022910601,0.3002720633859959,0.3852799389050642,1008.6,793.4,1337.2,1120.8,606.2,786.8,854.8,6507.5,12100.41003,9521.4285,16045.8408,13449.93836,7274.80941,9442.32438,10256.33206,78091.0839,72397.0,120.0,80.0,88.0,53.0
Kentucky,21021,Boyle County,9159,4990,14371,4169.0,0.6373251687426066,0.3472270544847262,0.2900981142578804,1002.0,810.5,1423.2,1113.0,610.0,919.6,931.0,6809.4,12024.0,9725.87637,17078.077299999997,13356.35937,7317.88849,11036.802179999999,11172.213240000001,81711.2172,78151.0,120.0,63.0,93.0,35.0
Kentucky,21023,Bracken County,3399,702,4146,2697.0,0.8198263386396527,0.1693198263386396,0.6505065123010131,912.7,803.3,1675.8,1120.8,577.5,852.2,951.5,6894.0,10956.766959999999,9638.25564,20110.109900000003,13449.93836,6929.33048,10225.576920000001,11417.22785,82727.20629999999,76336.0,120.0,48.0,82.0,42.0
Kentucky,21025,Breathitt County,4036,1002,5113,3034.0,0.789360453745355,0.1959710541756307,0.5933893995697243,932.3,795.9,1438.5,1250.5,581.6,570.4,826.6,6395.4,11187.6,9550.6354,17262.2702,15007.03516,6977.51523,6842.20796,9918.15957,76745.4228,54978.0,120.0,98.0,24.0,99.0
Kentucky,21027,Breckinridge County,7882,2038,10046,5844.0,0.7845908819430619,0.2028668126617559,0.5817240692813059,925.7,813.0,1607.7,1118.4,584.9,841.6,932.6,6824.0,11108.4,9755.0828,19294.183299999997,13421.09179,7019.65576,10096.2446,11192.8826,81887.5404,70845.0,120.0,57.0,61.0,58.0
Kentucky,21029,Bullitt County,32299,10280,43187,22019.0,0.7478870956537848,0.2380345937434876,0.5098525019102971,1267.9,795.9,1642.5,1142.4,694.4,925.8,1121.9,7591.0,15218.651699999999,9550.6354,19709.3572,13708.868099999998,8333.78896,11108.66674,13461.94221,91091.91010000001,90615.0,120.0,15.0,106.0,12.0
Kentucky,21031,Butler County,4905,965,5942,3940.0,0.8254796364860316,0.1624032312352743,0.6630764052507573,947.7,715.5,1526.2,1263.6,559.7,973.6,968.5,6955.3,11372.4,8586.809669999999,18314.8191,15165.347020000001,6715.40696,11684.77516,11622.92654,83462.4844,67125.0,120.0,47.0,44.0,69.0
Kentucky,21033,Caldwell County,4860,1256,6188,3604.0,0.7853910795087266,0.2029734970911441,0.5824175824175823,897.4,776.4,1545.6,1223.5,563.1,882.6,930.6,6819.6,10768.8,9316.98055,18548.360800000002,14683.37325,6757.99258,10591.656140000001,11166.77571,81833.9397,76230.0,120.0,54.0,85.0,43.0
Kentucky,21035,Calloway County,11539,5111,16936,6428.0,0.6813297118564006,0.3017831837505904,0.3795465281058101,1099.2,807.9,1433.6,1223.5,641.8,880.8,996.6,7083.5,13190.4,9696.66936,17203.0373,14683.37325,7700.5045199999995,10569.39878,11959.086720000001,85002.4692,78027.0,120.0,31.0,81.0,36.0
Kentucky,21037,Campbell County,28450,18952,48302,9498.0,0.5890025257753302,0.3923647053952217,0.1966378203801084,1317.1,881.1,1417.7,1309.6,739.7,1250.8,1287.4,8203.2,15805.28308,10572.87434,17011.3098,15715.572250000001,8875.10397,15009.447219999998,15449.08875,98438.6787,105673.0,120.0,3.0,115.0,4.0
Kentucky,21039,Carlisle County,2182,408,2610,1774.0,0.8360153256704981,0.1563218390804597,0.6796934865900384,877.5,735.0,1605.9,1223.5,542.6,890.2,927.0,6801.8,10530.0,8820.46429,19273.3744,14683.37325,6510.5906,10680.67648,11123.118400000001,81621.5974,71523.0,120.0,55.0,62.0,55.0
Kentucky,21041,Carroll County,3014,963,4025,2051.0,0.7488198757763975,0.2392546583850931,0.5095652173913043,956.5,788.7,1413.3,1118.4,587.2,1159.8,982.6,7006.2,11478.0,9463.01467,16958.4889,13421.09179,7045.74174,13918.170999999998,11790.39399,84074.90160000001,74002.0,120.0,40.0,72.0,48.0
Kentucky,21043,Carter County,8981,2305,11420,6676.0,0.7864273204903678,0.2018388791593695,0.5845884413309983,920.2,873.7,1474.9,1120.8,603.6,852.2,920.0,6765.4,11042.4,10485.25404,17699.1484,13449.93836,7243.12038,10225.576920000001,11038.79721,81184.23640000001,64750.0,120.0,66.0,41.0,75.0
Kentucky,21045,Casey County,6216,804,7080,5412.0,0.8779661016949153,0.1135593220338983,0.764406779661017,916.5,730.2,1520.4,1239.7,554.0,620.0,829.1,6410.2,10998.0,8762.050500000001,18245.5757,14877.570319999999,6648.398660000001,7439.63882,9949.93496,76921.168,52526.0,120.0,94.0,14.0,107.0
Kentucky,21047,Christian County,14332,7055,21671,7277.0,0.6613446541460939,0.3255502745604725,0.3357943795856213,1207.6,791.0,1395.2,1288.2,672.4,762.0,1010.9,7127.2,14488.4465,9492.221679999999,16740.9905,15456.64257,8068.45303,9146.96116,12130.563680000001,85524.2794,62703.0,120.0,35.0,29.0,82.0
Kentucky,21049,Clark County,11950,5639,17868,6311.0,0.6687933736288336,0.3155921199910454,0.3532012536377882,1064.1,793.4,1577.4,1137.0,625.0,1062.8,1059.1,7319.1,12766.91339,9521.4285,18930.2603,13644.135579999998,7499.05867,12756.09072,12709.8164,87827.7052,84941.0,120.0,20.0,95.0,16.0
Kentucky,21051,Clay County,6729,692,7517,6037.0,0.8951709458560596,0.0920580018624451,0.8031129439936144,953.8,747.2,1433.3,1250.5,572.5,607.8,827.7,6392.6,11445.6,8966.4985,17199.5081,15007.03516,6867.784450000001,7292.864960000001,9931.64288,76710.9338,45462.0,120.0,101.0,7.0,114.0
Kentucky,21053,Clinton County,4276,549,4880,3727.0,0.8762295081967213,0.1125,0.7637295081967213,879.7,815.2,1490.3,1239.7,570.3,620.0,839.9,6455.2,10556.4,9784.28995,17883.6505,14877.570319999999,6843.758619999999,7439.63882,10078.051309999999,77463.3588,54784.0,120.0,79.0,18.0,100.0
Kentucky,21055,Crittenden County,3349,608,4008,2741.0,0.8355788423153693,0.1516966067864271,0.6838822355289421,877.5,776.4,1633.9,1223.5,556.6,890.2,953.8,6911.5,10530.0,9316.98055,19605.1622,14683.37325,6677.64672,10680.67648,11445.921489999999,82939.7608,76193.0,120.0,43.0,79.0,44.0
Kentucky,21057,Cumberland County,2922,483,3439,2439.0,0.8496656004652515,0.1404478045943588,0.7092177958708927,900.3,815.2,1506.1,1239.7,577.2,620.0,855.3,6513.9,10803.6,9784.28995,18071.8848,14877.570319999999,6926.9306,7439.63882,10262.975289999998,78166.8906,54625.0,120.0,78.0,17.0,101.0
Kentucky,21059,Daviess County,30705,15673,47067,15032.0,0.6523679010771878,0.3329933923980708,0.3193745086791169,1205.8,813.0,1436.3,1288.2,679.2,864.4,1065.2,7351.8,14468.3175,9755.0828,17234.605799999998,15456.64257,8150.12212,10372.09194,12783.1005,88219.96160000001,83065.0,120.0,19.0,91.0,20.0
Kentucky,21061,Edmonson County,5048,1118,6247,3930.0,0.8080678725788378,0.1789659036337442,0.6291019689450936,899.2,849.4,1592.2,1263.6,588.3,973.6,1024.6,7191.6,10793.08807,10193.185529999999,19105.755800000003,15165.347020000001,7060.96931,11684.77516,12294.90401,86298.02369999999,67436.0,120.0,24.0,36.0,67.0
Kentucky,21063,Elliott County,2335,532,2911,1803.0,0.8021298522844383,0.1827550669872896,0.6193747852971487,969.9,866.6,1465.2,1096.8,617.8,570.4,830.3,6416.8,11638.8,10397.6336,17581.9925,13162.16221,7414.302530000001,6842.20796,9965.26327,77002.3627,49012.0,120.0,87.0,11.0,111.0
Kentucky,21065,Estill County,5091,1114,6289,3977.0,0.8095086659246303,0.1771346795993003,0.6323739863253299,878.3,832.3,1477.7,1113.0,575.5,1047.4,945.1,6869.2,10539.6,9988.73777,17732.8926,13356.35937,6906.893980000001,12566.681,11339.47071,82430.636,59216.0,120.0,41.0,20.0,89.0
Kentucky,21067,Fayette County,57347,83387,143762,-26040.0,0.3989023524992696,0.5800350579429892,-0.1811327054437195,1326.5,881.1,1348.8,1137.0,742.8,1080.4,1145.4,7662.0,15918.880680000002,10572.87434,16185.602900000002,13644.135579999998,8913.32484,12963.599960000001,13745.90356,91944.3218,95958.0,120.0,11.0,111.0,9.0
Kentucky,21069,Fleming County,5578,1334,7000,4244.0,0.7968571428571428,0.1905714285714285,0.6062857142857143,914.5,774.0,1493.6,1096.8,568.2,570.4,777.5,6194.7,10974.0,9287.77376,17922.7873,13162.16221,6817.2066,6842.20796,9329.780999999999,74335.9179,63005.0,120.0,113.0,56.0,79.0
Kentucky,21071,Floyd County,12326,3061,15650,9265.0,0.7876038338658147,0.195591054313099,0.5920127795527157,906.4,837.2,1408.2,1250.5,586.5,570.4,822.3,6381.5,10876.8,10047.15166,16899.0472,15007.03516,7040.000719999999,6842.20796,9867.028750000001,76579.2713,56707.0,120.0,88.0,27.0,97.0
Kentucky,21073,Franklin County,13246,11996,25749,1250.0,0.5144277447667871,0.4658821701813662,0.0485455745854208,1122.2,815.2,1456.7,1113.0,651.9,708.6,923.9,6791.6,13466.4,9784.28995,17479.0979,13356.35937,7822.84706,8503.19946,11086.285189999999,81498.4794,85554.0,120.0,67.0,112.0,15.0
Kentucky,21075,Fulton County,1491,636,2145,855.0,0.6951048951048951,0.2965034965034965,0.3986013986013986,948.0,744.7,1407.0,1223.5,569.7,882.6,899.6,6675.1,11376.0,8937.29177,16883.7269,14683.37325,6834.54019,10591.656140000001,10795.86391,80102.4537,49023.0,120.0,69.0,10.0,110.0
Kentucky,21077,Gallatin County,3109,761,3917,2348.0,0.7937196834311974,0.1942813377584886,0.5994383456727087,1047.2,732.6,1673.1,1309.6,598.7,1378.6,1227.2,7967.3,12568.05614,8791.25762,20076.8744,15715.572250000001,7186.48119,16542.0226,14727.122940000001,95607.3865,67360.0,120.0,5.0,16.0,68.0
Kentucky,21079,Garrard County,7086,1719,8917,5367.0,0.7946618817988113,0.1927778400807446,0.6018840417180666,929.5,810.5,1628.0,1113.0,585.5,1047.4,1006.0,7119.4,11154.0,9725.87637,19535.0212,13356.35937,7025.171270000001,12566.681,12071.394909999999,85434.5039,70488.0,120.0,25.0,47.0,60.0
Kentucky,21081,Grant County,9372,1944,11466,7428.0,0.8173731030873888,0.1695447409733124,0.6478283621140764,1001.9,732.6,1462.3,1309.6,583.7,1318.2,1109.8,7517.7,12022.8,8791.25762,17546.8084,15715.572250000001,7003.02614,15817.244400000001,13316.609649999999,90213.3181,79271.0,120.0,10.0,60.0,30.0
Kentucky,21083,Graves County,13378,3105,16678,10273.0,0.8021345485070153,0.1861734020865811,0.6159611464204342,945.5,735.0,1564.5,1223.5,565.4,880.8,945.1,6859.9,11346.0,8820.46429,18774.5248,14683.37325,6785.1391300000005,10569.39878,11339.28705,82318.1875,62518.0,120.0,61.0,34.0,83.0
Kentucky,21085,Grayson County,9710,2235,12095,7475.0,0.8028110789582472,0.1847871021083092,0.618023976849938,927.1,722.8,1518.4,1118.4,555.1,841.6,863.9,6547.3,11125.2,8674.43033,18219.9004,13421.09179,6661.715549999999,10096.2446,10367.31306,78565.8947,65234.0,120.0,77.0,52.0,74.0
Kentucky,21087,Green County,5033,782,5857,4251.0,0.8593136417961413,0.1335154515963804,0.725798190199761,937.7,739.8,1500.4,1239.7,564.5,620.0,837.0,6439.2,11252.4,8878.87802,18004.8979,14877.570319999999,6773.30049,7439.63882,10043.86102,77270.5466,56755.0,120.0,96.0,30.0,96.0
Kentucky,21089,Greenup County,12961,4181,17372,8780.0,0.7460856550771356,0.2406746488602348,0.5054110062169008,1004.8,837.2,1445.0,1120.8,619.8,786.8,906.3,6720.8,12057.143180000001,10047.15166,17339.984399999998,13449.93836,7437.13487,9442.32438,10876.58317,80650.2608,73604.0,120.0,71.0,84.0,50.0
Kentucky,21091,Hancock County,3375,1173,4633,2202.0,0.7284696740772717,0.2531836822793006,0.475285991797971,1000.6,813.0,1654.5,1288.2,610.1,973.6,1084.1,7424.5,12009.02274,9755.0828,19853.6898,15456.64257,7322.67628,11684.77516,13010.58796,89092.4785,78750.0,120.0,17.0,71.0,33.0
Kentucky,21093,Hardin County,30672,16572,48060,14100.0,0.6382022471910113,0.3448189762796504,0.2933832709113608,1125.3,803.3,1472.3,1142.4,648.9,901.2,1002.1,7095.2,13502.76918,9638.25564,17667.6192,13708.868099999998,7785.94932,10814.74562,12024.12225,85142.33,82970.0,120.0,38.0,97.0,21.0
Kentucky,21095,Harlan County,9109,1199,10384,7910.0,0.8772149460708782,0.1154661016949152,0.761748844375963,920.9,813.0,1409.7,1250.5,583.4,601.6,831.6,6410.6,11050.8,9755.0828,16914.9375,15007.03516,7000.275900000001,7220.590979999999,9978.18446,76926.90550000001,51342.0,120.0,91.0,13.0,108.0
Kentucky,21097,Harrison County,6639,2265,9018,4374.0,0.7361942781104458,0.2511643379906852,0.4850299401197605,925.2,761.7,1502.5,1113.0,567.7,1159.8,983.3,7013.0,11102.4,9141.7396,18028.008,13356.35937,6811.27355,13918.170999999998,11798.19281,84156.144,78411.0,120.0,37.0,86.0,34.0
Kentucky,21099,Hart County,6691,1642,8409,5049.0,0.7956950885955524,0.1952669758591984,0.6004281127363539,903.5,754.3,1524.6,1239.7,557.7,771.4,885.9,6637.7,10842.0,9054.11901,18294.1924,14877.570319999999,6694.1796699999995,9257.2326,10632.04102,79651.3355,63872.0,120.0,70.0,42.0,77.0
Kentucky,21101,Henderson County,12592,6837,19684,5755.0,0.6397073765494818,0.3473379394432026,0.2923694371062792,968.4,776.4,1456.2,1288.2,587.0,864.4,950.2,6890.5,11621.770289999999,9316.98055,17473.374600000003,15456.64257,7044.980259999999,10372.09194,11401.590970000001,82687.4308,74845.0,120.0,44.0,74.0,47.0
Kentucky,21103,Henry County,6093,1857,8074,4236.0,0.7546445380232846,0.2299975229130542,0.5246470151102303,1135.0,866.6,1679.8,1142.4,673.6,973.2,1124.6,7595.5,13623.274300000001,10397.6336,20159.2577,13708.868099999998,8081.99187,11679.03234,13495.69707,91145.7551,77934.0,120.0,12.0,59.0,37.0
Kentucky,21105,Hickman County,1656,394,2069,1262.0,0.8003866602223296,0.1904301594973417,0.6099565007249879,926.7,744.7,1594.8,1223.5,562.4,890.2,952.0,6894.4,11120.4,8937.29177,19137.549099999997,14683.37325,6748.54189,10680.67648,11424.149309999999,82731.9829,82254.0,120.0,52.0,102.0,24.0
Kentucky,21107,Hopkins County,15361,4916,20532,10445.0,0.748149230469511,0.2394311318916812,0.5087180985778297,967.9,776.4,1515.7,1264.0,587.0,882.6,968.7,6962.5,11614.8,9316.98055,18190.0897,15168.86636,7042.634889999999,10591.656140000001,11625.77289,83550.8012,69515.0,120.0,36.0,50.0,63.0
Kentucky,21109,Jackson County,5358,506,5934,4852.0,0.9029322548028312,0.0852713178294573,0.8176609369733737,926.7,747.2,1501.7,1113.0,563.3,607.8,793.5,6253.1,11120.4,8966.4985,18019.6652,13356.35937,6758.36878,7292.864960000001,9524.00717,75038.1642,53487.0,120.0,110.0,23.0,106.0
Kentucky,21111,Jefferson County,144553,203070,353609,-58517.0,0.4087933282241119,0.5742783696116331,-0.1654850413875211,1429.9,885.9,1369.7,1142.4,779.1,1311.2,1286.2,8204.3,17158.1305,10631.288219999999,16436.792800000003,13708.868099999998,9349.93208,15733.9578,15433.64848,98452.6189,88392.0,120.0,4.0,76.0,13.0
Kentucky,21113,Jessamine County,17854,8303,26644,9551.0,0.6700945803933344,0.3116273832757844,0.3584671971175499,1197.8,830.0,1557.2,1137.0,682.4,1062.8,1127.2,7594.1,14371.81402,9959.53083,18686.2429,13644.135579999998,8186.44078,12756.09072,13525.88309,91130.1367,92041.0,120.0,13.0,108.0,10.0
Kentucky,21115,Johnson County,8150,1350,9622,6800.0,0.8470172521305341,0.1403034712118062,0.7067137809187278,914.3,778.8,1414.1,1250.5,569.7,570.4,804.6,6302.1,10971.6,9346.187390000001,16968.2891,15007.03516,6836.0528,6842.20796,9653.62761,75625.0008,58065.0,120.0,107.0,35.0,91.0
Kentucky,21117,Kenton County,48444,30859,80875,17585.0,0.5989984544049459,0.381564142194745,0.2174343122102009,1242.7,844.6,1423.0,1309.6,702.3,1250.8,1237.3,8010.1,14911.75,10134.77191,17076.0517,15715.572250000001,8427.06648,15009.447219999998,14847.57776,96122.2352,100311.0,120.0,6.0,110.0,6.0
Kentucky,21119,Knott County,4732,1181,6003,3551.0,0.7882725304014659,0.1967349658504081,0.5915375645510579,914.2,830.0,1477.3,1250.5,587.0,570.4,845.1,6474.1,10970.4,9959.53083,17727.6967,15007.03516,7042.012640000001,6842.20796,10140.4751,77689.358,47002.0,120.0,83.0,8.0,112.0
Kentucky,21121,Knox County,11178,1821,13156,9357.0,0.8496503496503497,0.1384159318941927,0.7112344177561569,894.8,776.4,1388.1,1250.5,562.3,601.6,797.0,6270.9,10737.6,9316.98055,16658.3995,15007.03516,6747.495059999999,7220.590979999999,9562.42965,75250.5313,43456.0,120.0,103.0,6.0,115.0
Kentucky,21123,Larue County,5773,1389,7258,4384.0,0.7953981813171672,0.1913750344447506,0.6040231468724166,969.6,803.3,1641.5,1142.4,596.5,1011.6,1026.7,7191.5,11634.909459999999,9638.25564,19698.5653,13708.868099999998,7157.49606,12141.98394,12319.65912,86299.737,77383.0,120.0,26.0,75.0,39.0
Kentucky,21125,Laurel County,23516,4037,27884,19479.0,0.8433510256778081,0.1447783675225936,0.6985726581552145,924.8,766.7,1457.9,1250.5,569.0,601.6,826.8,6397.7,11097.6,9200.15311,17494.2143,15007.03516,6829.3121599999995,7220.590979999999,9922.54668,76771.4541,67071.0,120.0,93.0,69.0,70.0
Kentucky,21127,Lawrence County,5464,1044,6572,4420.0,0.8314059646987219,0.1588557516737675,0.6725502130249543,927.9,761.7,1428.5,1096.8,568.7,570.4,760.6,6114.6,11134.8,9141.7396,17142.725899999998,13162.16221,6822.17476,6842.20796,9128.217410000001,73374.0266,63744.0,120.0,120.0,70.0,78.0
Kentucky,21129,Lee County,2227,406,2690,1821.0,0.8278810408921933,0.1509293680297397,0.6769516728624535,926.7,747.2,1456.2,1250.5,563.3,570.4,810.1,6324.2,11120.4,8966.4985,17473.8774,15007.03516,6758.36878,6842.20796,9722.14633,75890.5337,42516.0,120.0,106.0,5.0,116.0
Kentucky,21131,Leslie County,3908,382,4357,3526.0,0.8969474408997016,0.087675005737893,0.8092724351618086,937.7,795.9,1513.0,1250.5,583.2,570.4,852.1,6502.7,11252.4,9550.6354,18155.052499999998,15007.03516,6999.317749999999,6842.20796,10224.53113,78031.18000000001,56042.0,120.0,85.0,26.0,98.0
Kentucky,21133,Letcher County,6848,1457,8430,5391.0,0.8123368920521945,0.1728351126927639,0.6395017793594305,954.1,830.0,1444.7,1250.5,600.4,570.4,853.5,6503.3,11449.2,9959.53083,17335.882,15007.03516,7203.10795,6842.20796,10242.1748,78039.13810000001,54588.0,120.0,90.0,21.0,102.0
Kentucky,21135,Lewis County,4997,666,5721,4331.0,0.8734486977801084,0.1164132144729942,0.7570354833071141,932.5,739.8,1466.0,1096.8,562.7,570.4,764.2,6132.3,11190.0,8878.87802,17590.4692,13162.16221,6752.3055699999995,6842.20796,9170.90085,73586.92439999999,57844.0,120.0,119.0,40.0,92.0
Kentucky,21137,Lincoln County,8833,2080,11034,6753.0,0.8005256479970999,0.1885082472358165,0.6120174007612833,881.4,730.2,1517.8,1113.0,542.3,1047.4,913.0,6744.7,10576.8,8762.050500000001,18212.2572,13356.35937,6506.68318,12566.681,10954.58229,80935.413,60544.0,120.0,58.0,28.0,86.0
Kentucky,21139,Livingston County,4021,886,4972,3135.0,0.8087288817377313,0.1781979082864038,0.6305309734513274,884.7,776.4,1603.8,1223.5,558.9,890.2,947.6,6885.2,10616.4,9316.98055,19246.2732,14683.37325,6706.7166,10680.67648,11372.14283,82622.5635,73750.0,120.0,45.0,73.0,49.0
Kentucky,21141,Logan County,9620,2734,12506,6886.0,0.7692307692307693,0.2186150647689109,0.5506157044618584,941.2,720.4,1546.5,1239.7,559.2,771.4,897.3,6675.5,11294.4,8645.223320000001,18557.0858,14877.570319999999,6708.817079999999,9257.2326,10767.15411,80107.484,75801.0,120.0,73.0,92.0,46.0
Kentucky,21143,Lyon County,3187,950,4187,2237.0,0.7611655122999761,0.2268927633150227,0.5342727489849534,908.9,776.4,1592.4,1223.5,566.9,890.2,956.7,6915.2,10906.8,9316.98055,19108.5313,14683.37325,6804.42356,10680.67648,11481.428969999999,82982.2144,83433.0,120.0,39.0,100.0,19.0
Kentucky,21145,McCracken County,21349,10191,31937,11158.0,0.6684723048501737,0.3190969721639478,0.3493753326862259,1025.1,803.3,1359.4,1223.5,615.0,880.8,939.3,6846.5,12301.2,9638.25564,16311.0609,14683.37325,7381.67386,10569.39878,11272.006440000001,82156.9688,83470.0,120.0,50.0,105.0,18.0
Kentucky,21147,McCreary County,5531,641,6211,4890.0,0.8905168249879246,0.1032039929157945,0.7873128320721301,906.5,761.7,1461.7,1239.7,561.3,620.0,820.4,6371.2,10878.0,9141.7396,17539.4666,14877.570319999999,6735.772719999999,7439.63882,9842.66373,76454.85160000001,41729.0,120.0,95.0,3.0,118.0
Kentucky,21149,McLean County,3578,989,4633,2589.0,0.7722857759551047,0.2134685948629398,0.5588171810921649,801.0,749.8,1692.5,1288.2,521.7,973.6,980.9,7007.6,9613.60585,8995.70527,20310.303399999997,15456.64257,6261.2249,11684.77516,11770.27121,84092.5276,91122.0,120.0,32.0,114.0,11.0
Kentucky,21151,Madison County,29130,15180,45164,13950.0,0.6449827296076521,0.3361084049242759,0.3088743246833761,1035.2,832.3,1453.7,1113.0,628.4,919.6,965.6,6948.1,12422.4,9988.73777,17444.0917,13356.35937,7540.37435,11036.802179999999,11588.591980000001,83377.3573,80808.0,120.0,49.0,96.0,27.0
Kentucky,21153,Magoffin County,4288,909,5274,3379.0,0.8130451270383011,0.1723549488054607,0.6406901782328404,927.7,778.8,1449.7,1250.5,574.2,570.4,820.5,6371.9,11132.4,9346.187390000001,17397.928399999997,15007.03516,6890.15506,6842.20796,9847.68448,76463.59890000001,39293.0,120.0,100.0,2.0,119.0
Kentucky,21155,Marion County,6473,2513,9100,3960.0,0.7113186813186814,0.2761538461538461,0.4351648351648352,899.2,739.8,1467.6,1118.4,551.4,841.6,842.5,6460.3,10790.4,8878.87802,17609.5651,13421.09179,6617.857459999999,10096.2446,10109.44183,77523.4798,68432.0,120.0,76.0,68.0,65.0
Kentucky,21157,Marshall County,13677,3700,17599,9977.0,0.7771464287743621,0.2102392181373941,0.5669072106369679,973.9,776.4,1601.1,1223.5,588.8,890.2,985.1,7039.0,11686.8,9316.98055,19214.0731,14683.37325,7066.85972,10680.67648,11819.509399999999,84468.273,77895.0,120.0,29.0,78.0,38.0
Kentucky,21159,Martin County,3343,287,3655,3056.0,0.9146374829001368,0.0785225718194254,0.8361149110807113,877.5,778.8,1460.9,1250.5,557.4,570.4,802.0,6297.6,10530.0,9346.187390000001,17532.2333,15007.03516,6687.473660000001,6842.20796,9625.048480000001,75570.1857,49735.0,120.0,99.0,12.0,109.0
Kentucky,21161,Mason County,5621,2170,7898,3451.0,0.7116991643454039,0.2747531020511521,0.4369460622942517,942.1,739.8,1440.7,1096.8,565.9,570.8,757.3,6113.8,11305.2,8878.87802,17289.4614,13162.16221,6791.06541,6849.339239999999,9089.32006,73365.4265,66260.0,120.0,116.0,77.0,73.0
Kentucky,21163,Meade County,10630,3279,14119,7351.0,0.7528861817409165,0.2322402436433175,0.520645938097599,1148.3,791.0,1565.5,1142.4,652.4,1011.6,1076.3,7387.9,13779.6,9492.221679999999,18786.9108,13708.868099999998,7829.957039999999,12141.98394,12915.17175,88654.71459999999,80362.0,120.0,18.0,80.0,28.0
Kentucky,21165,Menifee County,2563,664,3292,1899.0,0.778554070473876,0.2017010935601458,0.5768529769137303,921.1,774.0,1544.5,1096.8,570.3,570.4,797.3,6274.3,11053.2,9287.77376,18533.6466,13162.16221,6843.85401,6842.20796,9567.71366,75290.5575,54052.0,120.0,108.0,25.0,103.0
Kentucky,21167,Mercer County,8826,2838,11841,5988.0,0.7453762351152774,0.2396757030656194,0.5057005320496579,945.5,778.8,1581.4,1113.0,580.2,1038.8,986.7,7024.6,11346.0,9346.187390000001,18976.740899999997,13356.35937,6962.0221,12465.428080000002,11841.38905,84294.1268,84164.0,120.0,34.0,101.0,17.0
Kentucky,21169,Metcalfe County,4197,884,5124,3313.0,0.8190866510538641,0.1725214676034348,0.6465651834504293,878.3,754.3,1532.2,1239.7,549.2,771.4,876.3,6601.8,10539.6,9054.11901,18384.595699999998,14877.570319999999,6592.43543,9257.2326,10515.04591,79220.5992,57413.0,120.0,68.0,22.0,94.0
Kentucky,21171,Monroe County,4679,576,5308,4103.0,0.8814996232102487,0.108515448379804,0.7729841748304446,917.5,739.8,1494.1,1239.7,557.7,771.4,877.1,6597.3,11010.0,8878.87802,17927.4496,14877.570319999999,6691.743400000001,9257.2326,10524.712510000001,79167.5876,62763.0,120.0,74.0,39.0,81.0
Kentucky,21173,Montgomery County,9302,3329,12819,5973.0,0.725641625711834,0.2596926437319604,0.4659489819798736,933.1,774.0,1456.2,1113.0,574.4,564.4,778.8,6193.8,11197.2,9287.77376,17475.2244,13356.35937,6892.30381,6772.0263,9344.663349999999,74325.5496,73213.0,120.0,117.0,104.0,51.0
Kentucky,21175,Morgan County,4353,939,5373,3414.0,0.8101619207146845,0.1747627024008933,0.6353992183137911,926.7,774.0,1471.9,1096.8,572.2,570.4,778.3,6190.1,11120.4,9287.77376,17661.631400000002,13162.16221,6866.46397,6842.20796,9340.34288,74280.9823,59375.0,120.0,115.0,45.0,88.0
Kentucky,21177,Muhlenberg County,10491,3048,13691,7443.0,0.766269812285443,0.2226280037981155,0.5436418084873275,893.5,749.8,1572.2,1264.0,552.8,882.6,941.1,6856.0,10722.0,8995.70527,18866.3731,15168.86636,6634.15127,10591.656140000001,11292.793450000001,82271.54639999999,70149.0,120.0,51.0,55.0,61.0
Kentucky,21179,Nelson County,16052,6515,22838,9537.0,0.7028636483054558,0.2852701637621508,0.4175934845433049,988.9,791.0,1620.8,1118.4,598.8,834.2,955.1,6907.3,11866.8,9492.221679999999,19449.625200000002,13421.09179,7186.382769999999,10009.556460000002,11461.55902,82887.2372,81035.0,120.0,56.0,98.0,26.0
Kentucky,21181,Nicholas County,2451,824,3319,1627.0,0.7384754444109671,0.2482675504670081,0.490207893943959,900.3,761.7,1489.5,1113.0,559.2,1168.0,969.9,6961.2,10803.6,9141.7396,17872.2581,13356.35937,6710.740240000001,14013.6816,11636.7784,83535.15849999999,68110.0,120.0,33.0,43.0,66.0
Kentucky,21183,Ohio County,8679,2094,10935,6585.0,0.7936899862825789,0.1914951989026063,0.6021947873799727,878.4,715.5,1530.0,1264.0,536.4,771.4,866.6,6562.4,10540.8,8586.809669999999,18360.984,15168.86636,6435.60967,9257.2326,10397.97463,78748.2773,59822.0,120.0,72.0,32.0,87.0
Kentucky,21185,Oldham County,23025,14402,38187,8623.0,0.602953884829916,0.3771440542593029,0.225809830570613,1488.5,866.6,1687.2,1142.4,792.3,925.8,1270.3,8172.8,17861.9736,10397.6336,20247.0555,13708.868099999998,9508.13006,11108.66674,15242.137700000001,98074.4642,136115.0,120.0,7.0,120.0,1.0
Kentucky,21187,Owen County,4434,988,5494,3446.0,0.8070622497269749,0.1798325445941026,0.6272297051328722,945.0,732.6,1543.6,1113.0,564.5,1168.0,993.2,7059.6,11340.0,8791.25762,18523.282,13356.35937,6773.293670000001,14013.6816,11917.42457,84715.2983,78875.0,120.0,30.0,83.0,32.0
Kentucky,21189,Owsley County,1625,203,1839,1422.0,0.8836324089178902,0.1103860793909733,0.7732463295269169,928.3,747.2,1465.3,1250.5,563.8,570.4,813.5,6338.8,11139.6,8966.4985,17584.071600000003,15007.03516,6764.82879,6842.20796,9760.42518,76064.6669,42292.0,120.0,105.0,4.0,117.0
Kentucky,21191,Pendleton County,5593,1210,6900,4383.0,0.8105797101449276,0.1753623188405797,0.6352173913043478,976.5,732.6,1686.5,1309.6,575.0,1378.6,1199.3,7858.3,11718.46723,8791.25762,20239.915,15715.572250000001,6900.63142,16542.0226,14389.69701,94297.5635,79256.0,120.0,8.0,51.0,31.0
Kentucky,21193,Perry County,7913,1966,9992,5947.0,0.79193354683747,0.1967574059247397,0.5951761409127302,963.0,795.9,1415.5,1250.5,591.8,576.8,832.2,6425.6,11556.0,9550.6354,16985.9838,15007.03516,7101.46587,6919.52092,9986.72512,77107.3664,53537.0,120.0,82.0,15.0,105.0
Kentucky,21195,Pike County,19684,4025,23946,15659.0,0.8220162031236949,0.1680865280213814,0.6539296751023135,949.6,800.7,1437.1,1250.5,589.0,576.8,834.7,6438.3,11395.2,9609.048859999999,17244.794400000002,15007.03516,7067.01721,6919.52092,10016.28266,77258.8997,58340.0,120.0,81.0,33.0,90.0
Kentucky,21197,Powell County,4092,1174,5360,2918.0,0.7634328358208955,0.2190298507462686,0.5444029850746268,953.3,774.0,1485.4,1113.0,581.2,1038.8,955.4,6901.1,11439.6,9287.77376,17824.8481,13356.35937,6973.860860000001,12465.428080000002,11464.74186,82812.6097,71052.0,120.0,53.0,58.0,57.0
Kentucky,21199,Pulaski County,26051,5351,31725,20700.0,0.821150512214342,0.1686682427107959,0.6524822695035462,939.3,778.8,1427.7,1239.7,578.1,595.8,821.8,6381.2,11271.6,9346.187390000001,17130.9413,14877.570319999999,6936.989750000001,7152.136600000001,9860.79386,76576.2205,62843.0,120.0,89.0,49.0,80.0
Kentucky,21201,Robertson County,915,215,1144,700.0,0.7998251748251748,0.1879370629370629,0.6118881118881119,877.5,761.7,1510.7,1096.8,551.6,570.4,761.7,6130.7,10530.0,9141.7396,18129.8446,13162.16221,6618.68581,6842.20796,9143.000510000002,73567.6403,57283.0,120.0,112.0,37.0,95.0
Kentucky,21203,Rockcastle County,6635,986,7724,5649.0,0.8590108751941999,0.1276540652511652,0.7313568099430348,918.3,730.2,1485.2,1113.0,554.7,607.8,777.2,6186.1,11019.6,8762.050500000001,17821.362,13356.35937,6655.666189999999,7292.864960000001,9325.75086,74233.6542,62438.0,120.0,114.0,54.0,84.0
Kentucky,21205,Rowan County,6224,3484,9872,2740.0,0.6304700162074555,0.3529173419773095,0.2775526742301459,917.6,774.0,1419.5,1096.8,569.0,564.4,754.7,6096.3,11011.2,9287.77376,17035.927,13162.16221,6829.72286,6772.0263,9057.73416,73156.5461,72544.0,120.0,118.0,103.0,52.0
Kentucky,21207,Russell County,7622,1200,8893,6422.0,0.8570786011469695,0.1349375913639941,0.7221410097829754,883.5,778.8,1493.4,1239.7,559.4,620.0,827.1,6401.9,10602.0,9346.187390000001,17920.1468,14877.570319999999,6711.69851,7439.63882,9925.3036,76822.5453,66960.0,120.0,86.0,63.0,71.0
Kentucky,21209,Scott County,18747,10501,29761,8246.0,0.6299183495178253,0.3528443264675246,0.2770740230503007,1422.6,839.6,1640.3,1137.0,761.3,1318.2,1358.7,8477.9,17075.5663,10076.35831,19682.171,13644.135579999998,9135.44282,15817.244400000001,16305.29211,101736.2101,99521.0,120.0,2.0,99.0,7.0
Kentucky,21211,Shelby County,16356,7822,24607,8534.0,0.6646889096598528,0.317877026862275,0.3468118827975778,1217.9,813.0,1654.3,1142.4,683.3,925.8,1111.1,7547.4,14614.8,9755.0828,19849.2103,13708.868099999998,8199.40702,11108.66674,13332.84977,90568.8851,97901.0,120.0,16.0,116.0,8.0
Kentucky,21213,Simpson County,6253,2403,8776,3850.0,0.7125113947128532,0.2738149498632634,0.4386964448495897,1083.0,849.4,1482.5,1239.7,650.2,764.4,992.4,7061.8,12996.0,10193.185529999999,17789.3535,14877.570319999999,7802.15349,9175.26342,11907.46571,84740.9916,71830.0,120.0,42.0,57.0,54.0
Kentucky,21215,Spencer County,8927,2415,11479,6512.0,0.7776809826639951,0.2103841798066033,0.5672968028573917,1243.5,813.0,1763.0,1142.4,691.8,973.2,1175.2,7802.0,14921.472899999999,9755.0828,21154.1688,13708.868099999998,8302.58928,11679.03234,14102.601059999997,93623.8169,110430.0,120.0,9.0,119.0,3.0
Kentucky,21217,Taylor County,9523,2576,12256,6947.0,0.7770071801566579,0.2101827676240208,0.566824412532637,932.8,739.8,1400.4,1239.7,562.8,595.8,795.5,6267.5,11193.6,8878.87802,16806.5924,14877.570319999999,6753.516740000001,7152.136600000001,9546.98712,75209.2818,79393.0,120.0,109.0,113.0,29.0
Kentucky,21219,Todd County,4009,1051,5112,2958.0,0.7842331768388107,0.2055946791862284,0.5786384976525822,932.3,720.4,1530.1,1264.0,556.0,890.2,936.0,6829.2,11187.6,8645.223320000001,18361.176199999998,15168.86636,6672.88354,10680.67648,11233.16412,81949.5905,71140.0,120.0,60.0,65.0,56.0
Kentucky,21221,Trigg County,5436,1667,7196,3769.0,0.7554196775986659,0.2316564758198999,0.5237632017787659,969.6,791.0,1633.1,1288.2,592.4,868.0,1019.4,7161.3,11631.36562,9492.221679999999,19597.5317,15456.64257,7107.16931,10418.218420000001,12232.16579,85935.3139,69688.0,120.0,28.0,46.0,62.0
Kentucky,21223,Trimble County,3283,923,4249,2360.0,0.7726523887973641,0.2172275829606966,0.5554248058366674,930.5,788.7,1655.9,1118.4,578.5,835.2,937.5,6844.4,11166.0,9463.01467,19870.9301,13421.09179,6940.76741,10019.394219999998,11252.58081,82133.7797,76497.0,120.0,59.0,87.0,41.0
Kentucky,21225,Union County,4758,1225,6058,3533.0,0.7854077253218884,0.2022119511389897,0.5831957741828986,899.5,776.4,1559.8,1264.0,563.8,764.4,908.1,6736.3,10794.0,9316.98055,18717.828700000002,15168.86636,6766.471439999999,9175.26342,10896.60912,80836.0193,70781.0,120.0,64.0,66.0,59.0
Kentucky,21227,Warren County,34862,21065,56860,13797.0,0.613119943721421,0.3704713330988392,0.2426486106225817,1172.0,849.4,1401.7,1263.6,680.1,864.4,1042.9,7274.4,14064.605599999999,10193.185529999999,16820.6546,15165.347020000001,8161.69277,10372.09194,12514.09791,87291.6758,82221.0,120.0,23.0,90.0,25.0
Kentucky,21229,Washington County,4720,1533,6338,3187.0,0.744714420952982,0.2418744083307037,0.5028400126222783,936.3,791.0,1590.8,1118.4,581.1,841.6,918.8,6777.7,11235.6,9492.221679999999,19088.254800000002,13421.09179,6974.011479999999,10096.2446,11024.278260000001,81331.7016,82356.0,120.0,62.0,107.0,23.0
Kentucky,21231,Wayne County,7203,1444,8733,5759.0,0.8248024733768464,0.1653498225123096,0.6594526508645369,950.7,778.8,1505.4,1239.7,582.0,614.0,860.4,6531.0,11408.4,9346.187390000001,18063.313199999997,14877.570319999999,6983.01698,7367.783440000001,10326.055629999999,78372.3269,57786.0,120.0,84.0,31.0,93.0
Kentucky,21233,Webster County,4339,1153,5556,3186.0,0.7809575233981282,0.2075233981281497,0.5734341252699784,893.9,776.4,1546.8,1264.0,561.9,771.4,904.4,6719.0,10726.8,9316.98055,18560.5223,15168.86636,6743.861449999999,9257.2326,10853.288270000001,80627.5534,66456.0,120.0,65.0,48.0,72.0
Kentucky,21235,Whitley County,12687,2237,15075,10450.0,0.8415920398009951,0.1483913764510779,0.6932006633499171,877.5,774.0,1442.4,1250.5,555.7,601.6,804.3,6306.2,10530.0,9287.77376,17309.0742,15007.03516,6667.81982,7220.590979999999,9650.80721,75673.0999,53640.0,120.0,97.0,19.0,104.0
Kentucky,21237,Wolfe County,2163,689,2915,1474.0,0.7420240137221269,0.2363636363636363,0.5056603773584906,888.5,774.0,1423.9,1250.5,559.4,570.4,792.5,6259.3,10662.0,9287.77376,17088.0514,15007.03516,6712.23208,6842.20796,9511.27365,75110.5747,35063.0,120.0,104.0,1.0,120.0
Kentucky,21239,Woodford County,8419,6282,14984,2137.0,0.561865990389749,0.4192471970101442,0.1426187933796048,1204.9,871.5,1646.8,1137.0,698.5,925.8,1130.5,7614.9,14458.565460000002,10456.04707,19762.754200000003,13644.135579999998,8382.684819999999,11108.66674,13566.47819,91379.334,102639.0,120.0,14.0,118.0,5.0
Louisiana,22001,Acadia Parish,21783,4695,26720,17088.0,0.8152320359281438,0.1757110778443113,0.6395209580838324,849.5,849.4,1453.4,1468.7,571.7,1030.6,958.3,7181.7,10194.0,10193.185529999999,17440.793299999998,17625.17822,6859.40244,12369.1425,11500.0085,86181.7119,64039.0,64.0,35.0,22.0,41.0
Louisiana,22003,Allen Parish,7003,1661,8751,5342.0,0.8002513998400183,0.1898068792138041,0.6104445206262141,875.4,847.0,1554.4,1434.0,579.3,776.2,904.6,6971.2,10504.8,10163.978650000001,18650.8383,17207.93664,6954.14614,9316.6153,10855.29099,83653.6069,60363.0,64.0,48.0,18.0,47.0
Louisiana,22005,Ascension Parish,41319,20113,62473,21206.0,0.6613897203591952,0.321947081139052,0.3394426392201431,1581.3,868.9,1562.7,1409.4,824.6,981.8,1289.4,8517.9,18975.7097,10426.840419999999,18752.4252,16913.12142,9892.68088,11781.674439999999,15471.627419999999,102214.0807,110154.0,64.0,3.0,64.0,1.0
Louisiana,22007,Assumption Parish,6963,3273,10367,3690.0,0.671650429246648,0.3157133211150766,0.3559371081315713,1133.7,942.1,1630.3,1404.1,698.5,981.8,1144.2,7934.3,13604.4,11303.045329999999,19562.4123,16848.38922,8380.27328,11781.674439999999,13731.087609999999,95211.2807,71433.0,64.0,13.0,27.0,29.0
Louisiana,22009,Avoyelles Parish,11379,4460,16037,6919.0,0.7095466733179522,0.2781068778449835,0.4314397954729687,909.6,813.0,1455.3,1485.0,579.5,783.4,892.0,6917.9,10915.2,9755.0828,17461.888,17822.89454,6954.652369999999,9401.780439999999,10703.433930000001,83014.9321,50629.0,64.0,51.0,6.0,58.0
Louisiana,22011,Beauregard Parish,13504,2192,15874,11312.0,0.8506992566460879,0.1380874385788081,0.7126118180672798,943.2,842.1,1619.8,1434.0,600.6,776.2,952.2,7168.3,11318.4,10105.56494,19436.7393,17207.93664,7208.233499999999,9316.6153,11425.63951,86019.1282,78670.0,64.0,40.0,52.0,19.0
Louisiana,22013,Bienville Parish,3660,2531,6256,1129.0,0.5850383631713555,0.4045716112531969,0.1804667519181585,926.2,864.2,1499.1,1407.0,602.3,763.6,905.9,6968.2,11114.4,10368.42663,17989.2128,16884.274840000002,7228.037979999999,9163.87682,10869.31061,83617.5389,51186.0,64.0,56.0,9.0,56.0
Louisiana,22015,Bossier Parish,37105,14467,52232,22638.0,0.7103882677285955,0.2769758002756931,0.4334124674529024,1318.4,885.9,1431.3,1315.1,741.6,1030.6,1119.6,7842.6,15820.444,10631.288219999999,17174.817199999998,15780.304769999999,8899.85864,12369.1425,13435.9766,94111.8314,84084.0,64.0,15.0,51.0,13.0
Louisiana,22017,Caddo Parish,44471,48864,94699,-4393.0,0.46960369169685,0.5159927771148587,-0.0463890854180086,1085.7,895.7,1328.9,1315.1,666.6,1030.6,991.5,7314.5,13030.19387,10748.11575,15947.251699999999,15780.304769999999,8000.36831,12369.1425,11898.351910000001,87773.7281,66959.0,64.0,29.0,26.0,36.0
Louisiana,22019,Calcasieu Parish,56064,23918,81201,32146.0,0.6904348468614918,0.2945530227460253,0.3958818241154665,1136.9,864.2,1392.4,1452.5,673.2,986.2,1048.2,7553.8,13642.281399999998,10368.42663,16708.7029,17430.98082,8078.56014,11836.685519999999,12578.39651,90644.0341,84341.0,64.0,24.0,56.0,12.0
Louisiana,22021,Caldwell Parish,3724,580,4334,3144.0,0.8592524227041993,0.1338255652976465,0.7254268574065528,981.6,873.7,1543.7,1485.0,624.2,777.0,972.9,7258.4,11779.2,10485.25404,18523.9557,17822.89454,7491.02145,9324.46722,11675.71042,87102.50279999999,80357.0,64.0,36.0,53.0,18.0
Louisiana,22023,Cameron Parish,3120,219,3362,2901.0,0.9280190362879238,0.0651397977394408,0.862879238548483,1132.7,864.2,1687.0,1458.0,671.8,986.2,1143.7,7943.2,13592.4,10368.42663,20242.2086,17495.713320000003,8061.77728,11836.685519999999,13724.29933,95321.5108,83166.0,64.0,11.0,48.0,15.0
Louisiana,22025,Catahoula Parish,3258,1060,4348,2198.0,0.7493100275988961,0.2437902483900643,0.5055197792088317,925.7,807.9,1604.0,1485.0,583.2,783.4,946.9,7136.7,11108.4,9696.66936,19248.925,17822.89454,7000.0021,9401.780439999999,11363.45966,85642.13029999999,60840.0,64.0,44.0,17.0,45.0
Louisiana,22027,Claiborne Parish,3522,2239,5816,1283.0,0.6055708390646493,0.3849724896836313,0.2205983493810179,850.5,827.6,1465.4,1407.0,564.6,763.6,843.2,6721.9,10206.0,9930.32415,17584.4161,16884.274840000002,6774.998369999999,9163.87682,10119.04102,80662.9301,43782.0,64.0,60.0,2.0,63.0
Louisiana,22029,Concordia Parish,4974,2698,7755,2276.0,0.6413926499032881,0.3479045776918117,0.2934880722114764,916.1,798.2,1411.2,1485.0,577.0,783.4,878.0,6849.1,10993.2,9579.84207,16934.5039,17822.89454,6921.93497,9401.780439999999,10535.960159999999,82190.11600000001,49954.0,64.0,59.0,7.0,60.0
Louisiana,22031,De Soto Parish,9359,4426,13913,4933.0,0.6726802271257097,0.3181197441242004,0.3545604830015093,811.5,815.2,1559.8,1431.0,547.4,1030.6,950.4,7146.2,9738.783360000001,9784.28995,18717.5521,17172.05112,6568.666070000001,12369.1425,11404.17101,85754.6568,60513.0,64.0,37.0,15.0,46.0
Louisiana,22033,East Baton Rouge Parish,82720,103820,190643,-21100.0,0.4339000120644345,0.544578085741412,-0.1106780736769774,1381.7,917.5,1374.8,1409.4,773.7,968.2,1150.0,7975.5,16579.7125,11010.97696,16497.322200000002,16913.12142,9283.06849,11620.139940000001,13801.40658,95705.747,84053.0,64.0,10.0,50.0,14.0
Louisiana,22035,East Carroll Parish,931,1338,2306,-407.0,0.4037294015611448,0.5802254986990459,-0.1764960971379011,890.9,834.8,1363.3,1485.0,580.6,777.0,865.2,6796.9,10690.8,10017.94476,16357.9272,17822.89454,6967.593060000001,9324.46722,10381.69482,81563.3216,36917.0,64.0,58.0,1.0,64.0
Louisiana,22037,East Feliciana Parish,6020,3809,9947,2211.0,0.6052076002814919,0.3829295264903991,0.2222780737910927,918.4,963.7,1652.2,1458.0,633.2,867.0,1041.8,7534.2,11018.63177,11565.906899999998,19824.292699999998,17495.713320000003,7598.715979999999,10404.9708,12501.008,90409.2396,90895.0,64.0,22.0,62.0,6.0
Louisiana,22039,Evangeline Parish,10483,3526,14176,6957.0,0.7394892776523702,0.2487302483069977,0.4907590293453724,878.4,842.1,1420.5,1444.5,578.8,783.4,866.8,6815.0,10540.8,10105.56494,17045.761300000002,17337.40154,6946.605079999999,9401.780439999999,10401.80558,81779.71979999999,53733.0,64.0,57.0,12.0,55.0
Louisiana,22041,Franklin Parish,6524,2196,8798,4328.0,0.7415321664014549,0.2496021823141623,0.4919299840872926,878.5,827.6,1493.5,1485.0,573.9,777.0,894.2,6930.2,10542.0,9930.32415,17921.8894,17822.89454,6888.047629999999,9324.46722,10730.6883,83160.31259999999,54288.0,64.0,50.0,11.0,54.0
Louisiana,22043,Grant Parish,7925,996,9018,6929.0,0.878797959636283,0.1104457751164338,0.7683521845198492,933.5,847.0,1571.1,1474.1,599.2,929.8,1002.8,7357.5,11202.850719999999,10163.978650000001,18854.4554,17689.910320000003,7189.0099900000005,11153.974259999999,12034.60295,88288.7826,70595.0,64.0,31.0,37.0,31.0
Louisiana,22045,Iberia Parish,19511,9504,29331,10007.0,0.6652006409600764,0.3240257747775391,0.3411748661825372,966.7,837.2,1403.9,1468.7,607.1,1030.6,989.2,7303.6,11600.4,10047.15166,16846.702899999997,17625.17822,7283.46075,12369.1425,11872.00933,87644.0455,65884.0,64.0,32.0,24.0,38.0
Louisiana,22047,Iberville Parish,7616,7503,15354,113.0,0.4960270939168946,0.4886674482219617,0.0073596456949329,1046.2,856.8,1532.6,1458.0,640.2,968.2,1049.8,7552.1,12554.4,10280.805960000002,18392.3,17495.713320000003,7683.05477,11620.139940000001,12598.50045,90624.9133,73110.0,64.0,26.0,39.0,27.0
Louisiana,22049,Jackson Parish,5291,1852,7226,3439.0,0.7322169941876557,0.2562967063382231,0.4759202878494326,903.9,871.5,1517.8,1485.0,597.4,763.6,928.5,7067.5,10846.8,10456.04707,18212.8872,17822.89454,7167.482709999999,9163.87682,11142.034640000002,84812.02219999999,55909.0,64.0,45.0,13.0,53.0
Louisiana,22051,Jefferson Parish,98810,75731,178205,23079.0,0.5544737801969641,0.4249656294716759,0.1295081507252882,1408.6,934.6,1271.8,1458.0,788.3,987.8,1164.3,8013.4,16903.7669,11215.42506,15262.121,17495.713320000003,9460.88654,11854.375779999998,13970.046289999998,96162.3347,82463.0,64.0,9.0,46.0,16.0
Louisiana,22053,Jefferson Davis Parish,11478,2699,14358,8779.0,0.7994149603008776,0.1879788271346984,0.6114361331661791,922.7,856.8,1512.2,1380.0,598.6,951.4,960.5,7182.4,11072.4,10280.805960000002,18146.4988,16560.61287,7184.42629,11418.29222,11524.86589,86187.9017,74580.0,64.0,41.0,47.0,24.0
Louisiana,22055,Lafayette Parish,72007,37170,111086,34837.0,0.6482094953459482,0.3346056208703167,0.3136038744756315,1134.4,946.8,1400.0,1468.7,700.1,1030.6,1108.6,7790.0,13614.15846,11361.45907,16801.9254,17625.17822,8403.21024,12369.1425,13303.358110000001,93478.43059999999,89878.0,64.0,16.0,59.0,9.0
Louisiana,22057,Lafourche Parish,34461,7864,42845,26597.0,0.8043178900688528,0.1835453378457229,0.6207725522231298,1118.6,871.5,1524.8,1404.1,669.3,981.8,1070.1,7639.9,13420.919450000001,10456.04707,18296.2137,16848.38922,8033.56215,11781.674439999999,12841.837640000002,91678.6434,77604.0,64.0,20.0,41.0,21.0
Louisiana,22059,LaSalle Parish,6023,546,6620,5477.0,0.9098187311178249,0.082477341389728,0.8273413897280967,893.2,847.0,1551.0,1485.0,585.4,958.6,988.3,7308.7,10718.4,10163.978650000001,18612.7166,17822.89454,7026.01331,11502.57644,11859.426360000001,87706.0074,85330.0,64.0,30.0,60.0,11.0
Louisiana,22061,Lincoln Parish,11248,6627,18157,4621.0,0.6194855978410531,0.3649832020708267,0.2545023957702264,974.1,868.9,1406.8,1485.0,620.2,952.2,985.9,7293.2,11689.2,10426.840419999999,16883.4925,17822.89454,7441.0867800000005,11425.26352,11830.669689999999,87519.4482,65512.0,64.0,34.0,23.0,39.0
Louisiana,22063,Livingston Parish,55101,9965,65906,45136.0,0.8360543804812915,0.1512001942160046,0.6848541862652869,1358.3,859.2,1617.8,1409.4,746.1,1030.6,1218.1,8239.5,16298.700399999998,10310.01301,19413.8426,16913.12142,8952.676329999998,12369.1425,14618.42309,98875.9189,90527.0,64.0,5.0,55.0,7.0
Louisiana,22065,Madison Parish,1846,2094,3992,-248.0,0.4624248496993988,0.5245490981963928,-0.062124248496994,880.7,849.4,1307.8,1485.0,582.1,777.0,848.0,6730.2,10568.4,10193.185529999999,15693.0472,17822.89454,6985.371709999999,9324.46722,10175.90998,80763.2759,46616.0,64.0,61.0,3.0,62.0
Louisiana,22067,Morehouse Parish,5961,4008,10097,1953.0,0.5903733782311578,0.3969495889868277,0.19342378924433,872.0,800.7,1424.5,1509.2,562.7,917.0,912.3,6998.4,10464.0,9609.048859999999,17094.2016,18110.67082,6753.7089399999995,11001.511340000001,10946.61532,83979.758,50107.0,64.0,43.0,4.0,59.0
Louisiana,22069,Natchitoches Parish,9100,5740,15040,3360.0,0.6050531914893617,0.3816489361702128,0.2234042553191488,1021.8,807.9,1323.1,1407.0,615.5,939.0,922.6,7037.1,12261.6,9696.66936,15876.535399999999,16884.274840000002,7388.003780000001,11265.0915,11072.125049999999,84444.2995,67177.0,64.0,42.0,34.0,35.0
Louisiana,22071,Orleans Parish,24119,130749,159130,-106630.0,0.1515679004587444,0.8216489662540062,-0.6700810657952618,1468.2,1010.1,1157.5,1404.1,833.8,987.8,1169.8,8031.1,17616.576500000003,12120.83694,13889.96012,16848.38922,10005.347539999999,11854.375779999998,14038.368770000001,96373.8544,78575.0,64.0,8.0,40.0,20.0
Louisiana,22073,Ouachita Parish,40808,22845,64436,17963.0,0.6333105717300888,0.3545378359923024,0.2787727357377863,1061.4,832.3,1308.3,1509.2,637.0,1018.6,1004.5,7371.3,12735.39903,9988.73777,15698.91,18110.67082,7645.6848,12222.23576,12055.27338,88456.9099,68882.0,64.0,28.0,32.0,33.0
Louisiana,22075,Plaquemines Parish,6803,3023,9945,3780.0,0.6840623428858723,0.3039718451483157,0.3800904977375566,1953.1,871.5,1450.1,1404.1,950.3,987.8,1429.9,9046.7,23435.428399999997,10456.04707,17403.1699,16848.38922,11403.00921,11854.375779999998,17159.95977,108560.3787,93705.0,64.0,1.0,49.0,5.0
Louisiana,22077,Pointe Coupee Parish,7319,4132,11570,3187.0,0.6325842696629214,0.3571305099394987,0.2754537597234227,978.6,844.6,1646.4,1458.0,613.2,867.0,1013.0,7421.1,11743.34674,10134.77191,19757.2716,17495.713320000003,7361.036569999999,10404.9708,12155.79862,89052.91040000001,75256.0,64.0,27.0,42.0,23.0
Louisiana,22079,Rapides Parish,36171,16537,53395,19634.0,0.6774229796797453,0.3097106470643319,0.3677123326154134,1091.2,839.6,1409.1,1474.1,649.6,1030.6,1050.9,7545.2,13093.15771,10076.35831,16907.7018,17689.910320000003,7795.535740000001,12369.1425,12611.54118,90543.3482,69568.0,64.0,25.0,31.0,32.0
Louisiana,22081,Red River Parish,2337,1321,3725,1016.0,0.6273825503355704,0.3546308724832215,0.2727516778523489,850.5,844.6,1527.7,1291.0,570.6,763.6,832.8,6680.3,10206.0,10134.77191,18331.5702,15492.52857,6843.78607,9163.87682,9990.73925,80163.2732,58653.0,64.0,63.0,19.0,51.0
Louisiana,22083,Richland Parish,6354,2732,9193,3622.0,0.6911780702708583,0.2971826389644295,0.3939954313064288,877.0,795.9,1478.2,1485.0,562.8,777.0,873.6,6849.9,10524.0,9550.6354,17738.0462,17822.89454,6754.24267,9324.46722,10484.01873,82198.3062,63978.0,64.0,53.0,30.0,42.0
Louisiana,22085,Sabine Parish,8613,1488,10170,7125.0,0.8469026548672567,0.1463126843657817,0.700589970501475,916.8,803.3,1555.2,1407.0,578.8,763.6,890.8,6915.1,11001.6,9638.25564,18661.137,16884.274840000002,6944.414999999999,9163.87682,10687.32744,82980.8861,63480.0,64.0,49.0,28.0,43.0
Louisiana,22087,St. Bernard Parish,11033,5967,17292,5066.0,0.6380407124681934,0.3450728660652324,0.2929678464029609,1312.6,871.5,1408.9,1404.1,735.0,987.8,1118.8,7838.7,15754.5438,10456.04707,16904.781899999998,16848.38922,8818.72508,11854.375779999998,13427.18707,94064.0488,68348.0,64.0,17.0,21.0,34.0
Louisiana,22089,St. Charles Parish,17443,8812,26685,8631.0,0.6536631066142027,0.3302229717069515,0.3234401349072512,1386.7,942.1,1535.1,1404.1,783.7,981.8,1226.3,8259.8,16641.918100000003,11303.045329999999,18423.3503,16848.38922,9402.26639,11781.674439999999,14716.56386,99117.2081,97364.0,64.0,4.0,61.0,3.0
Louisiana,22091,St. Helena Parish,2804,2848,5745,-44.0,0.4880765883376849,0.4957354221061792,-0.0076588337684943,988.2,903.1,1683.8,1458.0,636.3,929.8,1076.8,7675.9,11861.66736,10835.73602,20205.1549,17495.713320000003,7636.69031,11153.974259999999,12921.53766,92110.4735,59951.0,64.0,19.0,10.0,49.0
Louisiana,22093,St. James Parish,5902,5792,11789,110.0,0.5006361862753415,0.4913054542370006,0.0093307320383408,1045.6,934.6,1591.8,1404.1,666.2,981.8,1092.3,7716.4,12547.2,11215.42506,19101.2837,16848.38922,7995.091159999999,11781.674439999999,13107.56165,92596.6242,87612.0,64.0,21.0,58.0,10.0
Louisiana,22095,St. John the Baptist Parish,6557,12043,18827,-5486.0,0.3482764115366229,0.6396664365007702,-0.2913900249641472,1355.2,873.7,1531.7,1404.1,750.0,981.8,1178.8,8075.6,16263.6927,10485.25404,18382.6891,16848.38922,8999.858619999999,11781.674439999999,14146.346350000002,96907.9035,81717.0,64.0,7.0,43.0,17.0
Louisiana,22097,St. Landry Parish,21812,14833,37043,6979.0,0.5888291984990417,0.4004265313284561,0.1884026671705855,877.5,803.3,1385.9,1444.5,565.4,783.4,839.3,6699.7,10530.0,9638.25564,16631.0691,17337.40154,6785.74189,9401.780439999999,10071.56678,80395.8159,57044.0,64.0,62.0,16.0,52.0
Louisiana,22099,St. Martin Parish,17466,7284,25006,10182.0,0.6984723666320083,0.2912900903783092,0.407182276253699,960.3,830.0,1582.8,1468.7,602.5,1030.6,1040.9,7515.7,11522.74612,9959.53083,18992.966399999998,17625.17822,7227.85319,12369.1425,12491.05611,90188.473,72037.0,64.0,23.0,36.0,28.0
Louisiana,22101,St. Mary Parish,13671,7011,20897,6660.0,0.6542087380963775,0.3355027037373785,0.3187060343589989,1025.1,815.2,1329.6,1444.5,619.1,783.4,890.1,6907.7,12301.2,9784.28995,15954.8947,17337.40154,7430.807949999999,9401.780439999999,10682.01293,82892.3883,65357.0,64.0,54.0,35.0,40.0
Louisiana,22103,St. Tammany Parish,98377,37777,138384,60600.0,0.7108986588044861,0.2729867614753151,0.437911897329171,1582.0,934.6,1512.3,1404.1,846.6,1030.6,1323.2,8633.6,18984.006400000002,11215.42506,18148.0812,16848.38922,10160.79673,12369.1425,15877.063209999998,103602.9058,93950.0,64.0,2.0,54.0,4.0
Louisiana,22105,Tangipahoa Parish,37500,16886,55104,20614.0,0.6805313588850174,0.3064387340301974,0.3740926248548199,1113.5,885.9,1528.3,1482.2,672.6,1030.6,1116.1,7829.6,13362.0,10631.288219999999,18340.173000000003,17787.00862,8072.69909,12369.1425,13393.325520000002,93955.63769999999,73747.0,64.0,12.0,33.0,26.0
Louisiana,22107,Tensas Parish,1093,1002,2128,91.0,0.5136278195488722,0.4708646616541353,0.0427631578947368,916.1,803.3,1559.7,1485.0,578.4,777.0,925.3,7045.1,10993.2,9638.25564,18719.0174,17822.89454,6941.588659999999,9324.46722,11104.22257,84543.6471,50813.0,64.0,46.0,5.0,57.0
Louisiana,22109,Terrebonne Parish,31115,9702,41327,21413.0,0.7528976214097322,0.2347617780143731,0.518135843395359,1210.8,907.8,1419.5,1404.1,712.7,981.8,1091.5,7728.4,14528.54102,10894.14988,17035.8047,16848.38922,8553.631089999999,11781.674439999999,13098.00045,92740.19009999999,75554.0,64.0,18.0,38.0,22.0
Louisiana,22111,Union Parish,8176,2206,10475,5970.0,0.7805250596658712,0.2105966587112172,0.5699284009546539,871.3,827.6,1595.0,1509.2,571.7,917.0,977.0,7269.0,10458.75622,9930.32415,19140.9087,18110.67082,6860.039900000001,11001.511340000001,11725.14143,87227.3538,59641.0,64.0,33.0,14.0,50.0
Louisiana,22113,Vermilion Parish,21510,4637,26429,16873.0,0.8138786938590185,0.1754512088993151,0.6384274849597034,895.2,805.6,1534.2,1468.7,572.2,929.8,952.6,7158.2,10742.4,9667.46257,18408.7926,17625.17822,6867.03218,11153.974259999999,11432.02572,85896.8642,74286.0,64.0,39.0,44.0,25.0
Louisiana,22115,Vernon Parish,13474,2513,16149,10961.0,0.8343550684252895,0.1556133506718682,0.6787417177534213,1112.3,866.6,1460.8,1450.2,665.7,783.4,993.1,7331.7,13347.6,10397.6336,17527.5703,17402.134039999997,7989.23949,9401.780439999999,11916.373259999998,87982.3296,66475.0,64.0,38.0,29.0,37.0
Louisiana,22117,Washington Parish,12846,5411,18455,7435.0,0.6960715253318884,0.293199674884855,0.4028718504470334,934.4,859.2,1455.0,1434.0,603.5,783.4,907.1,6976.6,11212.8,10310.01301,17459.120199999998,17207.93664,7241.491599999999,9401.780439999999,10886.697320000001,83719.8393,60114.0,64.0,55.0,20.0,48.0
Louisiana,22119,Webster Parish,10965,5053,16205,5912.0,0.6766430114162295,0.3118173403270595,0.3648256710891699,889.3,798.2,1381.9,1407.0,567.8,763.6,823.6,6631.6,10671.6,9579.84207,16582.014199999998,16884.274840000002,6813.730460000001,9163.87682,9884.27404,79579.6108,49274.0,64.0,64.0,8.0,61.0
Louisiana,22121,West Baton Rouge Parish,7627,6008,13836,1619.0,0.5512431338537149,0.4342295461115929,0.117013587742122,1258.5,854.3,1549.4,1409.4,710.9,968.2,1124.1,7874.9,15100.701799999999,10251.599189999999,18593.1372,16913.12142,8529.94788,11620.139940000001,13489.828590000001,94498.4757,102885.0,64.0,14.0,63.0,2.0
Louisiana,22123,West Carroll Parish,3986,578,4603,3408.0,0.865956984575277,0.1255702802520095,0.7403867043232675,884.5,771.5,1555.9,1485.0,557.1,777.0,893.6,6925.2,10614.0,9258.56683,18671.1961,17822.89454,6686.25553,9324.46722,10725.37746,83102.7585,71301.0,64.0,52.0,45.0,30.0
Louisiana,22125,West Feliciana Parish,3923,2004,6008,1919.0,0.6529627163781625,0.3335552596537949,0.3194074567243675,1230.3,851.9,1706.2,1458.0,700.5,968.2,1179.4,8094.7,14760.5294,10222.392530000001,20476.1371,17495.713320000003,8405.66781,11620.139940000001,14154.357919999999,97134.9361,90000.0,64.0,6.0,57.0,8.0
Louisiana,22127,Winn Parish,4437,1292,5781,3145.0,0.7675142708873898,0.2234907455457533,0.5440235253416364,926.7,847.0,1487.2,1485.0,596.7,783.4,926.4,7052.7,11120.4,10163.978650000001,17846.928399999997,17822.89454,7161.26894,9401.780439999999,11116.62084,84633.87240000001,62956.0,64.0,47.0,25.0,44.0
Maine,23001,Androscoggin County,30605,27019,58847,3586.0,0.5200774890818564,0.4591398032185158,0.0609376858633405,1192.5,968.5,1392.0,1404.0,727.3,1167.8,1171.8,8024.1,14310.0,11624.32052,16704.9358,16848.24583,8725.77227,14014.839619999999,14061.771770000001,96289.8866,83794.0,16.0,10.0,9.0,9.0
Maine,23003,Aroostook County,22246,12900,35653,9346.0,0.6239587131517684,0.3618208846380388,0.2621378285137296,1038.2,922.5,1578.3,1538.5,659.7,841.2,1063.7,7642.2,12458.4,11069.39069,18940.6253,18462.42635,7916.0794,10093.39518,12765.18714,91705.5058,72864.0,16.0,16.0,5.0,13.0
Maine,23005,Cumberland County,60950,133281,199225,-72331.0,0.3059355000627431,0.6689973647885556,-0.3630618647258125,1957.1,1063.6,1419.3,1280.0,1016.3,1560.4,1727.7,10024.5,23485.9942,12763.38724,17032.7847,15359.40048,12196.34234,18723.4436,20733.7025,120295.05679999999,120394.0,16.0,1.0,16.0,1.0
Maine,23007,Franklin County,9459,7990,17836,1469.0,0.5303319129849742,0.4479703969499888,0.0823615160349853,1146.7,949.3,1636.2,1414.5,705.2,1076.8,1199.3,8127.6,13760.4,11390.66574,19634.869400000003,16973.58185,8462.241030000001,12919.485579999999,14391.43002,97532.67280000001,79947.0,16.0,9.0,7.0,11.0
Maine,23009,Hancock County,15549,19817,36251,-4268.0,0.4289260985903837,0.5466607817715373,-0.1177346831811536,1305.4,1036.7,1613.0,1538.5,788.1,1009.0,1334.1,8624.9,15664.8,12442.11201,19354.9795,18462.42635,9456.754850000001,12107.975180000001,16009.42727,103498.47709999999,89447.0,16.0,5.0,10.0,6.0
Maine,23011,Kennebec County,36589,34585,72886,2004.0,0.5020031281727629,0.4745081359931948,0.027494992179568,1162.9,978.5,1487.7,1363.2,720.4,940.0,1086.5,7739.5,13954.8,11741.14791,17853.6529,16358.62403,8645.57015,11280.893699999999,13037.20722,92871.8941,85945.0,16.0,15.0,13.0,8.0
Maine,23013,Knox County,10262,15076,25893,-4814.0,0.3963233306299,0.5822423048700421,-0.1859189742401421,1192.3,1046.4,1548.4,1363.2,753.4,1046.2,1201.6,8151.3,14307.6,12558.93921,18580.7677,16358.62403,9039.423279999999,12553.43292,14417.65833,97816.4461,92717.0,16.0,8.0,15.0,4.0
Maine,23015,Lincoln County,10409,13110,24003,-2701.0,0.4336541265675124,0.5461817272840895,-0.1125276007165771,1295.2,1068.5,1606.9,1363.2,795.3,1043.4,1288.9,8461.5,15542.4,12821.800959999999,19282.4799,16358.62403,9543.321520000001,12523.30572,15466.845370000001,101538.77660000001,91387.0,16.0,6.0,11.0,5.0
Maine,23017,Oxford County,19228,14765,34590,4463.0,0.5558832032379301,0.4268574732581671,0.1290257299797629,1122.6,929.7,1623.9,1363.2,690.6,976.2,1105.9,7812.0,13471.2,11157.01095,19486.1209,16358.62403,8286.32323,11715.14284,13270.48493,93744.90729999999,73874.0,16.0,13.0,4.0,12.0
Maine,23019,Penobscot County,47438,37945,87073,9493.0,0.544807230714458,0.4357837676432419,0.1090234630712161,1228.6,968.5,1455.3,1379.8,739.1,1400.6,1299.9,8471.6,14738.686930000002,11624.32052,17462.561999999998,16556.95002,8870.00681,16808.4256,15597.574429999999,101658.5248,88740.0,16.0,3.0,8.0,7.0
Maine,23021,Piscataquis County,6487,3510,10205,2977.0,0.6356687898089172,0.3439490445859872,0.2917197452229299,1067.5,968.5,1637.4,1390.2,685.1,1010.2,1131.2,7890.4,12810.0,11624.32052,19648.6406,16682.28563,8221.087300000001,12122.79872,13575.34597,94684.4797,65041.0,16.0,12.0,1.0,16.0
Maine,23023,Sagadahoc County,9917,13982,24456,-4065.0,0.4055037618580308,0.5717206411514557,-0.1662168792934249,1392.7,1097.7,1534.5,1280.0,837.9,1214.6,1368.8,8726.4,16712.4,13172.28281,18414.5028,15359.40048,10054.89754,14576.8984,16426.84072,104717.224,95557.0,16.0,4.0,14.0,3.0
Maine,23025,Somerset County,17826,10134,28441,7692.0,0.6267712105762807,0.3563165852114904,0.2704546253647902,1084.1,895.7,1570.0,1390.2,666.2,1010.2,1075.6,7691.7,13009.2,10748.11575,18838.6291,16682.28563,7993.3046300000005,12122.79872,12905.50673,92299.84150000001,72186.0,16.0,14.0,3.0,14.0
Maine,23027,Waldo County,11815,12661,25130,-846.0,0.4701551929964186,0.5038201352964584,-0.0336649423000398,1214.2,1041.8,1588.3,1414.5,759.0,1046.2,1246.8,8310.8,14570.4,12500.52564,19060.412099999998,16973.58185,9108.19053,12553.43292,14961.405420000001,99727.94930000001,82070.0,16.0,7.0,6.0,10.0
Maine,23029,Washington County,11003,6763,18048,4240.0,0.6096520390070922,0.3747229609929078,0.2349290780141844,1085.2,932.1,1622.9,1538.5,678.8,1009.0,1177.3,8043.9,13022.4,11186.21814,19474.9864,18462.42635,8145.148360000001,12107.975180000001,14128.257749999999,96527.41329999999,69234.0,16.0,11.0,2.0,15.0
Maine,23031,York County,58194,72114,132838,-13920.0,0.4380824763998253,0.5428717686204249,-0.1047892922205995,1650.9,1012.5,1511.6,1280.0,896.1,1487.0,1552.9,9390.8,19807.6697,12150.04392,18139.172899999998,15359.40048,10752.38219,17842.9446,18636.55628,112688.16780000001,103046.0,16.0,2.0,12.0,2.0
Maryland,24001,Allegany County,22141,9231,32001,12910.0,0.691884628605356,0.2884597356332614,0.4034248929720946,1007.2,871.5,1435.9,916.0,631.9,1155.6,891.6,6909.2,12085.65539,10456.04707,17228.004,10990.107469999999,7584.303900000001,13867.050659999999,10699.09109,82910.26180000001,71767.0,24.0,22.0,3.0,23.0
Maryland,24003,Anne Arundel County,128892,171945,308782,-43053.0,0.4174207045747485,0.5568491686691581,-0.1394284640944096,2613.9,988.3,1513.4,916.0,1212.0,1669.4,1915.3,10827.9,31366.5152,11857.97515,18159.7569,10990.107469999999,14543.16318,20033.1528,22983.716200000003,129934.38700000002,141201.0,24.0,3.0,12.0,4.0
Maryland,24005,Baltimore County,149560,249958,409811,-100398.0,0.3649487202637313,0.6099348236138122,-0.2449861033500809,2057.1,951.6,1405.2,916.0,1012.2,1797.2,1645.0,9784.2,24683.3984,11419.87276,16863.0454,10990.107469999999,12147.182279999999,21566.610200000003,19740.4873,117410.7026,113535.0,24.0,6.0,5.0,12.0
Maryland,24009,Calvert County,29361,23438,53882,5923.0,0.5449129579451394,0.4349875654207342,0.1099253925244052,1870.0,1017.4,1728.1,916.0,971.5,1649.0,1644.8,9796.5,22439.5253,12208.457250000001,20737.214,10990.107469999999,11657.540649999999,19788.696399999997,19737.808299999997,117559.34890000001,150587.0,24.0,7.0,24.0,3.0
Maryland,24011,Caroline County,11053,4860,16276,6193.0,0.6790980584910298,0.2985991644138609,0.3804988940771688,1347.3,825.1,1599.3,891.8,730.8,916.6,983.4,7294.6,16167.6,9901.11721,19191.2517,10702.331020000001,8770.990829999999,10999.27682,11802.45307,87535.02160000001,79803.0,24.0,20.0,4.0,21.0
Maryland,24013,Carroll County,62273,36867,101796,25406.0,0.6117430940311996,0.3621655074855593,0.2495775865456402,1799.3,963.7,1676.9,916.0,929.7,1649.0,1568.6,9503.7,21594.033199999998,11565.906899999998,20123.9651,10990.107469999999,11156.87933,19788.696399999997,18823.486249999998,114043.07379999998,139997.0,24.0,10.0,22.0,6.0
Maryland,24015,Cecil County,33871,17628,52612,16243.0,0.6437884893180263,0.3350566410704782,0.3087318482475481,1741.3,876.1,1665.3,916.0,880.6,1243.2,1335.6,8657.9,20893.639300000003,10514.46091,19983.6731,10990.107469999999,10567.4614,14918.921400000001,16027.302220000001,103895.5671,107719.0,24.0,13.0,9.0,13.0
Maryland,24017,Charles County,26145,63454,91650,-37309.0,0.2852700490998363,0.6923513366066557,-0.4070812875068194,2085.5,934.6,1611.0,916.0,1016.2,1649.0,1665.3,9877.2,25025.149,11215.42506,19331.3261,10990.107469999999,12193.37891,19788.696399999997,19983.7035,118527.7874,135570.0,24.0,5.0,17.0,7.0
Maryland,24019,Dorchester County,9390,6954,16730,2436.0,0.5612671846981471,0.4156604901374776,0.1456066945606695,1259.0,820.4,1480.5,891.8,699.6,910.2,902.7,6963.9,15108.0,9842.70386,17764.130100000002,10702.331020000001,8394.82789,10924.7323,10830.871640000001,83567.5963,80558.0,24.0,23.0,6.0,20.0
Maryland,24021,Frederick County,68753,82409,155004,-13656.0,0.443556295321411,0.5316572475549018,-0.0881009522334907,1875.7,975.9,1577.3,916.0,959.3,1709.0,1594.3,9607.4,22505.484699999997,11711.9409,18927.3679,10990.107469999999,11512.677249999999,20509.406,19131.156899999998,115288.1395,140657.0,24.0,8.0,21.0,5.0
Maryland,24023,Garrett County,11983,3456,15785,8527.0,0.7591384225530567,0.2189420335761799,0.5401963889768768,1030.0,805.6,1658.8,891.8,617.5,953.0,866.4,6823.2,12360.0,9667.46257,19903.2025,10702.331020000001,7411.28426,11436.34734,10397.22121,81877.8481,84398.0,24.0,24.0,10.0,19.0
Maryland,24025,Harford County,83050,62453,149020,20597.0,0.5573077439269897,0.4190913971279023,0.1382163467990874,2045.4,975.9,1587.7,916.0,1016.4,1709.0,1681.4,9931.8,24541.5391,11711.9409,19053.695,10990.107469999999,12197.721450000001,20509.406,20176.875219999998,119181.28540000001,131355.0,24.0,4.0,13.0,9.0
Maryland,24027,Howard County,49425,124764,180488,-75339.0,0.2738409201719782,0.6912592526926998,-0.4174183325207216,2677.3,1061.2,1485.2,916.0,1257.9,2350.8,2232.7,11980.1,32123.0941,12734.18045,17822.1628,10990.107469999999,15092.52414,28206.6058,26791.4577,143760.1314,174263.0,24.0,1.0,20.0,1.0
Maryland,24029,Kent County,5561,5251,11068,310.0,0.5024394651246837,0.4744307914709071,0.0280086736537766,1408.3,1034.4,1531.7,891.8,821.8,916.6,1080.5,7685.5,16899.6,12412.905340000001,18381.1172,10702.331020000001,9862.38451,10999.27682,12965.50044,92223.11529999999,104630.0,24.0,17.0,18.0,15.0
Maryland,24031,Montgomery County,112637,386581,513919,-273944.0,0.2191726711796995,0.7522216536068913,-0.5330489824271918,2231.8,1100.1,1333.3,916.0,1120.9,2350.8,1969.7,11022.3,26779.6803,13201.48971,16000.482399999999,10990.107469999999,13451.926759999998,28206.6058,23636.9808,132267.2756,158399.0,24.0,2.0,19.0,2.0
Maryland,24033,Prince George's County,45008,347038,401881,-302030.0,0.1119933512656731,0.8635342302820984,-0.7515408790164253,1936.0,988.3,1419.7,916.0,984.0,1669.4,1558.2,9471.0,23231.0429,11857.97515,17036.2656,10990.107469999999,11805.93025,20033.1528,18698.6674,113653.14259999999,118434.0,24.0,11.0,11.0,11.0
Maryland,24035,Queen Anne's County,20200,11273,32136,8927.0,0.6285785411999004,0.3507903908389345,0.2777881503609659,2116.3,1034.4,1729.1,916.0,1059.9,1243.2,1622.3,9720.9,25392.6914,12412.905340000001,20749.0591,10990.107469999999,12719.94068,14918.921400000001,19467.9519,116651.5777,130657.0,24.0,9.0,15.0,10.0
Maryland,24037,St. Mary's County,33582,23531,58543,10051.0,0.5736296397519772,0.4019438703175443,0.1716857694344328,1909.0,939.7,1669.1,916.0,958.5,1243.2,1452.6,9087.6,22908.0,11273.838440000001,20028.4977,10990.107469999999,11500.70379,14918.921400000001,17430.966500000002,109051.0365,133566.0,24.0,12.0,23.0,8.0
Maryland,24039,Somerset County,5805,4054,10090,1751.0,0.5753221010901883,0.4017839444995044,0.1735381565906839,1190.1,847.0,1484.7,916.0,685.4,1048.2,939.9,7110.5,14281.2,10163.978650000001,17814.947399999997,10990.107469999999,8224.74072,12574.0971,11278.41158,85327.4828,70366.0,24.0,21.0,2.0,24.0
Maryland,24041,Talbot County,11125,11119,22667,6.0,0.4908016058587374,0.4905369038690607,0.0002647019896766,1572.5,1036.7,1483.2,891.8,877.9,1054.4,1191.7,8108.4,18870.0,12442.11201,17799.197099999998,10702.331020000001,10535.16554,12650.89314,14300.624240000001,97300.32320000001,106439.0,24.0,15.0,14.0,14.0
Maryland,24043,Washington County,44054,27260,73001,16794.0,0.6034711853262285,0.373419542198052,0.2300516431281764,1351.4,900.5,1452.3,916.0,757.6,1243.2,1098.6,7719.6,16216.8,10806.5291,17429.2003,10990.107469999999,9092.17635,14918.921400000001,13182.0573,92635.79250000001,92568.0,24.0,16.0,7.0,17.0
Maryland,24045,Wicomico County,24065,21513,46698,2552.0,0.5153325624223736,0.4606835410510086,0.0546490213713649,1418.9,861.6,1403.8,916.0,767.3,1048.2,1020.8,7436.3,17026.8,10339.21989,16845.7751,10990.107469999999,9207.47665,12574.0971,12250.470379999999,89233.94690000001,90334.0,24.0,19.0,8.0,18.0
Maryland,24047,Worcester County,19632,12431,32728,7201.0,0.5998533365925202,0.3798276704962112,0.2200256660963089,1304.9,919.9,1482.0,916.0,748.7,1155.6,1062.1,7588.8,15658.8,11040.18372,17784.334899999998,10990.107469999999,8983.04812,13867.050659999999,12742.43866,91065.9658,102724.0,24.0,18.0,16.0,16.0
Maryland,24510,Baltimore city,27984,195109,229082,-167125.0,0.1221571315074951,0.851699391484272,-0.7295422599767769,1694.3,1078.1,1099.4,916.0,932.9,1494.6,1310.7,8526.0,20333.067199999998,12938.62824,13194.27952,10990.107469999999,11194.48018,17934.538,15727.429670000001,102312.532,73681.0,24.0,14.0,1.0,22.0
Massachusetts,25001,Barnstable County,57451,88129,147848,-30678.0,0.3885815161517233,0.5960784048482225,-0.2074968886964991,2156.3,1153.6,1546.2,1118.4,1113.7,1773.8,1912.9,10774.8,25875.6,13844.039999999999,18552.6312,13421.49017,13363.933410000001,21286.889000000003,22954.2911,129298.8756,124037.0,14.0,6.0,5.0,7.0
Massachusetts,25003,Berkshire County,19805,47094,68341,-27289.0,0.2897967545104695,0.6891031737902577,-0.3993064192797881,1489.1,1058.8,1492.8,1046.3,857.4,1594.6,1452.0,8991.0,17872.610299999997,12704.97347,17912.1465,12555.19843,10288.02858,19134.9188,17424.32269,107892.1981,95050.0,14.0,13.0,3.0,13.0
Massachusetts,25005,Bristol County,134201,137813,276910,-3612.0,0.4846376078870391,0.4976815571846448,-0.0130439492976057,1782.1,956.5,1362.9,997.3,921.6,1773.8,1540.2,9334.8,21388.2196,11478.28657,16355.1968,11967.357820000001,11058.15159,21286.889000000003,18482.03884,112016.14069999999,107459.0,14.0,11.0,6.0,11.0
Massachusetts,25007,Dukes County,2745,9137,12149,-6392.0,0.2259445221828957,0.7520783603588773,-0.5261338381759816,2384.4,1241.2,1623.3,1459.0,1220.0,1836.2,2236.8,12000.9,28612.8,14895.486249999998,19479.1225,17507.01545,14638.648449999999,22034.7344,26841.0231,144008.82919999998,141907.0,14.0,4.0,9.0,4.0
Massachusetts,25009,Essex County,155336,236624,399719,-81288.0,0.3886130006329446,0.5919758630437882,-0.2033628624108436,2150.9,1019.8,1462.6,1007.7,1067.0,1945.8,1839.2,10492.4,25810.4473,12237.66443,17550.3583,12091.113990000002,12801.53655,23347.9152,22070.473,125909.5091,125134.0,14.0,7.0,7.0,6.0
Massachusetts,25011,Franklin County,12428,28305,42054,-15877.0,0.2955248014457602,0.6730632044514196,-0.3775384030056594,1497.3,1024.8,1546.6,1046.3,848.6,1594.6,1457.4,9015.2,17967.6,12296.07779,18558.7654,12555.19843,10182.41289,19134.9188,17488.84096,108183.81580000001,96152.0,14.0,12.0,4.0,12.0
Massachusetts,25013,Hampden County,92474,110937,207747,-18463.0,0.4451279681535714,0.5340004909818192,-0.0888725228282478,1369.8,983.2,1359.0,1046.3,791.9,1594.6,1307.6,8452.4,16439.717,11799.56172,16306.2513,12555.19843,9501.29044,19134.9188,15690.75282,101427.6897,89744.0,14.0,14.0,2.0,14.0
Massachusetts,25015,Hampshire County,23256,58617,84345,-35361.0,0.275724702116308,0.6949670994131246,-0.4192423972968166,1651.4,1109.9,1502.5,1046.3,929.1,1594.6,1552.9,9386.7,19816.9255,13318.3172,18032.0873,12555.19843,11148.56955,19134.9188,18632.65527,112638.6722,116070.0,14.0,10.0,11.0,9.0
Massachusetts,25017,Middlesex County,235118,554471,809513,-319353.0,0.2904437606313919,0.6849439107216314,-0.3945001500902395,2935.9,1088.0,1424.3,1007.7,1353.9,1945.8,2231.5,11986.8,35231.4739,13055.45548,17092.038500000002,12091.113990000002,16246.454099999999,23347.9152,26777.7848,143842.236,160640.0,14.0,5.0,14.0,2.0
Massachusetts,25019,Nantucket County,2171,4784,7082,-2613.0,0.3065518215193448,0.6755153911324484,-0.3689635696131036,2632.0,1241.2,1680.8,1567.3,1303.1,1836.2,2421.9,12682.9,31584.0,14895.486249999998,20169.5714,18806.45285,15638.32806,22034.7344,29063.199100000005,152191.7738,151336.0,14.0,2.0,8.0,3.0
Massachusetts,25021,Norfolk County,132497,242712,383258,-110215.0,0.3457122878061254,0.6332861936345752,-0.2875739058284497,3178.7,1119.6,1438.1,997.3,1446.2,2230.4,2476.4,12886.9,38145.6955,13435.144380000002,17257.6442,11967.357820000001,17354.7117,26766.638199999998,29715.5018,154642.69210000001,163845.0,14.0,1.0,13.0,1.0
Massachusetts,25023,Plymouth County,133544,159962,298682,-26418.0,0.4471109742133774,0.5355595583262467,-0.0884485841128692,2169.3,1063.6,1550.1,997.3,1087.8,1773.8,1833.8,10476.2,26034.0006,12763.38724,18602.8682,11967.357820000001,13053.63575,21286.889000000003,22005.831400000003,125713.9699,133494.0,14.0,8.0,12.0,5.0
Massachusetts,25025,Suffolk County,66480,222280,297041,-155800.0,0.2238074878552119,0.7483142057830401,-0.5245067179278282,3040.7,1092.9,1279.7,1023.0,1390.9,2131.2,2304.2,12262.2,36487.0717,13113.869150000002,15355.459700000001,12276.747959999999,16688.5621,25574.2252,27650.619200000005,147146.5552,110193.0,14.0,3.0,1.0,10.0
Massachusetts,25027,Worcester County,183802,225680,418748,-41878.0,0.4389322456465463,0.5389398874740894,-0.100007641827543,1753.3,1000.1,1466.3,1023.0,926.6,1831.8,1612.5,9614.1,21042.4964,12004.00926,17596.7005,12276.747959999999,11118.713459999999,21981.3168,19349.33095,115369.31599999999,116982.0,14.0,9.0,10.0,8.0
Michigan,26001,Alcona County,5257,2140,7481,3117.0,0.7027135409704585,0.2860580136345408,0.4166555273359176,991.0,825.1,1676.4,1150.7,611.0,1016.2,967.9,7238.2,11892.0,9901.11721,20117.4119,13807.51035,7332.4372,12195.0989,11615.380650000001,86860.9562,70991.0,83.0,39.0,15.0,71.0
Michigan,26003,Alger County,3116,2075,5258,1041.0,0.5926207683529859,0.3946367440091289,0.1979840243438569,1021.7,937.2,1725.7,1401.4,659.0,1028.2,1132.5,7905.4,12260.4,11244.63203,20707.870000000003,16817.5664,7908.42212,12339.45164,13588.361979999998,94866.70330000001,71346.0,83.0,7.0,8.0,68.0
Michigan,26005,Allegan County,45206,25637,71890,19569.0,0.6288218111002921,0.3566142718041452,0.2722075392961469,1178.2,885.9,1653.2,1104.9,694.4,1146.8,1093.4,7756.8,14138.4,10631.288219999999,19837.5253,13257.28467,8333.92424,13761.6309,13120.48254,93080.5352,94103.0,83.0,12.0,64.0,14.0
Michigan,26007,Alpena County,10967,6038,17210,4929.0,0.637245787332946,0.3508425334108077,0.2864032539221383,969.3,825.1,1498.7,1150.7,603.7,960.4,882.6,6890.1,11631.6,9901.11721,17982.6834,13807.51035,7244.823879999999,11525.68816,10588.27659,82681.6996,68385.0,83.0,70.0,19.0,75.0
Michigan,26009,Antrim County,10341,6330,16882,4011.0,0.6125459068830708,0.3749555739841251,0.2375903328989456,1051.2,959.0,1668.5,1099.3,676.4,956.4,1006.5,7417.4,12614.4,11507.49323,20021.0871,13192.552350000002,8115.9690900000005,11478.43202,12077.65849,89007.59270000001,86451.0,83.0,24.0,59.0,21.0
Michigan,26011,Arenac County,6379,2662,9158,3717.0,0.6965494649486788,0.2906748198296571,0.4058746451190216,1004.2,793.4,1599.7,1150.7,604.8,1034.0,944.6,7131.3,12050.4,9521.4285,19195.7899,13807.51035,7257.983109999999,12407.514780000001,11335.43694,85576.0635,70028.0,83.0,53.0,17.0,72.0
Michigan,26013,Baraga County,2779,1488,4332,1291.0,0.6415050784856879,0.3434903047091412,0.2980147737765466,940.0,893.1,1664.3,1401.4,617.0,1066.8,1067.7,7650.3,11280.0,10718.90879,19970.3371,16817.5664,7401.67702,12802.403119999999,12813.67598,91804.5681,71288.0,83.0,11.0,9.0,69.0
Michigan,26015,Barry County,25650,12391,38621,13259.0,0.6641464488231791,0.3208358147122032,0.3433106341109759,1131.2,837.2,1660.5,1104.9,662.3,1069.8,1031.0,7496.4,13574.4,10047.15166,19924.1134,13257.28467,7947.6258,12834.80108,12373.10477,89958.4818,95874.0,83.0,31.0,72.0,11.0
Michigan,26017,Bay County,34792,25767,61331,9025.0,0.5672824509628084,0.4201301136456278,0.1471523373171805,1019.9,830.0,1378.3,1020.8,622.4,1334.2,950.8,7156.3,12238.8,9959.53083,16539.7574,12249.38768,7468.77413,16010.1356,11410.41707,85876.8011,79540.0,83.0,41.0,50.0,35.0
Michigan,26019,Benzie County,6895,5780,12845,1115.0,0.5367847411444142,0.4499805371739976,0.0868042039704165,1163.4,868.9,1698.7,1099.3,683.7,1317.6,1154.1,7985.9,13960.8,10426.840419999999,20386.0131,13192.552350000002,8205.3815,15811.0574,13848.364750000002,95831.0096,88580.0,83.0,5.0,49.0,19.0
Michigan,26021,Berrien County,44975,38323,84478,6652.0,0.5323871303771396,0.4536447359075736,0.0787423944695659,1124.9,876.1,1467.9,1225.8,673.4,796.6,927.2,7091.9,13498.8,10514.46091,17615.676499999998,14709.21874,8079.419219999999,9558.7122,11125.78588,85102.0733,82029.0,83.0,58.0,60.0,30.0
Michigan,26023,Branch County,14848,5911,21088,8937.0,0.7040971168437026,0.2803015933232169,0.4237955235204856,1014.3,800.7,1523.9,1274.7,610.6,857.8,899.8,6981.7,12171.6,9609.048859999999,18285.9169,15296.35514,7328.24225,10292.981080000001,10796.39386,83780.5375,76208.0,83.0,68.0,48.0,47.0
Michigan,26025,Calhoun County,38606,28988,68490,9618.0,0.5636735289823331,0.4232442692363848,0.1404292597459482,1091.5,849.4,1414.2,1177.2,653.1,900.6,900.0,6986.0,13098.0,10193.185529999999,16972.1884,14126.62695,7836.47199,10805.97638,10799.89552,83832.34569999999,77938.0,83.0,62.0,52.0,38.0
Michigan,26027,Cass County,18505,9050,27869,9455.0,0.6639994258853924,0.3247335749398973,0.339265850945495,987.4,885.9,1555.0,1225.8,630.4,782.6,894.6,6961.5,11848.8,10631.288219999999,18660.695499999998,14709.21874,7563.573200000001,9389.53922,10735.600690000001,83538.7158,85324.0,83.0,73.0,68.0,22.0
Michigan,26029,Charlevoix County,10183,7197,17659,2986.0,0.5766464692224927,0.4075542216433546,0.1690922475791381,1070.7,1036.7,1604.2,1099.3,709.1,960.2,1035.9,7516.1,12848.4,12442.11201,19249.4157,13192.552350000002,8509.15873,11525.1452,12428.11851,90194.902,92266.0,83.0,29.0,69.0,16.0
Michigan,26031,Cheboygan County,10653,5543,16423,5110.0,0.648663459782013,0.3375144614260488,0.3111489983559641,1026.5,854.3,1623.3,1150.7,632.7,1008.4,972.0,7267.6,12318.0,10251.599189999999,19478.2856,13807.51035,7593.689759999999,12098.146040000001,11664.750349999998,87211.9816,73032.0,83.0,33.0,20.0,60.0
Michigan,26033,Chippewa County,11249,6796,18363,4453.0,0.6125905353155803,0.3700920328922289,0.2424985024233513,1056.3,844.6,1504.0,1166.7,639.4,1028.2,953.7,7193.2,12675.6,10134.77191,18047.452299999997,14001.707209999999,7674.69915,12339.45164,11445.178969999999,86318.8603,79525.0,83.0,36.0,46.0,36.0
Michigan,26035,Clare County,11772,5273,17288,6499.0,0.6809347524294308,0.3050092549745488,0.3759254974548819,962.2,888.5,1588.4,1215.3,622.5,1014.0,976.1,7266.8,11546.4,10660.49495,19060.795000000002,14584.298799999999,7471.655559999999,12166.912779999999,11712.580460000001,87203.13739999999,60459.0,83.0,34.0,2.0,82.0
Michigan,26037,Clinton County,26751,22450,49961,4301.0,0.535437641360261,0.4493504933848402,0.0860871479754207,1163.4,861.6,1587.3,1050.5,681.3,950.2,966.8,7260.6,13959.9861,10339.21989,19046.8925,12605.41586,8175.62707,11399.01732,11600.85596,87127.0148,107362.0,83.0,47.0,82.0,5.0
Michigan,26039,Crawford County,5613,2752,8476,2861.0,0.6622227465785748,0.3246814535158093,0.3375412930627655,1006.3,807.9,1609.2,1150.7,610.7,955.0,920.5,7060.1,12075.6,9696.66936,19309.7537,13807.51035,7325.422810000001,11460.90172,11046.68953,84722.54740000001,72382.0,83.0,55.0,24.0,64.0
Michigan,26041,Delta County,14109,7462,21874,6647.0,0.6450123434214136,0.3411355947700466,0.3038767486513669,974.9,859.2,1509.8,1401.4,617.2,1028.2,1007.8,7398.9,11698.8,10310.01301,18118.6698,16817.5664,7405.00955,12339.45164,12095.52998,88785.0404,74319.0,83.0,25.0,21.0,53.0
Michigan,26043,Dickinson County,10324,4763,15311,5561.0,0.6742864607145189,0.3110835347136046,0.3632029260009143,939.2,864.2,1472.6,1401.4,606.7,1066.8,992.2,7342.8,11270.4,10368.42663,17670.4469,16817.5664,7280.52522,12802.403119999999,11905.4191,88115.1887,76883.0,83.0,22.0,28.0,44.0
Michigan,26045,Eaton County,33102,31056,65171,2046.0,0.5079253041997207,0.4765309723650089,0.0313943318347117,1166.7,844.6,1489.2,1050.5,676.9,961.6,933.1,7122.5,14000.293599999999,10134.77191,17872.1985,12605.41586,8120.401390000001,11542.53282,11195.23624,85470.8503,97148.0,83.0,59.0,78.0,10.0
Michigan,26047,Emmet County,12465,10005,22848,2460.0,0.545561974789916,0.4378939075630252,0.1076680672268907,1217.0,937.2,1569.1,1099.3,724.9,875.0,1005.8,7428.2,14604.0,11244.63203,18830.6744,13192.552350000002,8696.94175,10500.9708,12068.632029999999,89138.40400000001,90337.0,83.0,30.0,65.0,18.0
Michigan,26049,Genesee County,105303,114670,223203,-9367.0,0.4717812932621873,0.5137475750773959,-0.0419662818152085,1110.6,847.0,1365.6,953.3,658.7,1066.4,874.9,6876.4,13327.2,10163.978650000001,16385.6931,11440.23248,7903.76121,12797.42672,10499.123329999999,82517.41589999999,77948.0,83.0,71.0,55.0,37.0
Michigan,26051,Gladwin County,10809,4501,15488,6308.0,0.6978951446280992,0.2906120867768595,0.4072830578512397,1002.2,929.7,1607.1,1215.3,649.9,1027.8,1026.6,7459.0,12026.4,11157.01095,19285.033799999997,14584.298799999999,7800.210800000001,12335.54278,12320.03667,89508.53540000001,72443.0,83.0,26.0,14.0,62.0
Michigan,26053,Gogebic County,4803,3385,8292,1418.0,0.579232995658466,0.4082247949831162,0.1710082006753497,991.3,907.8,1533.9,1401.4,638.9,1066.8,1060.0,7600.2,11895.6,10894.14988,18408.9974,16817.5664,7667.760740000001,12802.403119999999,12719.19559,91205.6733,67963.0,83.0,19.0,7.0,76.0
Michigan,26055,Grand Traverse County,31423,30339,62760,1084.0,0.500685149776928,0.4834130019120459,0.0172721478648821,1299.3,919.9,1549.9,1099.3,746.7,1150.4,1120.2,7885.9,15591.6,11040.18372,18599.271,13192.552350000002,8960.43839,13805.014500000001,13440.733740000001,94629.79579999999,98192.0,83.0,9.0,71.0,8.0
Michigan,26057,Gratiot County,12894,6682,19848,6212.0,0.6496372430471584,0.336658605401048,0.3129786376461104,966.0,791.0,1522.7,1150.7,591.3,1010.8,890.2,6922.6,11592.0,9492.221679999999,18271.2006,13807.51035,7093.9246,12130.09038,10683.16927,83070.117,72416.0,83.0,65.0,31.0,63.0
Michigan,26059,Hillsdale County,18631,5875,24813,12756.0,0.7508564059162536,0.2367710474348124,0.5140853584814412,1004.9,778.8,1535.3,1134.3,600.2,932.6,869.8,6856.0,12058.8,9346.187390000001,18424.9147,13613.31299,7201.848389999999,11188.063259999999,10438.57869,82271.7037,74697.0,83.0,77.0,41.0,52.0
Michigan,26061,Houghton County,11181,7881,19364,3300.0,0.577411691799215,0.4069923569510432,0.1704193348481718,1018.8,893.1,1474.5,1401.4,643.3,1166.2,1081.0,7678.4,12225.6,10718.90879,17694.4481,16817.5664,7719.8304499999995,13994.53132,12970.12788,92141.01370000001,81611.0,83.0,13.0,37.0,32.0
Michigan,26063,Huron County,13224,5522,18969,7702.0,0.6971374347619801,0.2911065422531498,0.4060308925088302,938.0,781.4,1605.5,1045.3,578.6,1012.0,865.6,6826.0,11256.0,9375.39417,19266.8682,12545.22839,6941.567969999999,12143.560459999999,10384.39422,81913.012,75121.0,83.0,74.0,42.0,49.0
Michigan,26065,Ingham County,50564,94542,148012,-43978.0,0.3416209496527309,0.6387455071210443,-0.2971245574683134,1184.6,910.3,1321.6,1050.5,705.0,884.2,889.3,6945.3,14215.2696,10923.35663,15859.1076,12605.41586,8458.05558,10611.723759999999,10672.05249,83344.9815,90839.0,83.0,81.0,76.0,17.0
Michigan,26067,Ionia County,22179,11338,34013,10841.0,0.6520742069208831,0.3333431335077764,0.3187310734131067,1154.6,815.2,1578.9,1061.3,662.8,783.2,886.5,6942.4,13855.2,9784.28995,18945.2006,12734.880500000001,7953.661569999999,9397.47122,10637.83532,83308.54000000001,85030.0,83.0,76.0,67.0,24.0
Michigan,26069,Iosco County,10155,5344,15731,4811.0,0.6455406522153709,0.3397113978768037,0.3058292543385671,969.9,825.1,1566.4,1150.7,603.8,1020.2,922.6,7059.0,11638.8,9901.11721,18798.9139,13807.51035,7247.24644,12241.812580000002,11071.42145,84706.82340000001,62641.0,83.0,54.0,6.0,80.0
Michigan,26071,Iron County,4501,2441,7027,2060.0,0.6405293866514872,0.3473744129785114,0.2931549736729757,970.2,864.2,1606.9,1401.4,617.2,1066.8,1054.5,7581.2,11642.4,10368.42663,19282.6769,16817.5664,7405.68704,12802.403119999999,12653.84559,90973.0047,71110.0,83.0,16.0,11.0,70.0
Michigan,26073,Isabella County,16320,14011,30817,2309.0,0.5295778304182757,0.454651653308239,0.0749261771100366,1036.9,842.1,1466.9,1042.7,632.3,1027.6,889.6,6938.0,12442.8,10105.56494,17602.3023,12512.86238,7586.54527,12332.106380000001,10675.00894,83257.1903,75757.0,83.0,75.0,47.0,48.0
Michigan,26075,Jackson County,50199,32348,83803,17851.0,0.5990119685452788,0.3860005011753756,0.2130114673699032,1157.6,825.1,1448.4,1120.5,667.2,823.4,886.5,6928.4,13891.2,9901.11721,17381.1786,13446.936730000001,8005.08122,9879.4578,10637.33894,83142.3111,83211.0,83.0,80.0,63.0,28.0
Michigan,26077,Kalamazoo County,58671,84501,145646,-25830.0,0.4028328962003762,0.5801807121376488,-0.1773478159372725,1148.2,881.1,1429.0,1177.2,682.7,959.0,966.1,7243.5,13778.4,10572.87434,17147.9398,14126.62695,8193.14582,11509.48544,11593.291529999999,86921.7645,94038.0,83.0,45.0,74.0,15.0
Michigan,26079,Kalkaska County,8149,3206,11529,4943.0,0.7068262642033134,0.2780813600485731,0.4287449041547402,976.6,959.0,1663.8,1099.3,651.3,1057.2,1012.8,7420.1,11719.2,11507.49323,19963.8338,13192.552350000002,7814.773300000001,12685.935560000002,12156.192319999998,89039.9801,76698.0,83.0,27.0,30.0,46.0
Michigan,26081,Kent County,172720,192668,371722,-19948.0,0.4646483124485502,0.518312071924718,-0.0536637594761676,1485.1,905.5,1480.1,983.0,804.5,938.6,1061.7,7658.2,17821.2,10864.94279,17762.0264,11796.26083,9651.64092,11259.90086,12741.201949999999,91897.1743,99116.0,83.0,23.0,77.0,7.0
Michigan,26083,Keweenaw County,896,690,1611,206.0,0.5561762880198634,0.4283054003724394,0.1278708876474239,1015.5,893.1,1823.3,1401.4,642.2,1066.8,1160.4,8002.8,12186.0,10718.90879,21879.6014,16817.5664,7706.50674,12802.403119999999,13923.54297,96034.5294,83375.0,83.0,8.0,35.0,27.0
Michigan,26085,Lake County,4523,2298,6915,2225.0,0.6540853217642806,0.3323210412147505,0.32176428054953,1008.7,778.8,1626.8,1201.8,601.4,1022.4,960.1,7200.0,12104.4,9346.187390000001,19521.4001,14422.4676,7217.190890000001,12267.284179999999,11520.727739999998,86399.6576,59133.0,83.0,46.0,1.0,83.0
Michigan,26087,Lapeer County,38398,16338,55435,22060.0,0.6926670875800487,0.2947235501037251,0.3979435374763236,1115.2,832.3,1660.7,953.3,655.2,1019.0,949.1,7185.3,13380.80296,9988.73777,19929.908499999998,11440.23248,7862.835120000001,12231.03192,11389.102159999999,86222.6526,87850.0,83.0,49.0,66.0,20.0
Michigan,26089,Leelanau County,8035,9406,17680,-1371.0,0.4544683257918552,0.5320135746606335,-0.0775452488687782,1318.7,1920.4,1733.7,1099.3,1089.8,1137.2,1663.8,9962.6,15824.4,23044.193030000002,20803.7273,13192.552350000002,13077.59321,13645.48388,19963.97145,119551.92150000001,108500.0,83.0,1.0,43.0,4.0
Michigan,26091,Lenawee County,33463,20787,55012,12676.0,0.6082854649894568,0.3778630117065367,0.23042245328292,1105.0,842.1,1513.8,1215.3,655.3,874.6,941.1,7146.8,13260.0,10105.56494,18165.304299999996,14584.298799999999,7861.497689999999,10492.64696,11293.63019,85762.9436,79965.0,83.0,56.0,54.0,34.0
Michigan,26093,Livingston County,81217,49503,132402,31714.0,0.6134121841059803,0.3738840803009018,0.2395281038050785,1496.3,919.9,1692.6,1112.5,813.0,1126.8,1265.5,8426.9,17955.6,11040.18372,20310.230199999998,13349.83809,9755.82161,13523.219399999998,15186.92403,101121.8167,119608.0,83.0,3.0,81.0,3.0
Michigan,26095,Luce County,2170,769,2985,1401.0,0.7269681742043551,0.2576214405360134,0.4693467336683417,980.3,844.6,1654.3,1401.4,614.0,1028.2,1048.3,7571.5,11763.6,10134.77191,19852.9928,16817.5664,7367.8508999999995,12339.45164,12579.761139999999,90855.9951,71357.0,83.0,14.0,10.0,67.0
Michigan,26097,Mackinac County,4476,2675,7238,1801.0,0.6184028737220226,0.3695772312793589,0.2488256424426637,945.0,854.3,1625.4,1166.7,605.4,1028.2,949.4,7174.6,11340.0,10251.599189999999,19505.595999999998,14001.707209999999,7264.63539,12339.45164,11392.83717,86095.826,73424.0,83.0,37.0,23.0,57.0
Michigan,26099,Macomb County,284660,214977,509056,69683.0,0.5591919160170983,0.4223052080714106,0.1368867079456877,1366.1,868.9,1417.9,945.2,752.0,1237.4,1065.4,7653.2,16394.6226,10426.840419999999,17014.176199999998,11343.133989999998,9024.25711,14849.702000000001,12784.93036,91837.6618,95185.0,83.0,18.0,70.0,12.0
Michigan,26101,Manistee County,8748,6309,15296,2439.0,0.5719142259414226,0.4124607740585774,0.1594534518828452,1071.7,868.9,1586.6,1099.3,653.0,1088.4,995.4,7363.4,12860.4,10426.840419999999,19038.3821,13192.552350000002,7835.14478,13061.6564,11945.014140000001,88359.99029999999,77229.0,83.0,28.0,32.0,42.0
Michigan,26103,Marquette County,17459,20866,38992,-3407.0,0.4477585145670907,0.5351354123922856,-0.0873768978251948,1090.2,937.2,1523.7,1401.4,682.2,1297.4,1189.8,8121.7,13082.4,11244.63203,18284.233,16817.5664,8184.989379999999,15570.188,14276.864059999998,97460.8743,84981.0,83.0,4.0,29.0,25.0
Michigan,26105,Mason County,10830,6973,18056,3857.0,0.5998006202924235,0.3861874169251218,0.2136132033673017,1021.1,842.1,1560.6,1201.8,627.0,973.8,950.2,7176.4,12253.2,10105.56494,18726.6756,14422.4676,7522.75318,11683.98238,11403.25509,86117.8985,80150.0,83.0,42.0,51.0,33.0
Michigan,26107,Mecosta County,14445,7688,22489,6757.0,0.6423140201876473,0.3418560184979323,0.3004580016897149,1000.7,817.8,1534.4,1075.0,611.8,941.6,869.9,6851.5,12008.4,9813.49677,18413.0504,12901.25665,7342.12038,11303.25758,10436.76447,82218.3465,71781.0,83.0,78.0,34.0,66.0
Michigan,26109,Menominee County,8647,4256,13060,4391.0,0.6620980091883614,0.3258805513016845,0.3362174578866768,1010.0,842.1,1574.4,1401.4,623.2,1028.2,1039.4,7519.0,12120.0,10105.56494,18895.442600000002,16817.5664,7477.937179999999,12339.45164,12471.68433,90227.64739999999,76813.0,83.0,21.0,27.0,45.0
Michigan,26111,Midland County,28571,20926,50287,7645.0,0.5681587686678465,0.4161314057311034,0.152027362936743,1156.6,864.2,1507.0,1217.7,679.8,1104.8,1051.0,7580.7,13879.2,10368.42663,18080.5458,14612.11996,8158.273080000001,13256.319199999998,12611.59892,90966.4826,98138.0,83.0,20.0,73.0,9.0
Michigan,26113,Missaukee County,7066,1945,9151,5121.0,0.7721560485192875,0.2125450770407605,0.559610971478527,969.9,817.8,1672.5,1099.3,601.5,1014.4,931.8,7106.9,11638.8,9813.49677,20069.129500000003,13192.552350000002,7217.765949999999,12171.20374,11182.04142,85284.9909,73280.0,83.0,44.0,26.0,58.0
Michigan,26115,Monroe County,57405,32622,91338,24783.0,0.6284897851934572,0.3571569335873349,0.2713328516061222,1213.3,842.1,1560.4,964.2,691.7,962.8,948.7,7183.1,14559.6,10105.56494,18723.8803,11569.697409999999,8298.75645,11554.97016,11382.66308,86195.1336,94188.0,83.0,52.0,75.0,13.0
Michigan,26117,Montcalm County,23946,10368,34835,13578.0,0.6874120855461461,0.297631692263528,0.389780393282618,1045.7,803.3,1584.2,1061.3,622.2,812.6,847.5,6776.5,12548.4,9638.25564,19010.3688,12734.880500000001,7464.845759999999,9750.49918,10170.586650000001,81317.83859999999,73734.0,83.0,83.0,45.0,54.0
Michigan,26119,Montmorency County,4599,1702,6391,2897.0,0.71960569550931,0.2663120012517603,0.4532936942575497,1015.9,844.6,1627.0,1150.7,626.0,1044.2,982.5,7290.8,12190.8,10134.77191,19524.7274,13807.51035,7511.5849499999995,12532.671839999999,11788.58561,87490.6539,63625.0,83.0,38.0,5.0,79.0
Michigan,26121,Muskegon County,47733,46028,95160,1705.0,0.5016078184110971,0.4836906263135771,0.01791719209752,1099.5,834.8,1436.2,983.0,650.9,964.4,864.8,6833.5,13194.0,10017.94476,17235.1575,11796.26083,7809.81098,11572.32208,10378.0318,82003.5284,77036.0,83.0,82.0,53.0,43.0
Michigan,26123,Newaygo County,20630,8131,29197,12499.0,0.7065794430934685,0.2784875158406685,0.4280919272528,990.2,793.4,1604.3,1075.0,600.2,989.2,895.5,6947.9,11882.4,9521.4285,19251.738,12901.25665,7201.4584,11870.18738,10745.16551,83373.6345,73515.0,83.0,66.0,36.0,56.0
Michigan,26125,Oakland County,337791,419519,771939,-81728.0,0.4375876850372892,0.5434613356754873,-0.105873650638198,1533.3,942.1,1407.8,945.2,832.7,1235.6,1171.5,8069.0,18403.836199999998,11303.045329999999,16895.0491,11343.133989999998,9995.07504,14829.127199999999,14058.79566,96828.06240000001,125653.0,83.0,6.0,83.0,1.0
Michigan,26127,Oceana County,9547,5085,14870,4462.0,0.6420309347679892,0.3419636852723605,0.3000672494956287,954.2,815.2,1639.3,1201.8,595.3,991.4,940.0,7137.7,11450.4,9784.28995,19670.8197,14422.4676,7144.550570000001,11898.22218,11280.032940000001,85650.78510000001,73623.0,83.0,40.0,25.0,55.0
Michigan,26129,Ogemaw County,8879,3578,12620,5301.0,0.7035657686212361,0.2835182250396196,0.4200475435816164,946.6,793.4,1630.0,1067.0,585.4,1007.4,886.3,6915.8,11359.2,9521.4285,19559.2353,12804.15772,7025.424370000001,12086.99118,10633.12714,82989.565,66533.0,83.0,63.0,12.0,78.0
Michigan,26131,Ontonagon County,2479,1313,3841,1166.0,0.6454048424889351,0.3418380630044259,0.3035667794845092,943.5,893.1,1711.5,1401.4,618.1,1066.8,1085.4,7719.8,11322.0,10718.90879,20538.0033,16817.5664,7415.808190000001,12802.403119999999,13025.09635,92639.78719999999,67361.0,83.0,10.0,3.0,77.0
Michigan,26133,Osceola County,9639,3326,13184,6313.0,0.7311134708737864,0.2522754854368932,0.4788379854368932,943.8,778.8,1614.8,1201.8,579.4,962.6,904.2,6985.3,11325.6,9346.187390000001,19375.7565,14422.4676,6955.158440000001,11550.97278,10848.98403,83825.128,69272.0,83.0,57.0,16.0,73.0
Michigan,26135,Oscoda County,3716,1414,5192,2302.0,0.7157164869029276,0.2723420647149461,0.4433744221879814,955.9,793.4,1655.5,1067.0,588.5,978.0,891.2,6930.0,11470.8,9521.4285,19865.3187,12804.15772,7062.97282,11739.42088,10694.29591,83158.3964,61003.0,83.0,64.0,4.0,81.0
Michigan,26137,Otsego County,10693,5052,15971,5641.0,0.6695260159038257,0.3163233360465844,0.3532026798572412,1087.0,844.6,1607.3,1150.7,649.8,903.8,955.9,7199.2,13044.0,10134.77191,19287.697200000002,13807.51035,7798.64996,10844.81104,11470.84517,86388.285,83786.0,83.0,51.0,61.0,26.0
Michigan,26139,Ottawa County,106133,69653,178402,36480.0,0.5949092498963016,0.3904272373628098,0.2044820125334917,1374.6,898.1,1633.7,1077.4,764.6,975.6,1109.8,7833.7,16495.2,10777.322339999999,19603.9306,12929.07797,9176.01902,11703.996239999999,13319.60987,94005.1547,105595.0,83.0,17.0,79.0,6.0
Michigan,26141,Presque Isle County,5568,3036,8739,2532.0,0.6371438379677309,0.3474081702711981,0.2897356676965328,937.0,825.1,1682.2,1150.7,592.8,959.8,926.8,7074.4,11244.0,9901.11721,20186.144800000002,13807.51035,7114.4134699999995,11518.57536,11121.15991,84892.9221,72336.0,83.0,48.0,22.0,65.0
Michigan,26143,Roscommon County,10582,5290,16065,5292.0,0.6586990351696234,0.329287270463741,0.3294117647058823,972.1,807.9,1568.3,1067.0,598.8,1008.4,887.8,6910.7,11665.2,9696.66936,18819.2266,12804.15772,7187.34108,12102.47358,10653.8276,82928.8956,68542.0,83.0,67.0,18.0,74.0
Michigan,26145,Saginaw County,52912,49515,103838,3397.0,0.509562973092702,0.4768485525530153,0.0327144205396867,1064.1,830.0,1401.6,1020.8,637.3,1050.8,879.6,6883.9,12769.2,9959.53083,16818.5357,12249.38768,7647.2306,12608.11508,10555.516800000001,82607.51680000001,74989.0,83.0,72.0,40.0,50.5
Michigan,26147,St. Clair County,64277,30844,96519,33433.0,0.6659517815145205,0.3195640236637346,0.3463877578507859,1161.5,849.4,1533.6,1085.5,676.7,1069.6,996.8,7372.9,13938.91778,10193.185529999999,18403.8921,13026.1764,8119.404209999999,12832.361240000002,11962.1618,88476.0991,85166.0,83.0,32.0,58.0,23.0
Michigan,26149,St. Joseph County,19403,9452,29307,9951.0,0.6620602586412803,0.3225168048589074,0.3395434537823728,1016.2,795.9,1520.1,1223.4,609.8,865.2,886.9,6917.5,12194.4,9550.6354,18238.916,14681.39719,7316.25972,10384.6456,10643.6093,83009.8625,77814.0,83.0,79.0,57.0,40.0
Michigan,26151,Sanilac County,17080,5957,23339,11123.0,0.7318222717340075,0.2552380136252624,0.476584258108745,966.0,764.3,1592.0,1045.3,582.3,1118.8,903.4,6972.0,11592.0,9170.9465,19103.4349,12545.22839,6985.8295499999995,13428.359400000001,10840.06333,83665.8629,73268.0,83.0,60.0,33.0,59.0
Michigan,26153,Schoolcraft County,3196,1631,4897,1565.0,0.6526444762099245,0.3330610577904839,0.3195834184194405,982.4,859.2,1668.3,1401.4,619.6,1028.2,1064.5,7623.6,11788.8,10310.01301,20019.9862,16817.5664,7435.29062,12339.45164,12772.852669999998,91483.9601,72702.0,83.0,15.0,13.0,61.0
Michigan,26155,Shiawassee County,24718,15335,40682,9383.0,0.6075905806007571,0.3769480359864313,0.2306425446143257,987.7,807.9,1496.6,1026.2,604.0,1110.2,891.4,6924.0,11852.4,9696.66936,17957.6587,12314.12007,7250.3256599999995,13320.544579999998,10697.69291,83089.4107,81933.0,83.0,69.0,62.0,31.0
Michigan,26157,Tuscola County,21764,8562,30716,13202.0,0.7085558015366584,0.2787472327125928,0.4298085688240656,997.9,786.3,1580.5,1045.3,600.2,1097.6,916.2,7023.6,11974.8,9433.80801,18965.9679,12545.22839,7203.0665500000005,13167.467800000002,10994.41371,84284.7524,74989.0,83.0,61.0,38.0,50.5
Michigan,26159,Van Buren County,23407,17175,41162,6232.0,0.5686555560954278,0.4172537777561829,0.1514017783392449,1026.3,830.0,1632.9,1174.8,624.6,1050.0,987.0,7325.8,12315.6,9959.53083,19593.43,14098.805400000001,7494.61386,12603.085060000001,11844.70272,87909.7675,82727.0,83.0,35.0,56.0,29.0
Michigan,26161,Washtenaw County,58844,157152,221304,-98308.0,0.265896685102845,0.7101182084372628,-0.4442215233344178,1545.6,985.7,1418.0,1023.5,851.8,1582.2,1351.6,8758.4,18547.2,11828.76853,17014.9228,12281.75391,10220.19386,18988.6798,16218.250219999998,105099.7678,122207.0,83.0,2.0,80.0,2.0
Michigan,26163,Wayne County,288860,537032,856511,-248172.0,0.3372519442248844,0.6269995364916504,-0.2897475922667659,1263.7,876.1,1307.1,945.2,720.1,1132.8,952.0,7196.9,15166.770199999999,10514.46091,15683.8997,11343.133989999998,8640.61842,13592.76918,11423.2103,86364.8638,77887.0,83.0,43.0,39.0,39.0
Michigan,26165,Wexford County,12968,6224,19476,6744.0,0.6658451427397823,0.3195728075580201,0.3462723351817622,1035.6,817.8,1564.7,1099.3,623.8,1057.8,941.8,7140.8,12427.2,9813.49677,18776.159600000003,13192.552350000002,7483.02829,12694.74898,11302.192420000001,85689.3799,77740.0,83.0,50.0,44.0,41.0
Minnesota,27001,Aitkin County,6741,3524,10419,3217.0,0.6469910739994241,0.33822823687494,0.3087628371244841,1021.0,959.0,1730.9,1147.3,666.2,1091.2,1132.4,7748.2,12252.0,11507.49323,20771.512300000002,13767.810389999999,7994.0371,13095.90594,13589.61235,92978.3714,76311.0,87.0,34.0,2.0,86.0
Minnesota,27003,Anoka County,106974,97667,209656,9307.0,0.5102358148586256,0.4658440492998054,0.0443917655588201,1764.3,961.3,1554.1,970.3,917.0,2018.6,1725.6,9910.9,21168.9867,11536.700200000001,18649.272,11643.38768,11004.04283,24222.1836,20706.31039,118930.88019999999,114908.0,87.0,6.0,26.0,10.0
Minnesota,27005,Becker County,12961,6435,19696,6526.0,0.6580523964256701,0.3267160844841592,0.3313363119415109,1098.8,910.3,1676.4,1072.0,675.9,949.8,1041.7,7424.9,13185.6,10923.35663,20116.5443,12865.25665,8111.616599999999,11396.03526,12500.078010000001,89098.4874,90218.0,87.0,46.0,44.0,53.0
Minnesota,27007,Beltrami County,12898,11493,24807,1405.0,0.5199338896279276,0.4632966501390737,0.0566372394888539,1155.1,864.2,1560.2,1147.3,679.3,949.8,1026.2,7381.9,13861.2,10368.42663,18722.5484,13767.810389999999,8152.216839999999,11396.03526,12313.88764,88582.1259,85344.0,87.0,43.0,23.0,70.0
Minnesota,27009,Benton County,15260,7084,22763,8176.0,0.670386152967535,0.3112067829372227,0.3591793700303123,1115.2,990.6,1482.3,1042.6,708.4,1386.4,1174.2,7899.6,13382.25646,11887.1821,17788.422899999998,12511.22774,8502.068369999999,16634.969,14091.063380000001,94797.19080000001,95017.0,87.0,30.0,40.0,34.0
Minnesota,27011,Big Stone County,1796,964,2816,832.0,0.6377840909090909,0.3423295454545454,0.2954545454545454,1010.8,866.6,1666.1,1109.7,631.5,949.8,989.5,7223.9,12129.6,10397.6336,19992.4335,13316.533619999998,7579.435460000001,11396.03526,11874.60656,86686.2772,82794.0,87.0,66.0,27.0,78.0
Minnesota,27013,Blue Earth County,18001,17558,36326,443.0,0.4955403842977481,0.4833452623465286,0.0121951219512195,1281.0,959.0,1454.4,1314.5,753.6,1270.4,1289.2,8322.0,15370.583799999999,11507.49323,17453.9948,15774.30773,9043.30508,15244.786599999998,15470.4512,99864.9215,95459.0,87.0,18.0,28.0,32.0
Minnesota,27015,Brown County,9692,4576,14526,5116.0,0.6672174032768828,0.3150213410436459,0.3521960622332369,943.0,885.9,1586.5,1095.4,615.3,949.8,927.2,7002.8,11316.0,10631.288219999999,19036.0678,13142.965600000001,7384.308999999999,11396.03526,11126.30724,84032.9724,89439.0,87.0,82.0,54.0,54.0
Minnesota,27017,Carlton County,10435,9905,20746,530.0,0.5029885279089945,0.4774414344933963,0.0255470934155981,1211.9,871.5,1615.5,1155.3,701.0,1270.4,1210.5,8036.5,14547.636670000002,10456.04707,19385.722,13865.05869,8412.65371,15244.786599999998,14527.342069999999,96439.24769999999,95721.0,87.0,24.0,35.0,30.0
Minnesota,27019,Carver County,35586,31869,68804,3717.0,0.5172083018429161,0.4631852799255857,0.0540230219173303,1824.5,1134.1,1635.9,970.3,995.5,2018.6,1873.1,10452.3,21896.859999999997,13610.38543,19630.5517,11643.38768,11946.64571,24222.1836,22476.63658,125426.649,149132.0,87.0,2.0,87.0,1.0
Minnesota,27021,Cass County,12759,6300,19316,6459.0,0.6605404845723752,0.3261544833298819,0.3343860012424933,1049.2,917.5,1717.4,1147.3,661.7,949.8,1060.3,7503.2,12590.4,11010.97696,20610.183299999997,13767.810389999999,7940.838030000001,11396.03526,12723.28786,90039.5325,80760.0,87.0,42.0,7.0,80.0
Minnesota,27023,Chippewa County,4175,2026,6300,2149.0,0.6626984126984127,0.3215873015873016,0.3411111111111111,1010.0,893.1,1560.0,1109.7,640.3,920.2,950.4,7083.5,12120.0,10718.90879,18719.7806,13316.533619999998,7684.300590000001,11039.62444,11403.66688,85002.8139,92994.0,87.0,84.0,71.0,45.0
Minnesota,27025,Chisago County,23047,11894,35502,11153.0,0.649174694383415,0.3350233789645653,0.3141513154188496,1405.3,1122.0,1765.1,1036.9,850.4,1364.8,1484.5,9028.5,16862.402299999998,13464.35116,21182.546,12441.8007,10203.63504,16375.4578,17813.71589,108343.90929999998,115382.0,87.0,10.0,60.0,9.0
Minnesota,27027,Clay County,15965,16121,32734,-156.0,0.487719191055172,0.4924848781083888,-0.0047656870532168,1116.3,917.5,1514.8,1074.4,684.2,1270.4,1120.5,7698.0,13395.81803,11010.97696,18175.999300000003,12893.07807,8211.82627,15244.786599999998,13446.03897,92378.5255,105824.0,87.0,36.0,83.0,16.0
Minnesota,27029,Clearwater County,3575,1169,4805,2406.0,0.7440166493236212,0.2432882414151925,0.5007284079084287,1015.4,864.2,1758.2,1112.5,632.2,877.2,995.7,7256.0,12184.8,10368.42663,21099.4686,13351.24712,7588.18101,10529.0508,11949.65775,87070.83200000001,82824.0,87.0,60.0,22.0,77.0
Minnesota,27031,Cook County,1142,2416,3641,-1274.0,0.3136500961274375,0.6635539686899203,-0.3499038725624828,985.9,893.1,1729.7,1153.0,632.2,1306.4,1165.8,7866.4,11830.8,10718.90879,20756.8437,13837.237829999998,7586.9973899999995,15678.047,13989.25305,94398.0876,87419.0,87.0,28.0,10.0,62.0
Minnesota,27033,Cottonwood County,4157,1705,5965,2452.0,0.6968985750209555,0.2858340318524727,0.4110645431684828,949.6,810.5,1653.3,1095.4,592.2,949.8,917.3,6967.8,11395.2,9725.87637,19840.3477,13142.965600000001,7106.32458,11396.03526,11007.035090000001,83613.7852,87667.0,87.0,85.0,50.0,61.0
Minnesota,27035,Crow Wing County,27423,14173,42212,13250.0,0.6496493887993935,0.3357576044726618,0.3138917843267317,1149.6,959.0,1580.1,1147.3,709.5,949.8,1079.6,7574.5,13795.2,11507.49323,18959.4957,13767.810389999999,8513.25699,11396.03526,12954.916000000001,90894.2085,91123.0,87.0,37.0,39.0,52.0
Minnesota,27037,Dakota County,109995,143267,258590,-33272.0,0.4253644765845547,0.5540314784021038,-0.1286670018175491,1891.9,1017.4,1486.1,970.3,978.6,2018.6,1789.5,10152.1,22700.5543,12208.457250000001,17832.2279,11643.38768,11745.36572,24222.1836,21474.31167,121826.48689999999,130111.0,87.0,4.0,57.0,5.0
Minnesota,27039,Dodge County,8095,4108,12448,3987.0,0.6503052699228792,0.330012853470437,0.3202924164524421,1016.1,1022.4,1758.4,1595.1,685.8,1270.4,1414.7,8762.8,12191.37337,12266.870910000001,21102.2176,19141.52868,8229.13669,15244.786599999998,16976.17316,105152.0879,109639.0,87.0,12.0,48.0,11.0
Minnesota,27041,Douglas County,16726,7938,25019,8788.0,0.6685319157440346,0.3172788680602741,0.3512530476837604,1041.3,910.3,1601.9,1072.0,656.6,949.8,985.1,7217.2,12495.6,10923.35663,19222.869899999998,12865.25665,7879.46162,11396.03526,11823.79234,86606.3728,97354.0,87.0,64.0,80.0,24.0
Minnesota,27043,Faribault County,5247,2352,7739,2895.0,0.6779945729422406,0.3039152345264246,0.374079338415816,998.3,905.5,1627.3,1280.3,640.7,992.2,1067.4,7511.6,11979.6,10864.94279,19527.9239,15364.6367,7686.19622,11906.19082,12809.53189,90139.0223,79663.0,87.0,40.0,6.0,82.0
Minnesota,27045,Fillmore County,7638,4491,12335,3147.0,0.6192136197811107,0.3640859343331982,0.2551276854479125,992.9,988.3,1693.3,1522.9,666.5,948.8,1201.7,8014.2,11914.8,11857.97515,20318.4546,18273.68798,7998.506149999999,11386.02864,14420.76659,96170.2186,91230.0,87.0,26.0,18.0,50.0
Minnesota,27047,Freeborn County,10003,6448,16670,3555.0,0.6000599880023996,0.3868026394721056,0.213257348530294,1024.3,885.9,1529.7,1378.7,642.7,877.2,1023.9,7362.6,12291.6,10631.288219999999,18355.7054,16544.90018,7712.5561099999995,10529.0508,12286.57788,88351.6778,87236.0,87.0,44.0,31.0,63.0
Minnesota,27049,Goodhue County,16461,11731,28746,4730.0,0.5726361928616155,0.4080915605649481,0.1645446322966673,1169.1,924.8,1624.8,1500.2,704.5,1091.2,1282.4,8297.2,14029.2,11098.59742,19495.6277,18002.871600000002,8454.41217,13095.90594,15388.88868,99565.50349999999,104799.0,87.0,19.0,58.0,17.0
Minnesota,27051,Grant County,2266,1187,3531,1079.0,0.6417445482866043,0.3361653922401586,0.3055791560464457,1002.4,910.3,1722.7,1072.0,643.4,877.2,986.2,7214.7,12028.8,10923.35663,20672.326999999997,12865.25665,7722.40349,10529.0508,11835.42227,86576.6166,85086.0,87.0,69.0,33.0,72.0
Minnesota,27053,Hennepin County,197244,502710,716591,-305466.0,0.2752532476684747,0.7015298824573571,-0.4262766347888824,1818.7,1102.7,1298.0,970.3,982.7,2018.6,1727.3,9917.7,21821.040699999998,13230.696590000001,15575.401699999999,11643.38768,11793.38698,24222.1836,20727.40305,119013.49850000002,131862.0,87.0,5.0,72.0,4.0
Minnesota,27055,Houston County,6547,4667,11394,1880.0,0.5746006670177286,0.4096015446726347,0.1649991223450939,1057.2,973.5,1641.2,1502.5,683.2,1304.8,1344.7,8507.2,12686.31726,11682.734339999999,19694.1756,18030.69268,8199.12718,15656.9918,16136.57751,102086.6198,97976.0,87.0,15.0,21.0,21.0
Minnesota,27057,Hubbard County,8809,4536,13570,4273.0,0.6491525423728813,0.3342667649226234,0.3148857774502579,1045.0,851.9,1721.0,1147.3,638.2,949.8,1030.3,7383.3,12540.0,10222.392530000001,20651.3178,13767.810389999999,7658.556119999999,11396.03526,12364.01069,88600.1228,84240.0,87.0,45.0,17.0,74.0
Minnesota,27059,Isanti County,18027,7384,25829,10643.0,0.6979364280459948,0.2858802121646212,0.4120562158813736,1568.3,929.7,1724.9,1036.9,840.5,1364.8,1452.3,8917.3,18818.5618,11157.01095,20700.7128,12441.8007,10085.478169999998,16375.4578,17428.171899999998,107007.1942,97450.0,87.0,13.0,11.0,23.0
Minnesota,27061,Itasca County,15863,10467,26760,5396.0,0.5927877428998505,0.3911434977578475,0.2016442451420029,1098.4,871.5,1664.3,1153.0,662.7,1091.2,1097.1,7638.4,13180.8,10456.04707,19972.102300000002,13837.237829999998,7952.772200000001,13095.90594,13165.48185,91660.3454,83917.0,87.0,35.0,8.0,75.0
Minnesota,27063,Jackson County,3949,1581,5625,2368.0,0.7020444444444445,0.2810666666666667,0.4209777777777778,950.0,810.5,1712.1,1095.4,592.3,920.2,928.4,7008.4,11400.0,9725.87637,20545.0656,13142.965600000001,7107.93962,11039.62444,11141.09025,84102.56169999999,88140.0,87.0,83.0,52.0,59.0
Minnesota,27065,Kanabec County,6818,2718,9682,4100.0,0.7041933484817187,0.2807271224953522,0.4234662259863664,1091.2,861.6,1666.2,1034.5,657.0,949.8,995.0,7255.5,13094.4,10339.21989,19996.3443,12413.97954,7884.39511,11396.03526,11939.47205,87063.845,86385.0,87.0,59.0,38.0,66.0
Minnesota,27067,Kandiyohi County,15014,7814,23213,7200.0,0.646792745444363,0.3366217205876017,0.3101710248567613,1056.1,893.1,1577.2,1109.7,655.7,949.8,989.0,7230.8,12673.2,10718.90879,18926.469,13316.533619999998,7870.42841,11396.03526,11867.627620000001,86769.2025,93317.0,87.0,70.0,66.0,42.0
Minnesota,27069,Kittson County,1535,911,2495,624.0,0.6152304609218436,0.3651302605210421,0.2501002004008015,929.8,903.1,1797.7,1112.5,616.7,920.2,1001.8,7281.6,11157.6,10835.73602,21573.1935,13351.24712,7399.80204,11039.62444,12021.27636,87378.4789,94471.0,87.0,49.0,61.0,36.0
Minnesota,27071,Koochiching County,4204,2465,6776,1739.0,0.6204250295159386,0.3637839433293979,0.2566410861865407,948.6,871.5,1632.2,1153.0,612.1,920.2,951.3,7088.9,11383.2,10456.04707,19586.1158,13837.237829999998,7347.95796,11039.62444,11415.14712,85065.3289,85230.0,87.0,71.0,34.0,71.0
Minnesota,27073,Lac qui Parle County,2600,1314,3989,1286.0,0.6517924291802457,0.3294058661318626,0.3223865630483831,982.9,873.7,1676.6,1109.7,624.7,877.2,953.1,7098.1,11794.8,10485.25404,20118.6457,13316.533619999998,7496.27021,10529.0508,11436.81654,85177.3713,92463.0,87.0,79.0,67.0,48.0
Minnesota,27075,Lake County,3265,3534,6929,-269.0,0.471207966517535,0.5100303074036657,-0.0388223408861307,1216.2,951.6,1649.3,1155.3,729.5,1386.4,1315.4,8403.6,14594.4,11419.87276,19791.0112,13865.05869,8752.672779999999,16634.969,15783.3501,100841.3335,93547.0,87.0,16.0,14.0,40.0
Minnesota,27077,Lake of the Woods County,1710,604,2346,1106.0,0.7289002557544757,0.257459505541347,0.4714407502131287,1000.9,864.2,1781.8,1153.0,627.5,1165.0,1118.9,7711.1,12010.8,10368.42663,21379.942,13837.237829999998,7529.637640000001,13977.29582,13428.811550000002,92532.1505,89208.0,87.0,32.0,19.0,55.0
Minnesota,27079,Le Sueur County,11503,5636,17422,5867.0,0.6602571461370681,0.3234990242222477,0.3367581219148203,1234.5,1078.1,1704.0,1314.5,778.2,948.8,1295.0,8353.3,14814.0,12938.62824,20449.3424,15774.30773,9337.55367,11386.02864,15541.13799,100241.00039999999,108147.0,87.0,21.0,70.0,12.0
Minnesota,27081,Lincoln County,2190,972,3226,1218.0,0.6788592684438933,0.3013019218846869,0.3775573465592064,984.6,873.7,1719.7,1095.4,625.3,877.2,966.0,7141.9,11815.2,10485.25404,20635.4314,13142.965600000001,7503.13399,10529.0508,11591.47713,85702.5131,86875.0,87.0,74.0,43.0,64.0
Minnesota,27083,Lyon County,8400,4284,12946,4116.0,0.6488490653483702,0.3309130233276687,0.3179360420207014,1004.8,873.7,1571.9,1109.7,632.2,877.2,925.6,6995.2,12057.6,10485.25404,18862.719,13316.533619999998,7584.691280000001,10529.0508,11107.04524,83942.8949,93906.0,87.0,87.0,81.0,39.0
Minnesota,27085,McLeod County,14394,6374,21131,8020.0,0.6811793100184563,0.3016421371444797,0.3795371728739766,1064.5,898.1,1576.6,1060.5,660.4,949.8,977.0,7186.5,12774.0,10777.322339999999,18918.5172,12726.401829999999,7923.996880000001,11396.03526,11722.979589999999,86239.2518,100785.0,87.0,73.0,86.0,19.0
Minnesota,27087,Mahnomen County,1165,975,2176,190.0,0.5353860294117647,0.4480698529411764,0.0873161764705882,938.6,910.3,1673.8,1112.5,622.1,949.8,976.8,7183.7,11263.2,10923.35663,20085.286,13351.24712,7464.812390000001,11396.03526,11720.367320000001,86204.3037,64342.0,87.0,55.0,1.0,87.0
Minnesota,27089,Marshall County,3774,1177,5024,2597.0,0.7511942675159236,0.2342754777070063,0.5169187898089171,948.8,903.1,1822.5,1112.5,623.1,877.2,1004.0,7291.3,11385.6,10835.73602,21870.0225,13351.24712,7476.514230000001,10529.0508,12047.99639,87496.1666,92132.0,87.0,51.0,53.0,49.0
Minnesota,27091,Martin County,7442,3171,10765,4271.0,0.6913144449605202,0.294565722248026,0.3967487227124942,988.8,905.5,1588.2,1280.3,637.5,920.2,1020.0,7340.2,11865.6,10864.94279,19059.347700000002,15364.6367,7647.84023,11039.62444,12240.3223,88082.3156,84877.0,87.0,48.0,25.0,73.0
Minnesota,27093,Meeker County,9645,3802,13647,5843.0,0.706748735985931,0.278596028431157,0.4281527075547739,1059.6,856.8,1677.0,1109.7,644.8,877.2,982.5,7207.7,12715.2,10280.805960000002,20122.507,13316.533619999998,7737.157150000001,10529.0508,11790.917440000001,86492.1728,95693.0,87.0,76.0,79.0,31.0
Minnesota,27095,Mille Lacs County,10570,4374,15163,6196.0,0.6970916045637406,0.2884653432698015,0.4086262612939391,1200.0,861.6,1606.0,1149.7,693.7,1386.4,1237.3,8134.5,14400.0,10339.21989,19270.922,13795.63155,8323.67278,16634.969,14848.0923,97612.5079,86552.0,87.0,20.0,4.0,65.0
Minnesota,27097,Morrison County,15666,4306,20272,11360.0,0.7727900552486188,0.2124112075769534,0.5603788476716653,1036.3,866.6,1653.2,1147.3,640.3,877.2,981.7,7202.6,12435.6,10397.6336,19838.5994,13767.810389999999,7682.391160000001,10529.0508,11780.52874,86431.6149,86099.0,87.0,72.0,42.0,67.0
Minnesota,27099,Mower County,10297,8312,18926,1985.0,0.5440663637324316,0.4391841910599176,0.1048821726725139,1141.3,866.6,1496.2,1592.7,675.6,949.8,1165.8,7887.8,13695.6,10397.6336,17953.7105,19113.7072,8106.32652,11396.03526,13989.83383,94652.8456,91150.0,87.0,29.0,24.0,51.0
Minnesota,27101,Murray County,3346,1329,4755,2017.0,0.7036803364879075,0.2794952681388012,0.4241850683491062,1003.7,810.5,1749.5,1095.4,610.4,920.2,971.9,7161.6,12044.4,9725.87637,20996.120199999998,13142.965600000001,7324.7522500000005,11039.62444,11663.7801,85937.5204,93387.0,87.0,77.0,69.0,41.0
Minnesota,27103,Nicollet County,9540,9441,19354,99.0,0.4929213599255967,0.4878061382659915,0.0051152216596052,1108.3,1032.0,1550.7,1198.9,720.1,1304.8,1246.3,8160.7,13299.268460000001,12383.698540000001,18608.0916,14385.763579999999,8641.20282,15656.9918,14954.93635,97929.9527,107917.0,87.0,22.0,75.0,13.0
Minnesota,27105,Nobles County,5541,2599,8258,2942.0,0.6709857108258658,0.3147251150399612,0.3562605957859045,1099.3,810.5,1596.6,1095.4,642.5,877.2,939.0,7060.6,13191.6,9725.87637,19159.0794,13142.965600000001,7710.73524,10529.0508,11268.36774,84727.6759,79909.0,87.0,78.0,16.0,81.0
Minnesota,27107,Norman County,1963,1233,3285,730.0,0.5975646879756469,0.3753424657534246,0.2222222222222222,963.8,917.5,1729.7,1112.5,632.9,920.2,999.6,7276.2,11565.6,11010.97696,20754.9105,13351.24712,7596.03741,11039.62444,11995.9827,87314.38100000001,93056.0,87.0,50.0,55.0,44.0
Minnesota,27109,Olmsted County,39467,49121,90524,-9654.0,0.4359838274932615,0.5426295788962043,-0.1066457514029428,1294.4,963.7,1493.8,1522.9,759.7,2018.6,1685.1,9738.1,15532.802419999998,11565.906899999998,17924.225,18273.68798,9117.53837,24222.1836,20221.57335,116857.91829999999,119991.0,87.0,7.0,41.0,8.0
Minnesota,27111,Otter Tail County,24276,11752,36608,12524.0,0.6631337412587412,0.3210227272727273,0.3421110139860139,1029.0,832.3,1638.0,1072.0,626.2,949.8,956.3,7103.9,12348.0,9988.73777,19656.656,12865.25665,7515.34204,11396.03526,11474.52592,85244.5537,92690.0,87.0,80.0,68.0,46.0
Minnesota,27113,Pennington County,4756,2439,7361,2317.0,0.6461078657791061,0.331340850427931,0.3147670153511751,1157.9,832.3,1559.0,1112.5,669.6,949.8,1000.5,7281.5,13894.8,9988.73777,18706.4876,13351.24712,8035.77312,11396.03526,12005.82545,87378.90770000001,99464.0,87.0,53.0,82.0,20.0
Minnesota,27115,Pine County,11274,5339,16876,5935.0,0.6680493007821758,0.3163664375444418,0.351682863237734,1189.4,820.4,1690.0,1147.3,676.2,949.8,1067.2,7540.0,14272.8,9842.70386,20281.115700000002,13767.810389999999,8113.8194300000005,11396.03526,12805.73056,90480.0138,83709.0,87.0,39.0,13.0,76.0
Minnesota,27117,Pipestone County,3537,1215,4828,2322.0,0.7326014913007457,0.2516570008285004,0.4809444904722453,971.8,893.1,1608.0,1095.4,627.3,920.2,943.2,7058.9,11661.6,10718.90879,19294.6028,13142.965600000001,7530.0689,11039.62444,11318.93906,84706.70969999999,82486.0,87.0,81.0,29.0,79.0
Minnesota,27119,Polk County,10162,4967,15387,5195.0,0.6604276337167739,0.3228049652303892,0.3376226684863846,927.3,832.3,1665.6,1114.9,592.2,1304.8,1069.7,7506.3,11123.57464,9988.73777,19987.4498,13379.068479999998,7103.376020000001,15656.9918,12836.99707,90076.1948,96684.0,87.0,41.0,63.0,26.0
Minnesota,27121,Pope County,4677,2398,7191,2279.0,0.6503963287442637,0.3334723960506188,0.3169239326936448,1086.0,910.3,1733.0,1072.0,671.6,992.2,1067.8,7533.0,13032.0,10923.35663,20796.5403,12865.25665,8059.93686,11906.19082,12813.877929999999,90397.16040000001,96298.0,87.0,38.0,56.0,28.0
Minnesota,27123,Ramsey County,75284,195168,276736,-119884.0,0.2720426688251618,0.705249768732655,-0.4332070999074931,1640.4,1061.2,1286.3,970.3,908.8,2018.6,1619.2,9504.7,19682.911799999998,12734.18045,15435.9793,11643.38768,10906.943159999999,24222.1836,19429.66362,114055.24810000001,106698.0,87.0,8.0,15.0,14.0
Minnesota,27125,Red Lake County,1425,642,2110,783.0,0.6753554502369669,0.3042654028436019,0.371090047393365,972.6,832.3,1815.7,1112.5,607.3,920.2,995.6,7256.2,11671.2,9988.73777,21790.5182,13351.24712,7287.62823,11039.62444,11946.136770000001,87075.0949,96667.0,87.0,57.0,77.0,27.0
Minnesota,27127,Redwood County,5895,2300,8299,3595.0,0.7103265453669116,0.2771418243161826,0.4331847210507289,1001.8,873.7,1665.8,1095.4,631.0,949.8,983.8,7201.1,12021.6,10485.25404,19988.6997,13142.965600000001,7572.57864,11396.03526,11805.8985,86413.0313,85558.0,87.0,67.0,36.0,68.0
Minnesota,27129,Renville County,5610,2280,8042,3330.0,0.69758766476001,0.2835115642874907,0.4140761004725193,1020.0,893.1,1698.8,1109.7,643.6,920.2,1005.1,7290.4,12240.0,10718.90879,20384.3624,13316.533619999998,7724.67537,11039.62444,12061.13287,87485.2378,88220.0,87.0,61.0,46.0,58.0
Minnesota,27131,Rice County,18264,17353,36284,911.0,0.503362363576232,0.4782548781832212,0.0251074853930107,1319.1,1000.1,1602.8,1312.2,780.3,1091.2,1314.9,8421.1,15829.2,12004.00926,19234.6242,15746.486379999998,9364.665850000001,13095.90594,15778.46513,101053.3564,103790.0,87.0,17.0,51.0,18.0
Minnesota,27133,Rock County,3690,1585,5361,2105.0,0.6883044208170117,0.2956537959335945,0.3926506248834172,1010.6,912.7,1619.5,1095.4,647.0,920.2,976.2,7181.5,12127.2,10952.563259999999,19434.0457,13142.965600000001,7765.3376499999995,11039.62444,11715.990600000001,86177.72750000001,95000.0,87.0,65.0,73.0,35.0
Minnesota,27135,Roseau County,6279,2093,8486,4186.0,0.7399245816639171,0.2466415272213056,0.4932830544426114,972.5,832.3,1770.2,1147.3,607.4,920.2,988.8,7238.3,11670.0,9988.73777,21239.7179,13767.810389999999,7287.22433,11039.62444,11867.300500000001,86860.4163,89022.0,87.0,54.0,45.0,57.0
Minnesota,27137,St. Louis County,50065,66335,118587,-16270.0,0.422179496909442,0.559378346699048,-0.1371988497896059,1216.1,951.6,1456.6,1155.3,729.5,1270.4,1194.0,7973.6,14592.769520000002,11419.87276,17479.8834,13865.05869,8752.124090000001,15244.786599999998,14328.373920000002,95682.868,94308.0,87.0,27.0,32.0,37.0
Minnesota,27139,Scott County,47837,40214,89806,7623.0,0.5326704229116095,0.4477874529541456,0.0848829699574638,1876.6,1017.4,1651.5,970.3,973.7,2018.6,1844.1,10352.0,22518.585700000003,12208.457250000001,19819.1777,11643.38768,11684.1412,24222.1836,22128.84338,124224.7764,138181.0,87.0,3.0,76.0,2.0
Minnesota,27141,Sherburne County,38491,18329,57777,20162.0,0.6661993526835939,0.3172369628052685,0.3489623898783253,1454.6,985.7,1748.3,970.3,821.2,1364.8,1407.5,8752.0,17453.7992,11828.76853,20978.6136,11643.38768,9852.31214,16375.4578,16890.62733,105022.9672,121435.0,87.0,14.0,85.0,7.0
Minnesota,27143,Sibley County,6014,2351,8512,3663.0,0.7065319548872181,0.2761983082706767,0.4303336466165414,1031.2,898.1,1702.5,1060.5,649.1,919.0,993.6,7253.8,12374.4,10777.322339999999,20429.0948,12726.401829999999,7789.54881,11024.80082,11923.33373,87044.902,94167.0,87.0,56.0,65.0,38.0
Minnesota,27145,Stearns County,53932,30829,86361,23103.0,0.6244948530007758,0.3569782656523199,0.2675165873484558,1285.4,907.8,1531.3,1042.6,738.1,2168.4,1544.6,9218.0,15425.348600000001,10894.14988,18374.7767,12511.22774,8855.36789,26019.1044,18535.28405,110615.2591,95813.0,87.0,9.0,3.0,29.0
Minnesota,27147,Steele County,12742,7650,20809,5092.0,0.6123312028449228,0.3676293911288384,0.2447018117160843,1184.6,944.4,1584.3,1592.7,716.4,877.2,1233.1,8132.7,14215.2,11332.25229,19010.375699999997,19113.7072,8595.60786,10529.0508,14795.81999,97592.01310000001,106301.0,87.0,25.0,74.0,15.0
Minnesota,27149,Stevens County,3213,1827,5122,1386.0,0.6272940257711831,0.3566966028894963,0.2705974228816868,1074.3,910.3,1706.0,1072.0,667.6,992.2,1058.2,7481.0,12891.6,10923.35663,20471.889799999997,12865.25665,8012.6982499999995,11906.19082,12699.976910000001,89770.9687,95352.0,87.0,47.0,64.0,33.0
Minnesota,27151,Swift County,3340,1618,5041,1722.0,0.6625669510017853,0.3209680618924816,0.3415988891093036,939.4,893.1,1616.7,1109.7,616.7,920.2,934.0,7029.8,11272.8,10718.90879,19400.8201,13316.533619999998,7399.254640000001,11039.62444,11208.4258,84356.3667,78565.0,87.0,75.0,12.0,84.0
Minnesota,27153,Todd County,10392,3072,13672,7320.0,0.7600936220011703,0.22469280280866,0.5354008191925103,1002.7,895.7,1715.8,1147.3,638.9,877.2,999.1,7276.8,12032.4,10748.11575,20589.7246,13767.810389999999,7664.6538,10529.0508,11988.67855,87320.4361,76498.0,87.0,58.0,5.0,85.0
Minnesota,27155,Traverse County,1165,597,1801,568.0,0.6468628539700166,0.3314825097168239,0.3153803442531926,1004.5,910.3,1665.5,1072.0,644.1,949.8,994.8,7241.0,12054.0,10923.35663,19984.5259,12865.25665,7730.882159999999,11396.03526,11936.76575,86890.8223,92500.0,87.0,63.0,62.0,47.0
Minnesota,27157,Wabasha County,8523,4721,13481,3802.0,0.6322231288480084,0.3501965729545286,0.2820265558934797,1031.1,834.8,1627.7,1502.5,628.0,1270.4,1235.5,8129.7,12373.2,10017.94476,19530.2481,18030.69268,7533.64756,15244.786599999998,14826.299359999999,97556.8192,96933.0,87.0,23.0,37.0,25.0
Minnesota,27159,Wadena County,6028,1898,8024,4130.0,0.751246261216351,0.2365403788634097,0.5147058823529411,1002.4,851.9,1623.1,1147.3,623.9,920.2,959.7,7128.4,12028.8,10222.392530000001,19475.769200000002,13767.810389999999,7486.55975,11039.62444,11518.59647,85539.554,78803.0,87.0,62.0,9.0,83.0
Minnesota,27161,Waseca County,6770,3402,10361,3368.0,0.6534118328346684,0.3283466846829456,0.3250651481517227,1009.3,944.4,1605.9,1511.8,657.4,949.8,1153.1,7831.4,12111.6,11332.25229,19269.941899999998,18141.7261,7887.8379,11396.03526,13834.992489999999,93974.3837,89052.0,87.0,33.0,20.0,56.0
Minnesota,27163,Washington County,75271,90324,168743,-15053.0,0.4460688739681053,0.5352755373556236,-0.0892066633875182,2068.4,1024.8,1570.2,970.3,1040.8,2018.6,1914.7,10608.0,24823.518300000003,12296.07779,18842.6746,11643.38768,12489.13141,24222.1836,22977.73662,127294.7076,135690.0,87.0,1.0,59.0,3.0
Minnesota,27165,Watonwan County,3087,1723,4910,1364.0,0.6287169042769858,0.3509164969450102,0.2778004073319756,1013.9,885.9,1610.3,1280.3,639.1,920.2,1030.6,7380.4,12166.8,10631.288219999999,19325.3394,15364.6367,7670.56621,11039.62444,12366.170139999998,88564.42659999999,85403.0,87.0,52.0,30.0,69.0
Minnesota,27167,Wilkin County,2290,986,3343,1304.0,0.6850134609632067,0.2949446604845946,0.390068800478612,1002.2,832.3,1609.0,1072.0,617.3,920.2,921.5,6974.2,12026.4,9988.73777,19307.195499999998,12865.25665,7407.13756,11039.62444,11057.38696,83691.7395,93241.0,87.0,86.0,78.0,43.0
Minnesota,27169,Winona County,14288,12929,27721,1359.0,0.5154215215901302,0.4663973161141373,0.0490242054759929,1079.2,942.1,1556.8,1500.2,680.0,949.8,1160.0,7867.7,12950.4,11303.045329999999,18679.9339,18002.871600000002,8160.230840000001,11396.03526,13920.11159,94412.6271,97837.0,87.0,31.0,49.0,22.0
Minnesota,27171,Wright County,57211,30883,89700,26328.0,0.637803790412486,0.3442920847268673,0.2935117056856187,1574.8,995.4,1720.6,970.3,864.7,1386.4,1470.4,8982.2,18894.3815,11945.595819999999,20646.8869,11643.38768,10376.31272,16634.969,17643.151149999998,107784.6861,123867.0,87.0,11.0,84.0,6.0
Minnesota,27173,Yellow Medicine County,3738,1548,5391,2190.0,0.6933778519755147,0.2871452420701169,0.4062326099053978,929.8,873.7,1685.4,1109.7,606.9,920.2,945.0,7070.4,11157.6,10485.25404,20225.018799999998,13316.533619999998,7281.880160000001,11039.62444,11339.01645,84844.92760000001,88091.0,87.0,68.0,47.0,60.0
Mississippi,28001,Adams County,5081,6743,11928,-1662.0,0.425972501676727,0.5653085177733065,-0.1393360160965794,998.3,815.2,1337.2,1288.6,610.3,365.4,691.9,6107.1,11979.6,9784.28995,16047.772700000001,15463.833300000002,7322.60348,4383.83058,8303.35844,73285.28880000001,51653.0,82.0,81.0,25.0,65.0
Mississippi,28003,Alcorn County,12657,2328,15112,10329.0,0.8375463208046585,0.1540497617787189,0.6834965590259396,1008.4,830.0,1435.5,1288.6,618.6,371.8,735.5,6288.7,12100.8,9959.53083,17227.1209,15463.833300000002,7422.34305,4463.68464,8826.280139999999,75463.5926,65648.0,82.0,64.0,58.0,30.0
Mississippi,28005,Amite County,4484,2246,6815,2238.0,0.6579603815113719,0.329567131327953,0.3283932501834188,948.6,810.5,1560.2,1288.6,591.8,392.2,744.9,6336.9,11383.2,9725.87637,18721.4352,15463.833300000002,7102.28713,4706.54516,8938.47666,76041.6547,47893.0,82.0,33.0,10.0,74.0
Mississippi,28007,Attala County,4723,2930,7703,1793.0,0.6131377385434247,0.3803712839153576,0.232766454628067,983.8,764.3,1484.1,1288.6,588.1,355.0,708.8,6172.4,11805.6,9170.9465,17806.9312,15463.833300000002,7057.69664,4258.21918,8504.86297,74068.0907,60222.0,82.0,76.0,46.0,45.0
Mississippi,28009,Benton County,2535,1318,3880,1217.0,0.6533505154639175,0.3396907216494845,0.313659793814433,1004.7,788.7,1534.9,1291.2,603.2,349.0,740.8,6312.5,12056.4,9463.01467,18418.3787,15493.75809,7240.34825,4188.56138,8889.91034,75750.372,52556.0,82.0,56.0,24.0,60.0
Mississippi,28011,Bolivar County,3943,6419,10435,-2476.0,0.3778629611883086,0.6151413512218495,-0.2372783900335409,946.2,861.6,1339.8,1288.6,608.2,398.6,699.9,6143.3,11354.4,10339.21989,16076.6959,15463.833300000002,7298.960620000001,4786.59832,8400.50147,73720.2098,47755.0,82.0,66.0,11.0,75.0
Mississippi,28013,Calhoun County,4443,1547,6034,2896.0,0.7363274776267815,0.2563805104408352,0.4799469671859462,997.4,803.3,1523.3,1288.6,605.7,330.4,737.3,6286.2,11968.8,9638.25564,18280.8921,15463.833300000002,7269.8356,3966.29216,8846.247200000002,75434.1564,62406.0,82.0,61.0,51.0,39.0
Mississippi,28015,Carroll County,3730,1431,5194,2299.0,0.7181363111282248,0.2755102040816326,0.4426261070465922,958.2,866.6,1632.6,1288.6,613.8,333.8,780.8,6474.4,11498.4,10397.6336,19590.654000000002,15463.833300000002,7367.06409,4006.4881,9368.38206,77692.4547,73268.0,82.0,29.0,70.0,15.0
Mississippi,28017,Chickasaw County,4079,3090,7234,989.0,0.5638650815593033,0.4271495714680675,0.1367155100912357,988.6,807.9,1513.7,1288.6,604.5,348.6,735.6,6287.6,11863.2,9696.66936,18164.3644,15463.833300000002,7253.95941,4184.33552,8825.62075,75451.98300000001,52123.0,82.0,57.0,22.0,64.0
Mississippi,28019,Choctaw County,2881,965,3890,1916.0,0.7406169665809769,0.2480719794344473,0.4925449871465295,957.4,888.5,1583.4,1288.6,621.1,352.6,777.8,6469.2,11488.8,10660.49495,18999.5541,15463.833300000002,7452.27552,4232.71416,9334.969710000001,77632.6414,59176.0,82.0,28.0,35.0,48.0
Mississippi,28021,Claiborne County,558,2950,3541,-2392.0,0.1575826037842417,0.8330979949166902,-0.6755153911324485,961.6,878.6,1464.5,1288.6,619.1,394.6,749.5,6356.8,11539.2,10543.667669999999,17574.3618,15463.833300000002,7429.92553,4736.2262,8993.614230000001,76280.8288,37489.0,82.0,36.0,1.0,82.0
Mississippi,28023,Clarke County,5093,2430,7571,2663.0,0.6726984546295073,0.3209615638621054,0.3517368907674019,980.4,856.8,1588.0,1288.6,618.2,351.2,771.8,6454.9,11764.8,10280.805960000002,19055.5347,15463.833300000002,7417.38876,4213.8868600000005,9261.37503,77457.6253,56147.0,82.0,30.0,32.0,53.0
Mississippi,28025,Clay County,4017,4960,9057,-943.0,0.4435243458098708,0.5476427072982224,-0.1041183614883515,1027.5,888.5,1415.9,1288.6,644.5,414.6,774.8,6454.6,12330.0,10660.49495,16990.0186,15463.833300000002,7735.302860000001,4976.2264,9297.20349,77453.08050000001,54203.0,82.0,39.0,26.0,58.0
Mississippi,28027,Coahoma County,2008,4711,6790,-2703.0,0.2957290132547864,0.6938144329896907,-0.3980854197349042,1018.8,839.6,1269.3,1288.6,625.3,389.0,698.2,6129.0,12225.6,10076.35831,15231.8348,15463.833300000002,7503.64019,4668.11328,8379.38667,73548.76680000001,43539.0,82.0,82.0,6.0,78.0
Mississippi,28029,Copiah County,6134,5426,11665,708.0,0.5258465495070724,0.4651521645949421,0.0606943849121303,786.0,810.5,1661.3,1312.6,537.0,874.4,875.7,6857.3,9430.3036,9725.87637,19935.9068,15751.60991,6445.22217,10493.08312,10507.35588,82289.3563,61027.0,82.0,19.0,31.0,44.0
Mississippi,28031,Covington County,5869,2921,8861,2948.0,0.6623405936124591,0.3296467667306173,0.3326938268818418,981.5,805.6,1548.3,1312.6,601.2,873.2,925.1,7047.7,11778.0,9667.46257,18579.057,15751.60991,7215.46655,10479.39946,11101.40047,84572.3962,61280.0,82.0,15.0,29.0,43.0
Mississippi,28033,DeSoto County,48064,29023,79082,19041.0,0.6077742090488354,0.3669988113603601,0.2407753976884752,1638.1,881.1,1589.9,1265.3,847.5,829.2,1239.1,8289.8,19657.205,10572.87434,19078.8717,15183.037090000002,10171.10865,9946.70162,14869.21318,99479.0115,94387.0,82.0,1.0,75.0,3.0
Mississippi,28035,Forrest County,16579,11475,28466,5104.0,0.5824141080587367,0.4031124850699079,0.1793016229888288,1138.9,834.8,1389.4,1315.1,664.2,849.8,948.2,7140.2,13665.99792,10017.94476,16673.1558,15781.535,7968.617560000001,10195.60938,11377.620149999999,85680.48120000001,67562.0,82.0,12.0,40.0,26.0
Mississippi,28037,Franklin County,2831,1213,4066,1618.0,0.6962616822429907,0.2983275946876537,0.3979340875553369,1004.7,813.0,1591.2,1288.6,611.5,333.2,764.1,6406.0,12056.4,9755.0828,19092.9306,15463.833300000002,7338.616469999999,3996.27228,9167.62638,76870.763,51511.0,82.0,49.0,19.0,66.0
Mississippi,28039,George County,9858,1138,11069,8720.0,0.8905953564007589,0.102809648568073,0.787785707832686,946.0,798.2,1633.1,1291.2,586.9,394.0,761.5,6410.7,11352.0,9579.84207,19594.021,15493.75809,7042.655470000001,4726.45868,9138.60125,76927.3359,67442.0,82.0,26.0,56.0,27.0
Mississippi,28041,Greene County,4776,835,5649,3941.0,0.8454593733404142,0.1478137723490883,0.6976456009913259,938.4,798.2,1618.6,1291.2,584.3,375.6,749.7,6356.1,11260.8,9579.84207,19424.3531,15493.75809,7011.97068,4505.0466799999995,8996.55387,76272.3248,71023.0,82.0,34.0,66.0,22.0
Mississippi,28043,Grenada County,5651,4060,9766,1591.0,0.5786401802170796,0.4157280360434159,0.1629121441736636,939.9,825.1,1438.6,1288.6,593.7,410.4,715.1,6211.7,11278.8,9901.11721,17263.7933,15463.833300000002,7126.122130000001,4925.52542,8581.40991,74540.60160000001,61654.0,82.0,52.0,47.0,42.0
Mississippi,28045,Hancock County,16684,4262,21175,12422.0,0.7879102715466352,0.2012750885478158,0.5866351829988193,1167.0,890.7,1449.8,1315.1,692.4,853.0,1008.9,7377.1,14006.47352,10689.70192,17396.6188,15781.535,8309.190200000001,10235.77954,12105.32544,88524.6228,85463.0,82.0,8.0,74.0,4.0
Mississippi,28047,Harrison County,48497,26555,75923,21942.0,0.6387655914545,0.3497622591309616,0.2890033323235383,1254.9,881.1,1329.4,1315.1,718.7,845.0,1000.5,7344.3,15058.00997,10572.87434,15953.107899999999,15781.535,8623.67925,10138.69332,12003.91648,88131.8166,71177.0,82.0,9.0,45.0,21.0
Mississippi,28049,Hinds County,22816,62840,86830,-40024.0,0.2627663250028791,0.723713002418519,-0.4609466774156398,1189.3,917.5,1394.9,1312.6,708.9,842.6,1001.4,7367.0,14269.902100000001,11010.97696,16739.519099999998,15751.60991,8505.91737,10110.44438,12016.0608,88404.4298,64496.0,82.0,6.0,30.0,34.0
Mississippi,28051,Holmes County,1243,5420,6730,-4177.0,0.1846953937592867,0.8053491827637445,-0.6206537890044577,991.2,834.8,1424.1,1312.6,614.3,888.4,906.8,6972.5,11894.4,10017.94476,17088.768799999998,15751.60991,7372.55204,10662.99564,10881.83778,83670.1081,41586.0,82.0,20.0,2.0,80.0
Mississippi,28053,Humphreys County,990,2443,3468,-1453.0,0.2854671280276816,0.7044405997693195,-0.4189734717416378,998.3,834.8,1431.8,1288.6,616.7,349.0,725.1,6244.6,11979.6,10017.94476,17182.0357,15463.833300000002,7401.218150000001,4188.63108,8702.71904,74935.9822,41370.0,82.0,68.0,3.0,81.0
Mississippi,28055,Issaquena County,296,287,622,9.0,0.4758842443729904,0.4614147909967845,0.0144694533762058,961.6,856.8,1371.1,1288.6,611.7,314.2,695.3,6099.3,11539.2,10280.805960000002,16453.2672,15463.833300000002,7341.484170000001,3771.80026,8342.79172,73193.1826,62546.0,82.0,78.0,53.0,37.0
Mississippi,28057,Itawamba County,9523,1027,10621,8496.0,0.8966199039638452,0.0966952264381885,0.7999246775256567,952.3,793.4,1526.6,1291.2,587.4,375.6,723.1,6249.3,11427.6,9521.4285,18319.5201,15493.75809,7048.438039999999,4507.16966,8676.51195,74994.4259,81711.0,82.0,54.0,81.0,9.0
Mississippi,28059,Jackson County,36376,15469,52410,20907.0,0.6940660179355085,0.2951535966418622,0.3989124212936462,1185.2,900.5,1512.6,1315.1,701.8,847.6,1038.5,7501.1,14222.4,10806.5291,18151.428,15781.535,8421.14724,10170.46804,12459.623029999999,90013.1313,84872.0,82.0,5.0,68.0,7.0
Mississippi,28061,Jasper County,4118,3722,7890,396.0,0.5219264892268695,0.4717363751584283,0.050190114068441,985.2,822.7,1589.9,1288.6,608.3,400.6,777.1,6472.7,11822.4,9871.91054,19079.5396,15463.833300000002,7299.19298,4807.50874,9326.49138,77670.8768,61765.0,82.0,31.0,44.0,41.0
Mississippi,28063,Jefferson County,541,2727,3299,-2186.0,0.1639890876023037,0.8266141254925735,-0.6626250378902698,971.8,815.2,1456.8,1288.6,601.3,355.2,716.6,6205.8,11661.6,9784.28995,17482.6715,15463.833300000002,7215.610430000001,4262.83378,8599.373810000001,74470.2134,45323.0,82.0,65.0,8.0,76.0
Mississippi,28065,Jefferson Davis County,2302,3041,5378,-739.0,0.428040163629602,0.5654518408330235,-0.1374116772034214,988.8,827.6,1542.3,1288.6,611.2,371.4,758.1,6387.4,11865.6,9930.32415,18505.9787,15463.833300000002,7333.38167,4454.62474,9096.81178,76650.5548,54233.0,82.0,43.0,27.0,57.0
Mississippi,28067,Jones County,20265,7272,27755,12993.0,0.7301387137452712,0.262006845613403,0.4681318681318682,968.5,822.7,1481.5,1291.2,602.5,410.2,739.5,6316.0,11622.0,9871.91054,17777.435699999998,15493.75809,7231.767,4921.4490000000005,8873.0038,75791.3246,67951.0,82.0,41.0,60.0,25.0
Mississippi,28069,Kemper County,1691,2381,4086,-690.0,0.4138521781693587,0.5827214880078316,-0.1688693098384728,994.8,776.4,1541.1,1288.6,595.9,314.2,727.4,6238.5,11937.6,9316.98055,18492.7545,15463.833300000002,7151.243059999999,3771.80026,8728.53946,74862.7515,48598.0,82.0,74.0,15.0,72.0
Mississippi,28071,Lafayette County,14050,8956,23409,5094.0,0.6001965056174975,0.3825878935452176,0.2176086120722798,1323.1,978.5,1524.4,1288.6,774.2,547.2,1018.2,7454.2,15877.2,11741.14791,18292.4293,15463.833300000002,9292.37438,6565.6994,12218.56871,89451.2527,85145.0,82.0,7.0,72.0,6.0
Mississippi,28073,Lamar County,20775,7038,28171,13737.0,0.7374605090341131,0.2498313868872244,0.4876291221468886,1258.9,910.3,1531.1,1315.1,729.7,831.2,1075.2,7651.2,15103.77464,10923.35663,18370.9087,15781.535,8756.999090000001,9975.832279999999,12901.96623,91814.3714,83402.0,82.0,4.0,62.0,8.0
Mississippi,28075,Lauderdale County,16487,10677,27407,5810.0,0.6015616448352611,0.3895720071514577,0.2119896376838034,1045.2,856.8,1374.3,1288.6,639.9,423.8,757.2,6386.4,12542.4,10280.805960000002,16494.026,15463.833300000002,7679.0172999999995,5087.8844,9087.18534,76635.1541,66425.0,82.0,44.0,57.0,29.0
Mississippi,28077,Lawrence County,4113,1899,6053,2214.0,0.6794977697009748,0.3137287295555923,0.3657690401453825,996.9,813.0,1540.0,1288.6,608.8,430.2,770.9,6448.7,11962.8,9755.0828,18481.286,15463.833300000002,7307.12424,5162.675,9252.21247,77385.0137,55778.0,82.0,25.0,28.0,54.0
Mississippi,28079,Leake County,5143,3182,8380,1961.0,0.6137231503579952,0.3797136038186157,0.2340095465393794,969.5,764.3,1525.7,1288.6,583.5,362.0,713.7,6207.1,11634.0,9170.9465,18308.2141,15463.833300000002,6999.96064,4342.51832,8563.63098,74483.1035,59343.0,82.0,55.0,41.0,46.0
Mississippi,28081,Lee County,24339,10616,35338,13723.0,0.6887486558379082,0.3004131529797951,0.3883355028581131,1116.8,851.9,1474.6,1291.2,662.4,439.8,822.4,6658.6,13401.6,10222.392530000001,17694.493,15493.75809,7948.44718,5274.65194,9867.398949999999,79902.742,85462.0,82.0,21.0,80.0,5.0
Mississippi,28083,Leflore County,2854,6476,9421,-3622.0,0.3029402398896083,0.6874004882708842,-0.3844602483812758,945.8,866.6,1267.1,1288.6,609.7,384.0,675.5,6037.6,11349.6,10397.6336,15207.2978,15463.833300000002,7316.99937,4608.4521,8106.865849999999,72450.6831,42887.0,82.0,80.0,4.0,79.0
Mississippi,28085,Lincoln County,11432,4262,15802,7170.0,0.7234527275028477,0.2697126945956208,0.4537400329072269,1000.9,813.0,1495.1,1288.6,610.2,385.4,745.5,6338.4,12010.8,9755.0828,17940.5026,15463.833300000002,7323.2742100000005,4622.99366,8944.38538,76060.8723,70155.0,82.0,46.0,65.0,23.0
Mississippi,28087,Lowndes County,13087,11096,24426,1991.0,0.5357815442561206,0.4542700401211823,0.0815115041349382,1010.2,876.1,1425.6,1288.6,634.6,472.0,784.5,6491.8,12122.4,10514.46091,17106.9266,15463.833300000002,7616.32035,5665.26026,9413.13548,77902.3376,73726.0,82.0,32.0,73.0,13.0
Mississippi,28089,Madison County,32333,22700,55710,9633.0,0.5803805420929815,0.4074672410698259,0.1729133010231556,1264.3,912.7,1540.3,1312.6,732.4,826.0,1073.8,7661.9,15168.684799999999,10952.563259999999,18483.966399999998,15751.60991,8788.66507,9912.28284,12886.04682,91943.8175,102157.0,82.0,3.0,82.0,1.0
Mississippi,28091,Marion County,7874,3215,11188,4659.0,0.70378977475867,0.2873614587057562,0.4164283160529138,937.2,827.6,1505.1,1288.6,593.8,377.4,724.9,6254.3,11246.4,9930.32415,18061.0979,15463.833300000002,7125.047710000001,4527.14298,8698.63421,75052.4813,52132.0,82.0,48.0,20.0,63.0
Mississippi,28093,Marshall County,7977,6888,14983,1089.0,0.5324033905092438,0.4597210171527731,0.0726823733564706,1093.7,822.7,1487.7,1265.3,644.7,874.2,942.5,7130.5,13124.4,9871.91054,17851.396,15183.037090000002,7737.2594899999995,10489.09442,11310.44777,85567.5461,63882.0,82.0,13.0,33.0,36.0
Mississippi,28095,Monroe County,10861,5090,16069,5771.0,0.6758976912066712,0.3167589769120667,0.3591387142946045,955.9,807.9,1471.8,1288.6,593.5,360.8,708.7,6187.8,11470.8,9696.66936,17662.4159,15463.833300000002,7121.93398,4330.9767,8505.07085,74251.7003,67209.0,82.0,67.0,63.0,28.0
Mississippi,28097,Montgomery County,2658,1737,4424,921.0,0.6008137432188065,0.392631103074141,0.2081826401446654,1004.1,825.1,1472.6,1288.6,615.4,351.2,737.0,6293.9,12049.2,9901.11721,17670.3223,15463.833300000002,7385.32826,4214.66448,8844.700359999999,75529.16589999999,52307.0,82.0,58.0,23.0,62.0
Mississippi,28099,Neshoba County,8154,2622,10861,5532.0,0.7507595985636681,0.2414142344167203,0.5093453641469478,962.3,776.4,1507.4,1288.6,585.1,362.4,709.2,6191.4,11547.6,9316.98055,18089.461300000003,15463.833300000002,7020.024899999999,4348.91688,8510.46414,74297.2818,59215.0,82.0,70.0,43.0,47.0
Mississippi,28101,Newton County,6641,2603,9323,4038.0,0.7123243591118739,0.2792019736136437,0.4331223854982302,957.5,800.7,1516.0,1288.6,591.5,371.8,723.8,6250.3,11490.0,9609.048859999999,18190.7907,15463.833300000002,7098.91332,4464.053239999999,8685.67574,75002.3162,65074.0,82.0,51.0,54.0,33.0
Mississippi,28103,Noxubee County,1151,3269,4449,-2118.0,0.2587098224320072,0.7347718588446842,-0.476062036412677,959.1,888.5,1486.7,1288.6,621.6,359.8,747.9,6352.2,11509.2,10660.49495,17842.219399999998,15463.833300000002,7459.1393100000005,4318.82712,8974.53958,76228.25450000001,45205.0,82.0,38.0,5.0,77.0
Mississippi,28105,Oktibbeha County,8901,8851,18051,50.0,0.4931028751869702,0.4903329455431832,0.002769929643787,1101.7,888.5,1372.2,1288.6,669.6,504.4,821.5,6646.1,13220.4,10660.49495,16465.9389,15463.833300000002,8034.88385,6051.7122,9856.14157,79753.40530000001,75670.0,82.0,23.0,71.0,12.0
Mississippi,28107,Panola County,8202,6061,14422,2141.0,0.568714464013313,0.4202607127998891,0.1484537512134239,982.4,851.9,1465.5,1288.6,617.2,380.8,744.5,6330.6,11788.8,10222.392530000001,17585.274400000002,15463.833300000002,7405.810210000001,4569.272599999999,8934.01238,75969.3951,62542.0,82.0,47.0,48.0,38.0
Mississippi,28109,Pearl River County,20438,3982,24671,16456.0,0.8284220339670058,0.1614040776620323,0.6670179563049734,1153.5,842.1,1537.7,1291.2,671.5,440.6,858.3,6794.9,13842.0,10105.56494,18452.8544,15493.75809,8057.3152900000005,5289.1037,10298.83684,81539.43460000001,72490.0,82.0,22.0,64.0,17.0
Mississippi,28111,Perry County,4425,1078,5539,3347.0,0.798880664379852,0.1946199675031594,0.6042606968766926,771.1,834.8,1673.8,1315.1,540.4,877.6,889.5,6902.6,9253.01927,10017.94476,20087.6187,15781.535,6483.84237,10531.0272,10674.34324,82829.3279,52454.0,82.0,16.0,9.0,61.0
Mississippi,28113,Pike County,7943,7402,15485,541.0,0.5129480142072974,0.4780109783661608,0.0349370358411366,1075.7,810.5,1402.6,1288.6,634.7,399.2,749.0,6360.2,12908.4,9725.87637,16831.3168,15463.833300000002,7615.45084,4790.12656,8986.90654,76321.9095,49545.0,82.0,37.0,14.0,68.0
Mississippi,28115,Pontotoc County,11740,2214,14068,9526.0,0.8345180551606483,0.1573784475405175,0.6771396076201308,976.0,803.3,1538.2,1291.2,598.6,391.6,746.2,6344.8,11712.0,9638.25564,18457.644399999997,15493.75809,7183.433650000001,4697.1166,8953.28612,76135.4948,71232.0,82.0,45.0,67.0,20.0
Mississippi,28117,Prentiss County,8581,1727,10381,6854.0,0.826606299971101,0.1663616221943936,0.6602446777767075,971.3,771.5,1481.5,1288.6,586.3,378.2,709.9,6187.3,11655.6,9258.56683,17777.591,15463.833300000002,7036.70859,4539.06322,8517.48045,74248.8441,65485.0,82.0,75.0,59.0,31.0
Mississippi,28119,Quitman County,902,1725,2677,-823.0,0.3369443406798655,0.6443780351139335,-0.307433694434068,979.4,839.6,1403.9,1288.6,612.0,352.6,713.3,6189.6,11752.8,10076.35831,16846.595999999998,15463.833300000002,7344.563499999999,4233.99994,8557.688400000001,74275.8393,48095.0,82.0,73.0,13.0,73.0
Mississippi,28121,Rankin County,50896,18060,69678,32836.0,0.7304457648038118,0.2591922845087402,0.4712534802950716,1394.3,885.9,1572.9,1312.6,767.2,827.8,1132.0,7892.6,16731.183100000002,10631.288219999999,18875.5991,15751.60991,9206.28306,9932.13664,13583.934280000001,94712.03319999999,95693.0,82.0,2.0,79.0,2.0
Mississippi,28123,Scott County,6098,3729,9891,2369.0,0.6165200687493682,0.3770094024871095,0.2395106662622586,959.2,769.2,1531.7,1288.6,581.7,377.6,716.7,6224.3,11510.4,9229.36033,18378.2395,15463.833300000002,6978.028229999999,4531.33908,8600.51361,74691.7148,57013.0,82.0,59.0,36.0,52.0
Mississippi,28125,Sharkey County,551,1201,1766,-650.0,0.312004530011325,0.6800679501698754,-0.3680634201585503,994.8,834.8,1407.0,1288.6,615.5,371.6,722.5,6235.1,11937.6,10017.94476,16884.4258,15463.833300000002,7387.087089999999,4458.28252,8670.2125,74819.3866,55313.0,82.0,69.0,34.0,55.0
Mississippi,28127,Simpson County,7552,3479,11094,4073.0,0.6807283216152875,0.3135929331170002,0.3671353884982873,996.9,805.6,1516.1,1312.6,606.5,873.6,921.9,7033.2,11962.8,9667.46257,18194.804200000002,15751.60991,7277.64364,10482.92466,11062.61133,84399.8565,65097.0,82.0,17.0,37.0,32.0
Mississippi,28129,Smith County,6146,1486,7676,4660.0,0.8006774361646691,0.1935904116727462,0.6070870244919229,955.9,805.6,1591.9,1288.6,592.6,369.8,746.7,6350.7,11470.8,9667.46257,19102.0698,15463.833300000002,7112.10702,4434.382240000001,8959.21573,76209.8708,68577.0,82.0,40.0,61.0,24.0
Mississippi,28131,Stone County,6214,1620,7919,4594.0,0.7846950372521783,0.2045712842530622,0.580123752999116,975.2,881.1,1605.8,1315.1,624.6,870.2,973.8,7245.7,11702.4,10572.87434,19269.3776,15781.535,7494.66229,10442.755000000001,11684.567,86948.1698,75761.0,82.0,10.0,55.0,11.0
Mississippi,28133,Sunflower County,2515,5312,7876,-2797.0,0.3193245302183849,0.6744540375825292,-0.3551295073641442,955.1,856.8,1367.4,1288.6,609.5,376.2,704.4,6158.0,11461.2,10280.805960000002,16409.052600000003,15463.833300000002,7315.240610000001,4514.96362,8452.14598,73897.24279999999,48755.0,82.0,72.0,16.0,71.0
Mississippi,28135,Tallahatchie County,2333,2630,5012,-297.0,0.4654828411811652,0.5247406225059856,-0.0592577813248204,999.1,825.1,1479.1,1288.6,613.7,314.2,729.5,6249.5,11989.2,9901.11721,17748.6283,15463.833300000002,7365.14089,3771.80026,8754.83745,74994.5578,49346.0,82.0,71.0,18.0,69.0
Mississippi,28137,Tate County,9185,3555,12861,5630.0,0.7141746364979396,0.2764170748775367,0.4377575616204028,1090.6,798.2,1559.8,1265.3,635.5,867.0,954.9,7171.4,13087.2,9579.84207,18718.9375,15183.037090000002,7626.474980000001,10401.28474,11458.75569,86055.5329,71642.0,82.0,14.0,49.0,19.0
Mississippi,28139,Tippah County,7984,1547,9591,6437.0,0.8324470858096131,0.1612970493170681,0.671150036492545,990.0,788.7,1510.4,1291.2,598.4,356.0,728.9,6264.0,11880.0,9463.01467,18125.5498,15493.75809,7180.99742,4275.38198,8747.921709999999,75166.624,59066.0,82.0,63.0,42.0,49.0
Mississippi,28141,Tishomingo County,8064,921,9050,7143.0,0.891049723756906,0.1017679558011049,0.7892817679558011,1004.7,771.5,1501.8,1288.6,597.5,326.6,717.7,6208.7,12056.4,9258.56683,18021.8955,15463.833300000002,7171.560490000001,3921.5710599999998,8613.565330000001,74507.3922,71769.0,82.0,77.0,77.0,18.0
Mississippi,28143,Tunica County,799,1837,2668,-1038.0,0.2994752623688156,0.6885307346326837,-0.389055472263868,1248.1,798.2,1391.3,1265.3,688.6,861.8,963.1,7216.2,14977.2,9579.84207,16694.081299999998,15183.037090000002,8262.37774,10338.61742,11557.77677,86592.9332,53154.0,82.0,11.0,7.0,59.0
Mississippi,28145,Union County,10559,1807,12478,8752.0,0.8462093284180157,0.1448148741785542,0.7013944542394615,981.1,798.2,1534.0,1291.2,598.7,396.0,745.4,6344.8,11773.2,9579.84207,18408.3923,15493.75809,7184.370910000001,4755.143099999999,8944.19802,76138.9062,72980.0,82.0,50.0,76.0,16.0
Mississippi,28147,Walthall County,4114,2355,6529,1759.0,0.6301118088528105,0.3606984224230357,0.2694133864297748,958.3,827.6,1564.5,1288.6,601.0,362.0,746.9,6348.9,11499.6,9930.32415,18774.7353,15463.833300000002,7210.23833,4343.36544,8964.10147,76186.1983,64304.0,82.0,35.0,52.0,35.0
Mississippi,28149,Warren County,9407,8683,18298,724.0,0.5140999016285933,0.4745327358181222,0.039567165810471,1033.9,878.6,1437.5,1288.6,643.5,456.4,793.0,6532.0,12406.8,10543.667669999999,17250.5226,15463.833300000002,7721.8353799999995,5478.82152,9516.638289999999,78382.1176,77377.0,82.0,24.0,78.0,10.0
Mississippi,28151,Washington County,4649,9735,14540,-5086.0,0.3197386519944979,0.6695323246217332,-0.3497936726272352,1004.9,856.8,1280.4,1288.6,626.3,394.0,704.5,6155.4,12058.8,10280.805960000002,15364.4711,15463.833300000002,7516.307000000001,4724.903960000001,8455.44526,73864.56850000001,50574.0,82.0,79.0,21.0,67.0
Mississippi,28153,Wayne County,6013,3028,9119,2985.0,0.659392477245312,0.3320539532843513,0.3273385239609607,946.0,822.7,1583.5,1288.6,595.1,342.0,741.6,6319.2,11352.0,9871.91054,19000.334,15463.833300000002,7140.92388,4102.84698,8897.238589999999,75829.08670000001,58507.0,82.0,42.0,38.0,50.0
Mississippi,28155,Webster County,4195,872,5095,3323.0,0.8233562315996075,0.1711481844946025,0.6522080471050049,946.0,888.5,1586.0,1288.6,617.2,355.8,773.7,6455.8,11352.0,10660.49495,19033.6954,15463.833300000002,7406.24823,4270.95668,9282.65551,77469.8861,73271.0,82.0,27.0,69.0,14.0
Mississippi,28157,Wilkinson County,1075,1817,2931,-742.0,0.3667690208120095,0.6199249402934153,-0.2531559194814057,961.6,815.2,1494.5,1288.6,597.8,332.8,717.1,6207.8,11539.2,9784.28995,17935.591500000002,15463.833300000002,7174.42822,3992.70412,8603.85977,74493.9066,49091.0,82.0,60.0,17.0,70.0
Mississippi,28159,Winston County,4922,3392,8384,1530.0,0.5870706106870229,0.4045801526717557,0.1824904580152672,998.3,776.4,1511.4,1288.6,597.1,406.8,740.5,6319.0,11979.6,9316.98055,18135.336799999997,15463.833300000002,7165.37422,4882.98706,8885.09684,75829.2086,57757.0,82.0,53.0,39.0,51.0
Mississippi,28161,Yalobusha County,3518,2289,5878,1229.0,0.5985028921401837,0.3894181694453896,0.2090847226947941,1012.1,825.1,1493.4,1288.6,618.2,327.8,742.9,6308.2,12145.2,9901.11721,17921.5111,15463.833300000002,7417.62801,3933.45144,8916.15159,75698.8937,61944.0,82.0,62.0,50.0,40.0
Mississippi,28163,Yazoo County,4558,4342,8971,216.0,0.5080815962545981,0.484004012930554,0.0240775833240441,967.7,834.8,1414.2,1312.6,606.4,880.2,887.8,6904.1,11612.4,10017.94476,16969.0837,15751.60991,7277.671249999999,10565.0277,10653.703290000001,82847.44,54480.0,82.0,18.0,12.0,56.0
Missouri,29001,Adair County,6771,3334,10234,3437.0,0.6616181356263435,0.3257768223568497,0.3358413132694938,885.9,832.3,1395.1,1609.3,578.2,636.2,877.5,6814.6,10630.8,9988.73777,16739.9684,19309.7634,6937.57882,7636.41532,10531.77324,81775.0377,78619.0,115.0,60.0,85.0,35.0
Missouri,29003,Andrew County,7407,2312,9846,5095.0,0.7522851919561243,0.2348161690026406,0.5174690229534836,1079.8,847.0,1626.4,1500.9,648.4,860.2,1088.4,7651.7,12962.17745,10163.978650000001,19517.7714,18010.57028,7780.946919999999,10323.16526,13060.31441,91818.9252,91780.0,115.0,8.0,97.0,14.0
Missouri,29005,Atchison County,2152,529,2713,1623.0,0.7932178400294877,0.19498709915223,0.5982307408772577,825.2,859.2,1588.2,1498.5,566.7,654.0,889.9,6881.8,9902.4,10310.01301,19056.5638,17982.7496,6800.598970000001,7850.73098,10677.45058,82580.50690000001,68640.0,115.0,44.0,26.0,81.0
Missouri,29007,Audrain County,7699,2688,10519,5011.0,0.7319136800076053,0.2555375986310486,0.4763760813765567,853.2,810.5,1503.7,1590.2,559.8,611.0,869.6,6797.9,10238.4,9725.87637,18042.4911,19083.1998,6717.111620000001,7334.42442,10434.82507,81576.32800000001,70874.0,115.0,64.0,40.0,73.0
Missouri,29009,Barry County,13138,2873,16160,10265.0,0.8129950495049505,0.1777846534653465,0.6352103960396039,889.0,786.3,1535.3,1239.7,563.5,542.0,749.1,6304.7,10668.0,9433.80801,18423.3198,14875.59435,6763.385189999999,6504.314420000001,8987.60751,75656.0287,68778.0,115.0,113.0,74.0,80.0
Missouri,29011,Barton County,5159,820,6014,4339.0,0.8578317259727303,0.1363485201197206,0.7214832058530096,875.6,834.8,1533.1,1269.3,575.5,634.8,802.3,6525.7,10507.2,10017.94476,18397.6133,15231.62281,6905.81963,7619.4756800000005,9627.10753,78306.7825,66750.0,115.0,102.0,36.0,89.0
Missouri,29013,Bates County,6702,1563,8340,5139.0,0.8035971223021583,0.187410071942446,0.6161870503597122,915.6,885.9,1528.4,1519.7,606.2,734.0,962.5,7152.3,10987.2,10631.288219999999,18341.4241,18237.133980000002,7273.68211,8808.06832,11549.41942,85828.2162,76324.0,115.0,31.0,56.0,44.0
Missouri,29015,Benton County,8526,2166,10769,6360.0,0.7917169653635435,0.2011328814188875,0.590584083944656,879.0,805.6,1527.5,1517.3,566.8,615.0,865.2,6776.7,10548.0,9667.46257,18330.5487,18209.3129,6801.62508,7379.25612,10384.47995,81320.68419999999,67010.0,115.0,73.0,29.0,87.0
Missouri,29017,Bollinger County,5365,756,6161,4609.0,0.8708001947735757,0.1227073527024833,0.7480928420710924,823.1,839.6,1688.4,1595.3,559.6,675.6,960.6,7142.4,9880.77261,10076.35831,20261.4169,19143.38768,6714.7078200000005,8105.93094,11526.72485,85709.2992,75639.0,115.0,28.0,48.0,48.0
Missouri,29019,Boone County,39673,48452,89978,-8779.0,0.4409188912845362,0.5384871857565182,-0.097568294471982,1124.7,942.1,1412.2,1438.9,695.3,755.2,1019.0,7387.1,13496.4,11303.045329999999,16946.241,17266.14838,8343.93585,9061.4087,12227.80565,88644.9851,100150.0,115.0,15.0,111.0,6.0
Missouri,29021,Buchanan County,22606,12598,35737,10008.0,0.6325656882222906,0.352519797408848,0.2800458908134426,1017.6,844.6,1353.1,1500.9,626.4,583.0,866.5,6791.5,12206.96611,10134.77191,16237.8511,18010.57028,7517.0241000000005,6994.147779999999,10396.84751,81498.1786,72210.0,115.0,63.0,53.0,61.0
Missouri,29023,Butler County,14549,3160,17859,11389.0,0.8146592754353548,0.1769415980738003,0.6377176773615545,876.1,756.9,1411.8,1592.9,549.6,661.8,845.8,6694.9,10513.2,9083.326,16943.167,19115.5664,6593.37953,7940.537760000001,10148.94893,80338.1237,63988.0,115.0,84.0,18.0,96.0
Missouri,29025,Caldwell County,3771,888,4703,2883.0,0.8018286200297682,0.188815649585371,0.6130129704443972,716.6,907.8,1708.6,1500.9,546.5,852.4,975.9,7208.9,8598.81473,10894.14988,20504.1889,18010.57028,6558.5357300000005,10230.22492,11711.073120000001,86507.55679999999,74936.0,115.0,23.0,37.0,50.0
Missouri,29027,Callaway County,15206,5926,21447,9280.0,0.709003590245722,0.2763090408915,0.432694549354222,970.1,783.8,1565.4,1438.9,590.2,871.8,969.5,7189.7,11641.2,9404.600900000001,18785.9046,17266.14838,7080.9978,10463.33694,11633.86618,86276.0541,86663.0,115.0,18.0,94.0,20.0
Missouri,29029,Camden County,19597,5724,25548,13873.0,0.7670659151401283,0.2240488492249882,0.5430170659151401,939.5,878.6,1553.2,1436.5,611.8,639.0,914.5,6973.0,11274.0,10543.667669999999,18638.514199999998,17238.3269,7340.697289999999,7667.47972,10972.72043,83675.4058,80006.0,115.0,48.0,88.0,31.0
Missouri,29031,Cape Girardeau County,29315,10561,40336,18754.0,0.7267701309004363,0.2618256644188814,0.4649444664815549,1071.5,839.6,1450.4,1595.3,642.9,912.2,1076.2,7588.6,12858.14027,10076.35831,17407.0407,19143.38768,7716.462390000001,10947.93932,12914.810950000001,91064.1409,88478.0,115.0,9.0,91.0,19.0
Missouri,29033,Carroll County,3708,789,4528,2919.0,0.818904593639576,0.1742491166077738,0.6446554770318021,888.0,798.2,1572.2,1498.5,567.3,677.8,897.9,6900.2,10656.0,9579.84207,18866.6743,17982.7496,6808.481750000001,8133.9810800000005,10774.52206,82802.2507,76375.0,115.0,51.0,71.0,42.0
Missouri,29035,Carter County,2488,364,2862,2124.0,0.8693221523410203,0.127183787561146,0.7421383647798743,848.0,759.3,1610.7,1466.2,540.8,669.2,857.6,6751.7,10176.0,9112.53284,19327.859399999998,17594.355199999998,6489.753360000001,8027.526919999999,10292.606020000001,81020.6344,59479.0,115.0,75.0,9.0,105.0
Missouri,29037,Cass County,38792,19753,59327,19039.0,0.6538675476595817,0.3329512700793905,0.3209162775801911,1308.6,890.7,1624.1,1331.0,739.9,541.0,1035.5,7470.9,15705.1598,10689.70192,19488.3405,15971.5,8880.72428,6492.65156,12425.19939,89653.2789,103801.0,115.0,22.0,113.0,4.0
Missouri,29039,Cedar County,6064,1060,7187,5004.0,0.8437456518714346,0.1474885209405871,0.6962571309308474,867.6,817.8,1511.0,1239.7,566.9,552.2,748.4,6303.8,10411.2,9813.49677,18132.2713,14875.59435,6804.731999999999,6625.93118,8979.97895,75643.2046,67000.0,115.0,112.0,58.0,88.0
Missouri,29041,Chariton County,3179,875,4088,2304.0,0.7776418786692759,0.2140410958904109,0.5636007827788649,861.3,788.7,1596.2,1590.2,555.0,602.2,891.8,6885.3,10335.6,9463.01467,19153.9554,19083.1998,6661.37391,7224.2604599999995,10702.67081,82624.07609999999,75912.0,115.0,58.0,73.0,46.0
Missouri,29043,Christian County,38379,11850,50770,26529.0,0.7559385463856608,0.233405554461296,0.5225329919243648,1069.6,854.3,1524.8,1242.0,647.2,802.8,947.3,7088.2,12835.50899,10251.599189999999,18296.7376,14903.415899999998,7767.80924,9635.32458,11368.4093,85058.8081,94709.0,115.0,39.0,108.0,11.0
Missouri,29045,Clark County,2679,628,3333,2051.0,0.8037803780378038,0.1884188418841884,0.6153615361536153,850.4,873.7,1578.2,1784.4,580.0,646.4,997.3,7311.0,10204.8,10485.25404,18939.2039,21413.5664,6961.30439,7759.291500000001,11966.40068,87729.8215,71166.0,115.0,17.0,21.0,72.0
Missouri,29047,Clay County,67688,60345,130063,7343.0,0.5204247172524085,0.4639674619222992,0.0564572553301092,1392.1,927.4,1517.8,1331.0,780.4,1298.8,1339.0,8586.5,16704.7034,11127.8045,18212.6155,15971.5,9364.42987,15588.589600000001,16067.424300000002,103037.06659999999,103627.0,115.0,4.0,99.0,5.0
Missouri,29049,Clinton County,8235,2855,11228,5380.0,0.7334342714641966,0.254275026718917,0.4791592447452796,1123.7,895.7,1669.9,1500.9,679.6,1037.0,1210.5,8117.8,13486.99436,10748.11575,20038.8128,18010.57028,8154.061680000001,12445.56104,14528.19554,97412.31000000001,93107.0,115.0,5.0,87.0,13.0
Missouri,29051,Cole County,26686,12874,40128,13812.0,0.6650219298245614,0.32082336523126,0.3441985645933014,940.4,856.8,1503.1,1438.9,604.7,592.2,873.4,6809.0,11282.333369999998,10280.805960000002,18038.5665,17266.14838,7255.0598899999995,7105.9686,10480.90753,81709.7897,98183.0,115.0,78.0,115.0,7.0
Missouri,29053,Cooper County,6393,2347,8833,4046.0,0.7237631608739953,0.2657081399298087,0.4580550209441866,862.7,944.4,1565.0,1438.9,608.0,694.4,936.2,7049.6,10352.4,11332.25229,18780.0012,17266.14838,7295.943499999999,8333.837239999999,11234.20682,84594.7879,85395.0,115.0,33.0,98.0,23.0
Missouri,29055,Crawford County,8742,2007,10829,6735.0,0.8072767568565888,0.1853356727306307,0.6219410841259582,875.9,822.7,1511.9,1466.2,571.6,619.2,852.1,6719.5,10510.8,9871.91054,18143.0614,17594.355199999998,6857.896650000001,7429.33576,10226.047289999999,80633.4063,71757.0,115.0,85.0,60.0,65.0
Missouri,29057,Dade County,3480,671,4185,2809.0,0.8315412186379928,0.1603345280764635,0.6712066905615293,891.2,791.0,1563.5,1239.7,566.0,686.6,808.8,6546.5,10694.4,9492.221679999999,18760.8695,14875.59435,6791.9213199999995,8237.41842,9705.12313,78557.5497,67524.0,115.0,103.0,42.0,84.0
Missouri,29059,Dallas County,6907,1458,8440,5449.0,0.8183649289099526,0.1727488151658767,0.6456161137440758,882.6,817.8,1562.6,1242.0,572.0,688.6,820.6,6586.3,10591.2,9813.49677,18751.3311,14903.415899999998,6865.29418,8263.31982,9847.27176,79035.32800000001,64811.0,115.0,95.0,30.0,95.0
Missouri,29061,Daviess County,3185,701,3925,2484.0,0.8114649681528663,0.1785987261146497,0.6328662420382166,872.0,903.1,1621.3,1498.5,597.4,676.4,952.1,7120.5,10464.0,10835.73602,19454.7595,17982.7496,7166.43576,8115.813,11424.82451,85444.31820000001,72500.0,115.0,36.0,34.0,60.0
Missouri,29063,DeKalb County,3885,870,4814,3015.0,0.8070211882010802,0.180722891566265,0.6262982966348151,910.7,903.1,1525.4,1500.9,610.4,293.8,816.0,6560.0,10929.97185,10835.73602,18305.3883,18010.57028,7323.2150599999995,3525.8798599999996,9791.571460000001,78722.3319,90096.0,115.0,92.0,112.0,16.0
Missouri,29065,Dent County,6013,1025,7103,4988.0,0.8465437139236942,0.1443052231451499,0.7022384907785443,842.8,810.5,1511.6,1466.2,556.4,662.0,843.4,6692.6,10113.6,9725.87637,18140.225899999998,17594.355199999998,6675.121929999999,7945.18712,10118.11734,80312.48449999999,63131.0,115.0,81.0,14.0,100.0
Missouri,29067,Douglas County,6242,996,7289,5246.0,0.856358896968034,0.1366442584716696,0.7197146384963644,825.2,805.6,1604.8,1239.7,548.8,663.8,788.3,6476.0,9902.4,9667.46257,19257.2516,14875.59435,6584.40864,7965.229999999999,9459.40512,77711.75279999999,63605.0,115.0,100.0,25.0,97.0
Missouri,29069,Dunklin County,8096,1885,10051,6211.0,0.8054919908466819,0.1875435280071634,0.6179484628395184,853.2,744.7,1388.8,1592.9,537.6,582.4,794.0,6494.1,10238.4,8937.29177,16665.8837,19115.5664,6451.78723,6991.36462,9529.29832,77929.5926,63325.0,115.0,98.0,20.0,99.0
Missouri,29071,Franklin County,40126,14694,55454,25432.0,0.7235907238431853,0.2649763768168211,0.4586143470263642,1054.1,861.6,1620.8,1161.0,644.7,875.6,970.3,7188.2,12649.66122,10339.21989,19450.260700000003,13932.42978,7734.75978,10509.80128,11642.79228,86258.925,89085.0,115.0,29.0,104.0,17.0
Missouri,29073,Gasconade County,6370,1555,7996,4815.0,0.7966483241620811,0.194472236118059,0.6021760880440221,825.2,854.3,1604.1,1590.2,565.0,704.8,940.5,7084.5,9902.4,10251.599189999999,19249.456,19083.1998,6780.945450000001,8458.72328,11287.359359999999,85013.68299999999,75554.0,115.0,25.0,45.0,49.0
Missouri,29075,Gentry County,2651,616,3292,2035.0,0.8052855407047388,0.1871202916160388,0.6181652490887,877.4,851.9,1581.2,1498.5,581.8,583.4,886.7,6861.2,10528.8,10222.392530000001,18975.3184,17982.7496,6981.87493,7001.9956600000005,10640.84378,82333.9743,74779.0,115.0,65.0,70.0,51.0
Missouri,29077,Greene County,85956,55971,143935,29985.0,0.5971862298954389,0.3888630284503421,0.2083232014450967,1026.7,876.1,1284.1,1242.0,640.4,986.8,921.7,6978.0,12324.18661,10514.46091,15408.8786,14903.415899999998,7684.212799999999,11841.16614,11060.47119,83736.79199999999,77501.0,115.0,43.0,72.0,40.0
Missouri,29079,Grundy County,3582,784,4400,2798.0,0.8140909090909091,0.1781818181818182,0.6359090909090909,865.9,900.5,1501.0,1498.5,594.3,551.8,865.9,6778.1,10390.8,10806.5291,18010.5421,17982.7496,7131.980409999999,6622.94182,10390.642600000001,81336.18419999999,71250.0,115.0,77.0,49.0,70.5
Missouri,29081,Harrison County,3293,534,3845,2759.0,0.8564369310793238,0.1388816644993498,0.717555266579974,825.8,849.4,1551.7,1498.5,563.7,629.4,864.6,6782.9,9909.6,10193.185529999999,18619.9353,17982.7496,6763.7140899999995,7551.5622,10374.675019999999,81395.4234,66577.0,115.0,62.0,22.0,90.0
Missouri,29083,Henry County,8286,2535,10932,5751.0,0.7579582875960483,0.2318880351262349,0.5260702524698134,862.6,803.3,1446.6,1425.7,560.6,622.4,801.6,6522.9,10351.2,9638.25564,17360.143799999998,17108.8621,6725.58344,7471.4465199999995,9620.04669,78275.5393,67141.0,115.0,99.0,35.0,85.0
Missouri,29085,Hickory County,4108,978,5120,3130.0,0.80234375,0.191015625,0.611328125,876.9,815.2,1550.8,1239.7,569.5,538.2,760.7,6350.9,10522.8,9784.28995,18609.855199999998,14875.59435,6832.4537,6458.01768,9127.90898,76210.92,51528.0,115.0,109.0,4.0,114.0
Missouri,29087,Holt County,1982,357,2352,1625.0,0.842687074829932,0.1517857142857142,0.6909013605442177,830.4,861.6,1582.7,1498.5,569.3,666.0,895.8,6904.4,9964.8,10339.21989,18992.1226,17982.7496,6831.42065,7992.6858600000005,10749.56742,82852.5647,72757.0,115.0,47.0,43.0,58.0
Missouri,29089,Howard County,3534,1341,4955,2193.0,0.7132189707366297,0.2706357214934409,0.4425832492431887,885.6,807.9,1591.9,1438.9,569.7,731.4,904.0,6929.8,10627.2,9696.66936,19104.6803,17266.14838,6838.0991699999995,8775.71552,10848.7685,83157.28229999999,78773.0,115.0,38.0,77.0,34.0
Missouri,29091,Howell County,15733,3073,18963,12660.0,0.8296683014290988,0.1620524178663713,0.6676158835627274,888.0,786.3,1483.9,1288.2,563.4,676.4,791.6,6477.3,10656.0,9433.80801,17805.8529,15458.18604,6759.34771,8114.44558,9498.890300000001,77726.53020000001,59294.0,115.0,105.0,12.0,106.0
Missouri,29093,Iron County,3644,824,4517,2820.0,0.8067301306176666,0.1824219614788576,0.624308169138809,863.1,815.2,1520.8,1466.2,564.6,551.8,820.0,6602.3,10357.2,9784.28995,18250.6028,17594.355199999998,6776.73654,6622.59454,9839.71492,79225.4946,71835.0,115.0,91.0,67.0,63.0
Missouri,29095,Jackson County,125610,187026,317702,-61416.0,0.3953705044349737,0.5886837350724893,-0.1933132306375156,1313.4,944.4,1365.1,1331.0,759.7,1088.6,1173.6,7975.5,15759.9296,11332.25229,16381.5857,15971.5,9115.34222,13061.213520000001,14084.55565,95706.379,88669.0,115.0,6.0,78.0,18.0
Missouri,29097,Jasper County,39084,13943,53756,25141.0,0.7270630255227324,0.2593756975965474,0.467687327926185,1020.1,817.8,1411.8,1271.7,618.5,517.4,776.2,6433.5,12242.18955,9813.49677,16940.9741,15259.444169999999,7420.780349999999,6210.52822,9314.349610000001,77201.76310000001,71842.0,115.0,106.0,81.0,62.0
Missouri,29099,Jefferson County,80796,36965,119287,43831.0,0.6773244360240429,0.3098828874898354,0.3674415485342074,1172.6,883.5,1596.2,1161.0,691.8,1137.2,1118.1,7759.9,14068.044,10602.08128,19152.047599999998,13932.42978,8300.425500000001,13646.8829,13416.74779,93118.65770000001,94684.0,115.0,7.0,100.0,12.0
Missouri,29101,Johnson County,16298,6960,23591,9338.0,0.6908566826332075,0.2950277648255691,0.3958289178076384,948.5,861.6,1493.7,1425.7,609.1,659.4,896.1,6894.4,11382.0,10339.21989,17927.7267,17108.8621,7308.24684,7913.92304,10752.69178,82732.6691,84892.0,115.0,57.0,102.0,25.0
Missouri,29103,Knox County,1479,311,1810,1168.0,0.8171270718232044,0.1718232044198895,0.6453038674033149,846.8,842.1,1614.0,1609.3,568.4,663.4,940.7,7084.3,10161.6,10105.56494,19368.411799999998,19309.7634,6819.02067,7961.40432,11287.02032,85012.7855,69679.0,115.0,32.0,24.0,77.0
Missouri,29105,Laclede County,14155,2756,17076,11399.0,0.8289412040290466,0.1613961115015226,0.6675450925275239,864.0,805.6,1498.0,1239.7,561.7,592.8,750.1,6312.0,10368.0,9667.46257,17977.7945,14875.59435,6741.0628,7114.22904,8999.19833,75743.3422,63063.0,115.0,110.0,31.0,101.0
Missouri,29107,Lafayette County,12720,4294,17244,8426.0,0.7376478775226165,0.2490141498492229,0.4886337276733936,967.6,907.8,1640.8,1428.0,631.0,860.2,1045.5,7481.2,11611.138490000001,10894.14988,19689.1937,17136.68358,7572.051699999999,10324.72846,12545.86372,89773.80919999999,94859.0,115.0,13.0,106.0,10.0
Missouri,29109,Lawrence County,15001,3248,18417,11753.0,0.814519194222729,0.1763587989357658,0.6381603952869631,891.4,788.7,1493.7,1239.7,565.1,607.4,758.9,6345.0,10696.8,9463.01467,17925.052,14875.59435,6782.90205,7290.80722,9106.497879999999,76140.6673,71404.0,115.0,111.0,84.0,69.0
Missouri,29111,Lewis County,3565,872,4484,2693.0,0.7950490633363069,0.1944692239072256,0.6005798394290812,844.5,890.7,1579.8,1784.4,583.8,571.8,981.0,7236.1,10134.0,10689.70192,18955.1179,21413.5664,7006.27111,6864.0649,11771.81685,86834.5404,76250.0,115.0,16.0,41.0,45.0
Missouri,29113,Lincoln County,24866,6908,32129,17958.0,0.7739425441190202,0.215008248000249,0.5589342961187712,1172.6,825.1,1698.8,1161.0,672.1,949.4,1058.6,7537.5,14068.044,9901.11721,20384.2917,13932.42978,8064.581459999999,11395.31404,12704.45692,90450.2349,95040.0,115.0,12.0,105.0,9.0
Missouri,29115,Linn County,4437,1183,5684,3254.0,0.7806122448979592,0.2081280788177339,0.5724841660802252,825.2,839.6,1503.2,1609.3,560.2,546.4,852.8,6736.4,9902.4,10076.35831,18038.5284,19309.7634,6721.984269999999,6554.843419999999,10232.85174,80836.73079999999,73841.0,115.0,70.0,66.0,55.0
Missouri,29117,Livingston County,5395,1422,6871,3973.0,0.785184107116868,0.2069567748508222,0.5782273322660457,865.0,800.7,1464.0,1498.5,560.4,560.4,810.2,6559.6,10380.0,9609.048859999999,17568.6507,17982.7496,6725.446580000001,6727.04476,9721.78346,78714.7238,78258.0,115.0,89.0,93.0,36.0
Missouri,29119,McDonald County,7843,1423,9338,6420.0,0.8399014778325123,0.1523880916684515,0.6875133861640609,865.8,839.6,1579.5,1269.3,574.0,627.6,811.7,6567.7,10389.6,10076.35831,18953.7805,15231.62281,6885.90597,7533.14206,9741.43324,78811.8438,54600.0,115.0,96.0,7.0,112.0
Missouri,29121,Macon County,6300,1481,7838,4819.0,0.8037764735902015,0.1889512630773156,0.614825210512886,882.7,791.0,1514.6,1609.3,563.1,633.4,894.9,6888.9,10592.4,9492.221679999999,18174.7124,19309.7634,6757.602739999999,7599.26832,10741.372319999999,82667.3402,74093.0,115.0,61.0,65.0,54.0
Missouri,29123,Madison County,4721,986,5753,3735.0,0.8206153311315835,0.1713888406049017,0.6492264905266817,870.0,817.8,1499.4,1592.9,567.7,578.0,870.9,6796.9,10440.0,9813.49677,17994.434,19115.5664,6814.4218900000005,6932.73716,10451.21475,81561.8708,71831.0,115.0,72.0,55.0,64.0
Missouri,29125,Maries County,3987,755,4786,3232.0,0.8330547430004179,0.1577517760133723,0.6753029669870456,878.3,805.6,1562.8,1590.2,566.7,623.6,903.7,6930.8,10539.6,9667.46257,18753.7258,19083.1998,6798.79884,7484.4356,10842.89443,83170.11809999999,76328.0,115.0,53.0,75.0,43.0
Missouri,29127,Marion County,9991,3032,13148,6959.0,0.7598874353513843,0.2306054152722847,0.5292820200790995,927.1,815.2,1417.5,1784.4,586.1,674.8,967.3,7173.0,11125.2,9784.28995,17011.9413,21413.5664,7035.135,8097.315700000001,11606.96508,86074.4132,77421.0,115.0,27.0,62.0,41.0
Missouri,29129,Mercer County,1545,235,1792,1310.0,0.8621651785714286,0.1311383928571428,0.7310267857142858,888.8,839.6,1747.3,1498.5,581.6,595.4,945.6,7096.7,10665.6,10076.35831,20967.120799999997,17982.7496,6978.7679499999995,7142.6291,11347.15962,85160.3846,70673.0,115.0,45.0,32.0,75.0
Missouri,29131,Miller County,10826,2067,13009,8759.0,0.8321930970866324,0.1588899992313014,0.6733030978553309,901.1,971.1,1526.9,1436.5,629.9,651.2,930.6,7047.6,10813.2,11653.527030000001,18323.5284,17238.3269,7559.07799,7812.45404,11169.22365,84569.3373,77605.0,115.0,37.0,69.0,38.0
Missouri,29133,Mississippi County,3404,1015,4449,2389.0,0.7651157563497415,0.2281411553158013,0.5369746010339402,871.2,834.8,1413.6,1592.9,574.1,685.2,887.8,6859.5,10454.4,10017.94476,16961.974599999998,19115.5664,6888.054639999999,8219.61004,10655.757300000001,82313.3078,53528.0,115.0,56.0,2.0,113.0
Missouri,29135,Moniteau County,5877,1313,7273,4564.0,0.8080571978550805,0.1805307300976213,0.6275264677574591,880.0,866.6,1656.7,1438.9,587.6,756.6,959.5,7145.6,10560.0,10397.6336,19877.605,17266.14838,7051.33319,9082.2049,11512.40456,85747.3299,85598.0,115.0,26.0,96.0,22.0
Missouri,29137,Monroe County,3476,857,4376,2619.0,0.7943327239488117,0.1958409506398537,0.598491773308958,825.2,805.6,1531.0,1590.2,548.8,581.0,852.2,6733.9,9902.4,9667.46257,18370.8355,19083.1998,6584.40864,6972.62954,10227.28228,80808.2184,72753.0,115.0,69.0,59.0,59.0
Missouri,29139,Montgomery County,4776,1170,5996,3606.0,0.7965310206804537,0.1951300867244829,0.6014009339559707,889.0,810.5,1517.9,1590.2,571.8,737.8,937.1,7054.5,10668.0,9725.87637,18214.772,19083.1998,6861.6533899999995,8854.75868,11244.03132,84652.2931,74104.0,115.0,42.0,51.0,53.0
Missouri,29141,Morgan County,7725,1914,9733,5811.0,0.7936915647796158,0.1966505702250077,0.597040994554608,872.4,756.9,1552.5,1436.5,548.3,587.2,810.7,6564.4,10468.8,9083.326,18632.693,17238.3269,6578.44112,7042.44336,9728.46074,78772.4915,68371.0,115.0,97.0,44.0,82.0
Missouri,29143,New Madrid County,5203,1561,6811,3642.0,0.7639113199236529,0.2291880781089414,0.5347232418147114,863.2,837.2,1457.4,1592.9,572.2,557.4,852.6,6732.9,10358.4,10047.15166,17489.8978,19115.5664,6865.581659999999,6687.5641399999995,10232.439040000001,80796.5998,63382.0,115.0,67.0,13.0,98.0
Missouri,29145,Newton County,22923,5867,29083,17056.0,0.7881924148127772,0.2017329711515318,0.5864594436612454,876.9,825.1,1499.2,1271.7,572.5,859.4,864.5,6769.3,10522.32454,9901.11721,17990.427499999998,15259.444169999999,6871.600909999999,10312.569220000001,10375.25147,81232.736,78056.0,115.0,66.0,86.0,37.0
Missouri,29147,Nodaway County,6909,2674,9682,4235.0,0.7135922330097088,0.2761826068994009,0.4374096261103078,894.9,856.8,1463.1,1498.5,589.4,684.8,889.9,6877.6,10738.8,10280.805960000002,17558.5953,17982.7496,7072.18431,8218.29298,10679.29702,82530.7265,80632.0,115.0,46.0,89.0,29.0
Missouri,29149,Oregon County,3884,696,4612,3188.0,0.8421509106678231,0.1509106678230702,0.6912402428447528,888.8,791.0,1564.9,1466.2,565.2,679.2,881.9,6837.1,10665.6,9492.221679999999,18779.692600000002,17594.355199999998,6782.23138,8147.52238,10584.26613,82045.8906,54886.0,115.0,71.0,3.0,111.0
Missouri,29151,Osage County,6657,1009,7725,5648.0,0.8617475728155339,0.1306148867313916,0.7311326860841423,753.3,861.6,1786.5,1438.9,543.4,777.6,950.6,7111.9,9037.0933,10339.21989,21439.124900000003,17266.14838,6519.28761,9332.94214,11407.45749,85341.2736,96100.0,115.0,34.0,109.0,8.0
Missouri,29153,Ozark County,4044,698,4779,3346.0,0.8462021343377275,0.1460556601799539,0.7001464741577735,890.3,888.5,1583.6,1239.7,598.4,672.4,850.3,6723.2,10683.6,10660.49495,19004.1472,14875.59435,7181.36082,8070.52326,10203.59767,80679.3177,55398.0,115.0,76.0,5.0,110.0
Missouri,29155,Pemiscot County,3917,1331,5270,2586.0,0.7432637571157495,0.252561669829222,0.4907020872865275,871.1,754.3,1392.0,1592.9,547.0,578.4,805.9,6541.5,10453.2,9054.11901,16704.1475,19115.5664,6563.36543,6938.585499999999,9670.09959,78499.083,50355.0,115.0,94.0,1.0,115.0
Missouri,29157,Perry County,7986,1757,9823,6229.0,0.812989921612542,0.1788659269062404,0.6341239947063015,942.4,822.7,1597.6,1592.9,594.0,673.8,970.8,7193.8,11308.8,9871.91054,19171.9156,19115.5664,7126.38888,8085.50712,11647.84405,86327.9323,81364.0,115.0,30.0,83.0,28.0
Missouri,29159,Pettis County,13907,4703,18877,9204.0,0.7367166392964983,0.2491391640620861,0.4875774752344122,983.2,798.2,1393.0,1517.3,599.4,560.4,844.9,6696.3,11798.4,9579.84207,16714.2854,18209.3129,7192.84978,6724.259239999999,10137.45081,80356.4009,72955.0,115.0,87.0,68.0,56.0
Missouri,29161,Phelps County,13658,5379,19294,8279.0,0.7078884627345289,0.2787913340935005,0.4290971286410283,940.8,800.7,1384.2,1466.2,585.9,658.6,841.9,6678.0,11289.6,9609.048859999999,16611.3884,17594.355199999998,7031.4874899999995,7900.405960000001,10101.15617,80137.44200000001,71691.0,115.0,82.0,57.0,66.0
Missouri,29163,Pike County,6151,1618,7824,4533.0,0.7861707566462167,0.2067995910020449,0.5793711656441718,848.6,822.7,1515.2,1609.3,562.3,618.4,884.1,6860.3,10183.2,9871.91054,18183.4522,19309.7634,6747.6735,7417.94536,10610.77052,82324.7147,80577.0,115.0,49.0,90.0,30.0
Missouri,29165,Platte County,29381,27566,57787,1815.0,0.5084361534601208,0.4770277051932095,0.0314084482669113,1422.8,1014.9,1516.7,1331.0,820.2,1262.8,1381.5,8750.1,17074.3976,12179.25046,18201.4783,15971.5,9842.58171,15153.8106,16578.51305,105001.5334,118570.0,115.0,2.0,110.0,2.0
Missouri,29167,Polk County,12691,2948,15817,9743.0,0.802364544477461,0.1863817411645697,0.6159828033128912,882.8,810.5,1511.9,1242.0,569.7,767.2,826.0,6610.2,10593.6,9725.87637,18144.1461,14903.415899999998,6836.62104,9207.07518,9910.70548,79321.4391,70715.0,115.0,93.0,63.0,74.0
Missouri,29169,Pulaski County,11579,3765,15545,7814.0,0.7448697330331296,0.2422000643293663,0.5026696687037633,1090.7,851.9,1507.2,1466.2,653.5,764.0,1011.3,7345.3,13088.4,10222.392530000001,18087.7759,17594.355199999998,7843.06909,9172.601200000001,12136.277900000001,88144.8712,82505.0,115.0,19.0,82.0,26.0
Missouri,29171,Putnam County,2021,347,2380,1674.0,0.8491596638655462,0.1457983193277311,0.7033613445378151,871.8,839.6,1612.3,1609.3,576.0,673.2,955.3,7137.7,10461.6,10076.35831,19347.7328,19309.7634,6910.13086,8079.987460000001,11465.58597,85651.1593,74602.0,115.0,35.0,46.0,52.0
Missouri,29173,Ralls County,4575,1154,5777,3421.0,0.7919335295135884,0.1997576596849576,0.5921758698286308,910.6,820.4,1676.6,1609.3,582.4,656.4,979.9,7235.2,10927.2,9842.70386,20120.093,19309.7634,6988.170260000001,7877.65918,11757.96876,86823.5571,81887.0,115.0,20.0,79.0,27.0
Missouri,29175,Randolph County,8322,2571,11025,5751.0,0.7548299319727891,0.2331972789115646,0.5216326530612245,888.8,788.7,1469.8,1590.2,564.3,736.8,910.1,6948.7,10665.6,9463.01467,17637.947500000002,19083.1998,6772.4046100000005,8840.68748,10920.93016,83383.7837,71557.0,115.0,50.0,39.0,68.0
Missouri,29177,Ray County,8602,2927,11662,5675.0,0.7376093294460642,0.2509861087292059,0.4866232207168582,921.8,810.5,1726.0,1500.9,582.8,945.6,1062.3,7550.3,11063.44279,9725.87637,20713.0468,18010.57028,6994.70285,11347.200780000001,12747.98677,90602.8266,85256.0,115.0,10.0,80.0,24.0
Missouri,29179,Reynolds County,2560,472,3057,2088.0,0.8374223094537128,0.1543997383055283,0.6830225711481844,829.4,810.5,1616.9,1466.2,551.8,665.2,871.7,6811.5,9952.8,9725.87637,19402.5959,17594.355199999998,6621.019740000001,7982.10968,10460.51441,81739.2724,56705.0,115.0,59.0,6.0,108.0
Missouri,29181,Ripley County,5002,763,5804,4239.0,0.8618194348725017,0.1314610613370089,0.7303583735354927,827.2,754.3,1594.2,1466.2,532.2,574.0,807.0,6555.4,9926.4,9054.11901,19131.517,17594.355199999998,6386.12019,6886.4477,9684.22758,78663.1862,62148.0,115.0,90.0,15.0,102.0
Missouri,29183,St. Charles County,130588,92226,226052,38362.0,0.5776900890060694,0.4079857731849309,0.1697043158211385,1582.6,949.3,1512.9,1161.0,851.8,1249.0,1359.0,8665.2,18988.9643,11390.66574,18154.3652,13932.42978,10221.42598,14988.7106,16307.64166,103984.2029,122939.0,115.0,3.0,114.0,1.0
Missouri,29185,St. Clair County,3982,959,4987,3023.0,0.7984760376980148,0.1922999799478644,0.6061760577501504,819.1,793.4,1543.8,1436.5,542.5,525.2,778.7,6439.3,9829.2,9521.4285,18525.0255,17238.3269,6510.64586,6302.1679,9345.05107,77271.8473,61803.0,115.0,101.0,16.0,104.0
Missouri,29186,Ste. Genevieve County,7031,2629,9775,4402.0,0.7192838874680307,0.2689514066496163,0.4503324808184143,929.6,832.3,1638.8,1158.9,592.9,681.4,835.4,6669.2,11155.2,9988.73777,19666.6706,13904.60833,7114.01648,8175.967699999999,10024.34958,80029.5504,85892.0,115.0,79.0,107.0,21.0
Missouri,29187,St. Francois County,21521,6811,28614,14710.0,0.7521143496190675,0.2380303348011463,0.5140840148179212,898.4,815.2,1433.4,1158.9,576.7,592.8,723.4,6198.7,10780.8,9784.28995,17199.8352,13904.60833,6919.25934,7113.0413,8681.101050000001,74382.9369,65473.0,115.0,114.0,50.0,93.0
Missouri,29189,St. Louis County,187982,305635,502356,-117653.0,0.374200765990652,0.6084032041022701,-0.234202438111618,1404.0,1027.2,1372.5,1161.0,818.0,1547.4,1375.8,8705.7,16846.9169,12325.284479999998,16470.339799999998,13932.42978,9815.17855,18568.9732,16509.17337,104468.2965,108392.0,115.0,1.0,103.0,3.0
Missouri,29195,Saline County,6498,2726,9330,3772.0,0.6964630225080386,0.2921757770632369,0.4042872454448017,898.8,803.3,1471.9,1517.3,572.7,643.2,865.1,6772.0,10785.6,9638.25564,17663.3262,18209.3129,6871.740180000001,7716.5160000000005,10380.467260000001,81265.2183,79093.0,115.0,80.0,92.0,33.0
Missouri,29197,Schuyler County,1588,334,1945,1254.0,0.8164524421593831,0.1717223650385604,0.6447300771208226,819.1,839.6,1608.1,1784.4,558.2,633.8,973.7,7217.1,9829.2,10076.35831,19296.1355,21413.5664,6697.355659999999,7608.965639999999,11684.064929999999,86605.6453,64851.0,115.0,21.0,11.0,94.0
Missouri,29199,Scotland County,1537,358,1918,1179.0,0.8013555787278415,0.186652763295099,0.6147028154327424,888.8,837.2,1548.6,1784.4,580.8,636.2,990.5,7266.4,10665.6,10047.15166,18582.8011,21413.5664,6968.941049999999,7632.918519999999,11886.37345,87197.3519,77557.0,115.0,24.0,61.0,39.0
Missouri,29201,Scott County,13786,3525,17418,10261.0,0.791480078080147,0.202376851532897,0.58910322654725,915.0,830.0,1440.6,1592.9,587.1,607.2,884.5,6857.1,10980.0,9959.53083,17286.4343,19115.5664,7045.242569999999,7283.433220000001,10614.46729,82284.6743,72811.0,115.0,55.0,54.0,57.0
Missouri,29203,Shannon County,3364,625,4013,2739.0,0.8382756042860703,0.1557438325442312,0.6825317717418391,872.6,788.7,1589.4,1466.2,558.8,679.8,877.3,6832.8,10471.2,9463.01467,19073.3932,17594.355199999998,6706.99718,8157.55882,10527.6143,81994.1324,67136.0,115.0,54.0,23.0,86.0
Missouri,29205,Shelby County,2691,550,3262,2141.0,0.8249540159411404,0.1686082158185162,0.6563458001226241,850.2,786.3,1597.1,1609.3,550.5,614.0,895.6,6903.0,10202.4,9433.80801,19165.422700000003,19309.7634,6606.73091,7369.0749,10748.390360000001,82835.5904,65923.0,115.0,52.0,17.0,91.0
Missouri,29207,Stoddard County,11783,1736,13599,10047.0,0.866460769174204,0.1276564453268622,0.7388043238473417,854.4,769.2,1489.4,1592.9,546.3,593.2,842.4,6687.9,10252.8,9229.36033,17873.8387,19115.5664,6554.90061,7117.89708,10108.05279,80252.4158,69064.0,115.0,83.0,38.0,78.0
Missouri,29209,Stone County,15357,3620,19122,11737.0,0.8031063696266081,0.1893107415542307,0.6137956280723773,904.6,834.8,1493.9,1239.7,585.0,638.4,795.7,6492.0,10855.2,10017.94476,17925.5729,14875.59435,7022.906489999999,7659.34632,9548.284380000001,77904.8491,71635.0,115.0,104.0,76.0,67.0
Missouri,29211,Sullivan County,2035,408,2463,1627.0,0.8262281770198945,0.1656516443361754,0.6605765326837191,819.9,844.6,1578.4,1609.3,559.8,651.4,913.4,6977.0,9838.8,10134.77191,18940.2667,19309.7634,6720.23937,7819.79706,10961.07017,83724.7086,69043.0,115.0,40.0,27.0,79.0
Missouri,29213,Taney County,21236,5329,26811,15907.0,0.7920629592331506,0.198761702286375,0.5933012569467756,1032.7,888.5,1395.5,1239.7,646.4,662.8,851.2,6716.2,12392.4,10660.49495,16743.595500000003,14875.59435,7756.29772,7954.1307400000005,10213.309519999999,80595.8237,70381.0,115.0,88.0,52.0,76.0
Missouri,29215,Texas County,9855,1589,11525,8266.0,0.8550976138828633,0.1378741865509761,0.7172234273318872,871.5,788.7,1546.7,1288.2,558.5,556.2,764.3,6374.2,10458.0,9463.01467,18559.8609,15458.18604,6702.55619,6676.63082,9172.975779999999,76491.22390000001,62127.0,115.0,108.0,28.0,103.0
Missouri,29217,Vernon County,7112,1774,8973,5338.0,0.7926000222890895,0.1977042237824585,0.594895798506631,915.4,832.3,1462.0,1436.5,588.1,657.4,858.1,6749.8,10984.8,9988.73777,17544.7896,17238.3269,7056.68435,7887.0351200000005,10296.62511,80996.9986,71250.0,115.0,74.0,47.0,70.5
Missouri,29219,Warren County,14915,4970,20094,9945.0,0.7422613715536976,0.2473375136856773,0.4949238578680203,1101.0,851.9,1685.3,1161.0,657.1,1001.8,1052.3,7510.6,13214.119270000001,10222.392530000001,20225.0966,13932.42978,7885.368219999999,12020.76494,12628.29615,90128.46729999999,91618.0,115.0,11.0,101.0,15.0
Missouri,29221,Washington County,8424,1747,10235,6677.0,0.8230581338544211,0.1706888128969223,0.6523693209574988,825.2,752.1,1509.0,1158.9,530.7,594.8,687.6,6058.2,9902.4,9024.91224,18109.0885,13904.60833,6368.2184,7138.647199999999,8250.01004,72697.8848,65802.0,115.0,115.0,64.0,92.0
Missouri,29223,Wayne County,5030,783,5847,4247.0,0.8602702240465195,0.133914828116983,0.7263553959295365,859.6,759.3,1542.6,1592.9,544.7,616.6,865.6,6781.5,10315.2,9112.53284,18510.8757,19115.5664,6536.5880799999995,7398.611419999999,10387.97523,81377.3506,56997.0,115.0,68.0,8.0,107.0
Missouri,29225,Webster County,15984,3653,19808,12331.0,0.8069466882067852,0.184420436187399,0.6225262520193862,848.9,805.6,1575.9,1242.0,556.5,777.8,834.3,6641.1,10187.120570000001,9667.46257,18911.2959,14903.415899999998,6680.20471,9332.99688,10010.58704,79693.0832,79282.0,115.0,86.0,95.0,32.0
Missouri,29227,Worth County,904,190,1105,714.0,0.8180995475113122,0.171945701357466,0.6461538461538461,920.2,859.2,1587.1,1498.5,598.7,688.4,948.3,7100.7,11042.4,10310.01301,19046.040100000002,17982.7496,7184.15946,8262.62792,11380.25836,85208.2497,68000.0,115.0,41.0,19.0,83.0
Missouri,29229,Wright County,7850,1057,8978,6793.0,0.8743595455558031,0.1177322343506348,0.7566273112051682,887.6,788.7,1505.0,1239.7,563.9,652.6,775.8,6413.2,10651.2,9463.01467,18058.162,14875.59435,6767.5596399999995,7832.69088,9312.7154,76960.9366,56306.0,115.0,107.0,10.0,109.0
Missouri,29510,St. Louis city,19342,94458,116082,-75116.0,0.166623593666546,0.8137178890784101,-0.6470942954118641,1179.2,1002.7,1131.0,1161.0,734.4,1142.6,1020.8,7372.1,14154.883899999997,12033.21619,13570.745780000001,13932.42978,8811.157889999999,13710.6392,12251.947049999999,88465.0213,75720.0,115.0,14.0,33.0,47.0
Montana,30001,Beaverhead County,4058,1543,5794,2515.0,0.7003797031411805,0.2663099758370728,0.4340697273041076,1018.2,900.5,1622.6,1271.9,645.7,1243.6,1205.9,7908.4,12218.4,10806.5291,19471.617,15261.92624,7746.888559999999,14926.089000000002,14468.29389,94899.7441,77135.0,56.0,39.0,25.0,34.0
Montana,30003,Big Horn County,2188,2112,4470,76.0,0.4894854586129754,0.47248322147651,0.0170022371364653,975.4,881.1,1668.1,1271.9,624.6,1240.8,1188.9,7850.7,11704.8,10572.87434,20016.8926,15261.92624,7495.469779999999,14891.0734,14265.89871,94208.9353,64275.0,56.0,37.0,7.0,51.0
Montana,30005,Blaine County,1526,1348,3019,178.0,0.5054653858893673,0.4465054653858893,0.0589599205034779,948.3,883.5,1607.8,1271.9,616.3,1227.8,1149.0,7704.5,11379.6,10602.08128,19292.451800000003,15261.92624,7395.88096,14734.1062,13788.02322,92454.06940000001,79676.0,56.0,48.0,30.0,30.0
Montana,30007,Broadwater County,3770,885,4810,2885.0,0.7837837837837838,0.183991683991684,0.5997920997920998,1185.1,868.9,1823.2,1317.7,691.2,1258.2,1368.5,8512.6,14221.2,10426.840419999999,21878.8256,15812.151269999998,8292.994779999999,15096.9716,16422.38198,102151.3652,80551.0,56.0,5.0,19.0,28.0
Montana,30009,Carbon County,4719,2353,7297,2366.0,0.6467041249828697,0.322461285459778,0.3242428395230917,1038.7,881.1,1819.7,986.9,645.9,1449.4,1253.9,8075.3,12464.98455,10572.87434,21836.0472,11841.71697,7751.2387100000005,17390.6946,15047.283549999998,96904.8405,89542.0,56.0,27.0,45.0,12.0
Montana,30011,Carter County,760,75,854,685.0,0.8899297423887588,0.0878220140515222,0.8021077283372365,1018.4,907.8,1764.4,1271.9,647.9,1206.0,1247.8,8064.5,12220.8,10894.14988,21173.644,15261.92624,7777.17646,14472.520240000002,14973.510250000001,96773.7285,63924.0,56.0,30.0,5.0,52.0
Montana,30013,Cascade County,22419,14021,37583,8398.0,0.5965197030572333,0.3730676103557459,0.2234520927014874,1088.9,883.5,1377.1,1205.3,663.4,1444.6,1198.7,7861.5,13066.8,10602.08128,16523.928,14463.378649999999,7963.550259999999,17335.1666,14384.28831,94339.1933,84338.0,56.0,36.0,37.0,23.0
Montana,30015,Chouteau County,1885,940,2934,945.0,0.6424676209952284,0.3203817314246762,0.3220858895705522,934.3,883.5,1653.5,1317.7,611.4,1212.2,1168.3,7781.3,11211.6,10602.08128,19841.0594,15812.151269999998,7339.356140000001,14547.71404,14020.61961,93374.5836,82725.0,56.0,33.0,35.0,26.0
Montana,30017,Custer County,4208,1385,5797,2823.0,0.7258927031223047,0.2389166810419182,0.4869760220803865,1149.1,917.5,1493.0,1271.9,695.4,1393.4,1293.4,8213.6,13789.2,11010.97696,17916.3308,15261.92624,8344.18195,16718.9686,15521.457279999999,98563.0411,90000.0,56.0,17.0,42.0,11.0
Montana,30019,Daniels County,778,154,951,624.0,0.8180862250262881,0.1619348054679285,0.6561514195583596,988.7,919.9,1702.7,1271.9,642.2,1126.4,1184.4,7836.3,11864.4,11040.18372,20432.2366,15261.92624,7706.39726,13518.893119999999,14212.54248,94036.5781,86023.0,56.0,46.0,43.0,20.0
Montana,30021,Dawson County,3627,894,4638,2733.0,0.7820181112548512,0.1927554980595084,0.5892626131953428,937.7,900.5,1536.3,1271.9,618.5,1315.2,1158.4,7738.4,11252.4,10806.5291,18433.9882,15261.92624,7421.871369999999,15783.5114,13900.809700000002,92861.036,84806.0,56.0,38.0,38.0,21.0
Montana,30023,Deer Lodge County,2329,2376,4870,-47.0,0.4782340862422998,0.4878850102669405,-0.0096509240246406,1018.4,900.5,1443.5,1317.7,645.7,1212.2,1146.9,7684.6,12220.8,10806.5291,17320.9691,15812.151269999998,7747.6960500000005,14543.96624,13763.176130000002,92215.2883,70200.0,56.0,52.0,16.0,44.0
Montana,30025,Fallon County,1303,163,1507,1140.0,0.8646317186463172,0.1081619110816191,0.7564698075646981,982.9,900.5,1698.8,1271.9,633.6,1333.8,1248.5,8070.1,11794.8,10806.5291,20384.0844,15261.92624,7604.36558,16005.827,14983.423279999999,96840.9564,115735.0,56.0,19.0,56.0,1.0
Montana,30027,Fergus County,4965,1522,6712,3443.0,0.739719904648391,0.2267580452920143,0.5129618593563767,1002.9,883.5,1615.8,1271.9,634.6,1228.4,1179.2,7816.4,12034.8,10602.08128,19389.7377,15261.92624,7616.3272400000005,14740.3832,14150.39023,93795.6446,83538.0,56.0,34.0,36.0,24.0
Montana,30029,Flathead County,41390,20062,63140,21328.0,0.6555273994298385,0.3177383592017738,0.3377890402280646,1182.4,939.7,1561.2,1142.4,714.0,1304.2,1260.8,8104.5,14188.8,11273.838440000001,18734.6119,13708.34853,8567.071670000001,15649.513799999997,15130.498499999998,97252.6807,87536.0,56.0,26.0,40.0,17.0
Montana,30031,Gallatin County,32695,34938,69897,-2243.0,0.4677597035638153,0.4998497789604704,-0.032090075396655,1418.8,988.3,1535.5,1193.7,810.0,1398.4,1451.1,8795.6,17025.6,11857.97515,18427.597,14323.30618,9718.06846,16779.134,17414.79938,105546.4823,111714.0,56.0,2.0,55.0,2.0
Montana,30033,Garfield County,756,39,800,717.0,0.945,0.04875,0.89625,934.3,881.1,1826.3,1271.9,610.8,1221.4,1216.6,7962.8,11211.6,10572.87434,21916.975599999998,15261.92624,7329.52944,14658.43968,14600.061060000002,95551.4076,77083.0,56.0,25.0,22.0,35.0
Montana,30035,Glacier County,1939,2933,5078,-994.0,0.3818432453721938,0.5775896022055927,-0.1957463568333989,987.4,939.7,1502.9,1271.9,648.2,1208.6,1150.2,7708.7,11848.8,11273.838440000001,18034.821,15261.92624,7779.76331,14506.440859999999,13800.94783,92506.5368,55789.0,56.0,50.0,1.0,56.0
Montana,30037,Golden Valley County,440,67,515,373.0,0.8543689320388349,0.1300970873786407,0.7242718446601941,1017.7,881.1,2002.7,1271.9,639.0,1277.2,1352.4,8441.6,12212.4,10572.87434,24032.384700000002,15261.92624,7666.255169999999,15328.439000000002,16226.11199,101300.3902,69444.0,56.0,6.0,8.0,46.0
Montana,30039,Granite County,1537,579,2176,958.0,0.7063419117647058,0.2660845588235294,0.4402573529411764,1010.5,1041.8,1834.9,1271.9,690.7,1206.8,1341.1,8397.4,12126.0,12500.52564,22019.7576,15261.92624,8285.756089999999,14480.444200000002,16093.49629,100767.90719999999,72596.0,56.0,7.0,12.0,41.0
Montana,30041,Hill County,3871,2634,6804,1237.0,0.5689300411522634,0.3871252204585538,0.1818048206937096,979.7,883.5,1441.9,1271.9,626.8,1230.8,1107.3,7542.2,11756.4,10602.08128,17301.7567,15261.92624,7522.65769,14771.507399999999,13287.755060000001,90504.0838,76083.0,56.0,56.0,27.0,37.0
Montana,30043,Jefferson County,5544,2516,8291,3028.0,0.6686768785429984,0.3034615848510433,0.3652152936919551,1042.2,900.5,1787.8,1317.7,653.6,1307.0,1323.9,8332.7,12506.4,10806.5291,21453.153,15812.151269999998,7843.78797,15681.484400000001,15886.63487,99990.14069999999,97578.0,56.0,10.0,50.0,6.0
Montana,30045,Judith Basin County,1051,265,1353,786.0,0.7767923133776792,0.1958610495195861,0.580931263858093,934.3,883.5,1810.8,1317.7,611.4,1188.2,1216.7,7962.6,11211.6,10602.08128,21727.5359,15812.151269999998,7339.356140000001,14258.707980000001,14600.08401,95551.518,82500.0,56.0,24.0,31.0,27.0
Montana,30047,Lake County,9880,6510,16910,3370.0,0.5842696629213483,0.3849793021880544,0.1992903607332938,981.2,932.1,1627.6,1142.4,643.7,1284.8,1171.3,7782.9,11774.4,11186.21814,19529.913200000003,13708.34853,7725.25056,15417.360999999999,14054.658230000001,93396.1489,76688.0,56.0,41.0,24.0,36.0
Montana,30049,Lewis and Clark County,21479,19085,42023,2394.0,0.5111248601956072,0.4541560573971396,0.0569688027984675,1127.4,868.9,1527.6,1193.7,671.7,1271.4,1189.6,7850.3,13528.8,10426.840419999999,18332.0811,14323.30618,8060.03236,15257.1622,14275.18472,94203.4065,99043.0,56.0,45.0,54.0,4.0
Montana,30051,Liberty County,752,214,988,538.0,0.7611336032388664,0.2165991902834008,0.5445344129554656,1018.4,883.5,1658.7,1271.9,639.8,1237.8,1207.1,7917.2,12220.8,10602.08128,19904.7139,15261.92624,7678.90822,14852.5238,14485.383919999998,95006.3353,60833.0,56.0,42.0,4.0,55.0
Montana,30053,Lincoln County,8909,2615,11789,6294.0,0.7557044702688948,0.2218169480023751,0.5338875222665197,1018.4,939.7,1655.1,1271.9,658.7,1274.8,1250.8,8069.3,12220.8,11273.838440000001,19860.5858,15261.92624,7904.9253100000005,15299.317000000001,15010.32706,96831.7185,61328.0,56.0,28.0,2.0,54.0
Montana,30055,McCone County,931,129,1082,802.0,0.8604436229205176,0.1192236598890942,0.7412199630314233,1090.1,919.9,1798.1,1271.9,676.3,1210.2,1304.7,8271.4,13081.2,11040.18372,21577.8868,15261.92624,8115.79785,14524.14014,15656.866090000001,99257.9993,88882.0,56.0,15.0,39.0,13.0
Montana,30057,Madison County,4615,1689,6461,2926.0,0.7142857142857143,0.2614146416963318,0.4528710725893825,1061.2,988.3,1809.7,1271.9,689.5,1343.4,1378.4,8542.2,12734.4,11857.97515,21716.7043,15261.92624,8274.266090000001,16119.953,16540.683660000002,102505.9099,80000.0,56.0,1.0,18.0,29.0
Montana,30059,Meagher County,888,256,1172,632.0,0.757679180887372,0.2184300341296928,0.5392491467576791,988.7,868.9,1856.8,1271.9,625.0,1188.4,1238.4,8038.1,11864.4,10426.840419999999,22281.7913,15261.92624,7500.034020000001,14260.230099999997,14861.933540000002,96457.1561,73500.0,56.0,29.0,17.0,40.0
Montana,30061,Mineral County,2049,689,2833,1360.0,0.723261560183551,0.2432050829509354,0.4800564772326156,935.1,932.1,1741.9,1271.9,628.5,1247.4,1222.8,7979.3,11221.2,11186.21814,20902.027899999997,15261.92624,7539.122789999999,14967.416399999998,14674.71752,95752.6297,70800.0,56.0,22.0,14.0,42.0
Montana,30063,Missoula County,27306,42903,72773,-15597.0,0.3752215794319322,0.5895455732208374,-0.2143239937889052,1342.5,949.3,1387.2,1154.1,771.2,1436.2,1339.9,8380.2,16110.0,11390.66574,16647.3972,13848.42119,9252.77942,17232.925,16078.82414,100561.01310000001,96619.0,56.0,9.0,49.0,7.0
Montana,30065,Musselshell County,2550,396,3012,2154.0,0.8466135458167331,0.1314741035856573,0.7151394422310757,1033.4,881.1,1658.5,975.1,644.1,1348.8,1150.3,7691.5,12400.8,10572.87434,19901.6173,11701.64409,7729.64362,16186.5292,13803.634520000001,92296.7425,67021.0,56.0,51.0,13.0,47.0
Montana,30067,Park County,6128,5224,11717,904.0,0.5230007681147051,0.4458479132883844,0.0771528548263206,1167.3,988.3,1535.9,1271.9,725.2,1269.8,1305.6,8263.7,14007.6,11857.97515,18430.286799999998,15261.92624,8702.6424,15236.044,15666.977789999999,99163.45379999999,93125.0,56.0,16.0,47.0,9.0
Montana,30069,Petroleum County,284,37,324,247.0,0.8765432098765432,0.1141975308641975,0.7623456790123457,1090.1,881.1,1846.6,1271.9,663.2,1218.0,1306.5,8277.2,13081.2,10572.87434,22157.802600000003,15261.92624,7958.56851,14615.492499999998,15678.61134,99326.47679999999,78750.0,56.0,13.0,21.0,31.5
Montana,30071,Phillips County,1753,385,2189,1368.0,0.8008222932846049,0.1758793969849246,0.6249428962996803,1018.4,883.5,1568.9,1271.9,639.8,1226.6,1172.6,7781.7,12220.8,10602.08128,18826.8955,15261.92624,7678.90822,14720.4666,14070.073180000001,93381.1509,75532.0,56.0,49.0,23.0,38.0
Montana,30073,Pondera County,1972,782,2852,1190.0,0.6914446002805049,0.2741935483870967,0.4172510518934081,987.6,883.5,1602.4,1271.9,629.4,1269.8,1182.9,7827.5,11851.2,10602.08128,19228.6387,15261.92624,7554.55376,15237.878200000001,14193.47457,93929.7548,73920.0,56.0,44.0,20.0,39.0
Montana,30075,Powder River County,963,131,1106,832.0,0.8707052441229657,0.1184448462929475,0.7522603978300181,1006.7,898.1,1812.8,1271.9,640.9,1302.6,1294.2,8227.2,12080.4,10777.322339999999,21754.1867,15261.92624,7690.6306700000005,15632.1976,15530.99251,98727.6547,98958.0,56.0,18.0,52.0,5.0
Montana,30077,Powell County,2466,710,3282,1756.0,0.7513711151736746,0.2163315051797684,0.5350396099939062,1006.7,900.5,1535.9,1271.9,641.7,1264.0,1178.3,7799.0,12080.4,10806.5291,18430.034399999997,15261.92624,7700.45753,15166.592800000002,14141.53311,93587.4716,70764.0,56.0,47.0,15.0,43.0
Montana,30079,Prairie County,546,122,688,424.0,0.7936046511627907,0.1773255813953488,0.6162790697674418,1090.1,900.5,1784.7,1271.9,669.7,1274.8,1315.4,8307.2,13081.2,10806.5291,21415.913500000002,15261.92624,8037.182989999999,15299.406400000002,15785.04705,99687.20700000001,69545.0,56.0,11.0,10.0,45.0
Montana,30081,Ravalli County,20617,8485,29904,12132.0,0.6894395398608881,0.2837413055109684,0.4056982343499197,1032.0,1041.8,1642.9,1271.9,697.8,1285.6,1310.7,8282.3,12384.0,12500.52564,19712.6383,15261.92624,8372.56188,15429.4424,15727.494880000002,99388.5904,86256.0,56.0,12.0,34.0,19.0
Montana,30083,Richland County,4387,778,5309,3609.0,0.8263326426822377,0.1465436051987191,0.6797890374835186,947.7,919.9,1710.4,1271.9,628.4,1252.6,1210.9,7942.1,11372.4,11040.18372,20523.8933,15261.92624,7540.86072,15032.416399999998,14531.43751,95303.11779999999,87353.0,56.0,31.0,41.0,18.0
Montana,30085,Roosevelt County,2055,1680,3914,375.0,0.525038323965253,0.4292284108329075,0.0958099131323454,933.2,919.9,1616.6,1271.9,623.6,1220.8,1158.4,7744.5,11198.4,11040.18372,19399.8376,15261.92624,7482.317509999999,14651.12218,13901.67035,92935.4572,65000.0,56.0,43.0,9.0,50.0
Montana,30087,Rosebud County,2466,1095,3693,1371.0,0.6677497969130788,0.2965069049553209,0.3712428919577579,1003.9,917.5,1616.3,1271.9,646.5,1243.4,1202.9,7902.7,12046.8,11010.97696,19397.1429,15261.92624,7757.94032,14920.2394,14436.895269999999,94831.9206,66771.0,56.0,40.0,11.0,48.0
Montana,30089,Sanders County,6150,1705,8069,4445.0,0.762176230016111,0.2113025158012145,0.5508737142148965,979.4,932.1,1749.0,1271.9,643.2,1217.0,1238.2,8031.1,11752.8,11186.21814,20987.776,15261.92624,7717.983190000001,14606.73192,14858.8037,96372.23689999999,65365.0,56.0,23.0,6.0,49.0
Montana,30091,Sheridan County,1321,509,1912,812.0,0.6908995815899581,0.2662133891213389,0.4246861924686192,988.8,919.9,1814.6,1271.9,642.3,1312.8,1298.0,8248.2,11865.6,11040.18372,21772.7702,15261.92624,7706.80105,15753.482200000002,15575.64625,98976.4112,91154.0,56.0,14.0,44.0,10.0
Montana,30093,Silver Bow County,8110,9386,18226,-1276.0,0.4449687259958301,0.514978601997147,-0.0700098760013168,1004.3,900.5,1351.3,1317.7,640.9,1257.4,1122.8,7594.9,12051.6,10806.5291,16214.0248,15812.151269999998,7690.7674400000005,15088.6384,13473.59318,91137.30500000001,78288.0,56.0,54.0,29.0,33.0
Montana,30095,Stillwater County,4699,1056,5906,3643.0,0.7956315611242804,0.1788012190992211,0.6168303420250592,1130.2,881.1,1832.0,986.9,676.7,1539.8,1342.7,8388.9,13562.4,10572.87434,21982.5316,11841.71697,8120.471240000001,18476.565599999998,16110.95117,100667.5104,101688.0,56.0,8.0,53.0,3.0
Montana,30097,Sweet Grass County,1789,525,2381,1264.0,0.751364972700546,0.2204955900881982,0.5308693826123478,1009.9,988.3,1662.4,975.1,672.3,1234.8,1148.6,7691.7,12118.8,11857.97515,19950.280600000002,11701.64409,8067.14337,14819.4408,13785.204749999999,92300.4907,88287.0,56.0,55.0,48.0,15.0
Montana,30099,Teton County,2533,927,3568,1606.0,0.7099215246636771,0.2598094170403587,0.4501121076233183,996.8,883.5,1671.4,1317.7,632.6,1366.2,1269.2,8137.3,11961.6,10602.08128,20057.562299999998,15812.151269999998,7591.69856,16393.575,15229.8397,97648.5074,82873.0,56.0,20.0,28.0,25.0
Montana,30101,Toole County,1571,415,2046,1156.0,0.7678396871945259,0.2028347996089931,0.5650048875855327,1018.4,883.5,1539.1,1271.9,639.8,1203.4,1152.0,7708.4,12220.8,10602.08128,18468.7999,15261.92624,7678.90822,14442.829380000001,13823.17343,92498.5179,78750.0,56.0,53.0,32.0,31.5
Montana,30103,Treasure County,367,57,442,310.0,0.830316742081448,0.1289592760180995,0.7013574660633485,1090.1,881.1,1832.2,1271.9,663.2,1439.8,1388.6,8566.8,13081.2,10572.87434,21986.2428,15261.92624,7958.56851,17277.752,16662.30835,102800.8706,84625.0,56.0,3.0,26.0,22.0
Montana,30105,Valley County,3019,935,4079,2084.0,0.7401323853885756,0.2292228487374356,0.51090953665114,964.7,919.9,1639.0,1271.9,634.1,1220.8,1185.1,7835.8,11576.4,11040.18372,19668.7006,15261.92624,7609.498019999999,14651.985600000004,14220.958730000002,94029.65430000001,87909.0,56.0,35.0,46.0,16.0
Montana,30107,Wheatland County,843,209,1086,634.0,0.7762430939226519,0.1924493554327808,0.583793738489871,967.5,881.1,1828.6,1271.9,622.0,1254.0,1249.5,8074.6,11610.0,10572.87434,21942.7413,15261.92624,7463.57353,15050.818600000002,14993.32306,96895.25649999999,62321.0,56.0,21.0,3.0,53.0
Montana,30109,Wibaux County,463,71,546,392.0,0.847985347985348,0.13003663003663,0.717948717948718,1090.1,900.5,1855.9,1271.9,669.7,1400.2,1391.0,8579.1,13081.2,10806.5291,22270.5072,15261.92624,8037.182989999999,16801.9792,16691.29563,102950.6194,88438.0,56.0,4.0,33.0,14.0
Montana,30111,Yellowstone County,50460,28392,81391,22068.0,0.619970266982836,0.348834637736359,0.2711356292464769,1276.5,881.1,1440.1,986.9,726.0,1489.0,1247.3,8046.9,15319.777100000001,10572.87434,17282.6129,11841.71697,8711.75261,17865.7628,14969.25099,96563.7494,94167.0,56.0,32.0,51.0,8.0
Nebraska,31001,Adams County,10077,4100,14364,5977.0,0.7015455304928989,0.2854358117516012,0.4161097187412977,938.3,813.0,1469.2,1471.5,589.3,853.6,905.7,7040.3,11259.6,9755.0828,17630.5972,17659.0878,7070.52791,10240.587019999999,10868.258960000001,84483.7432,84664.0,93.0,92.0,67.0,41.0
Nebraska,31003,Antelope County,3032,396,3447,2636.0,0.8796054540179866,0.1148825065274151,0.7647229474905715,945.5,861.6,1749.4,1471.5,608.0,853.6,1034.2,7523.7,11346.0,10339.21989,20992.8988,17659.0878,7296.13455,10240.587019999999,12410.09474,90284.0223,77284.0,93.0,53.0,24.0,74.0
Nebraska,31005,Arthur County,264,17,282,247.0,0.9361702127659576,0.0602836879432624,0.875886524822695,931.1,834.8,1826.6,1679.3,594.2,853.6,1117.2,7836.7,11173.2,10017.94476,21920.6963,20151.2847,7129.899530000001,10240.587019999999,13406.33064,94039.9429,97500.0,93.0,15.0,76.0,14.0
Nebraska,31007,Banner County,348,34,386,314.0,0.9015544041450776,0.0880829015544041,0.8134715025906736,918.7,834.8,1870.7,1679.3,590.0,853.6,1125.5,7872.5,11024.4,10017.94476,22450.5123,20151.2847,7079.834849999999,10240.587019999999,13504.57478,94469.1383,81750.0,93.0,12.0,25.0,56.0
Nebraska,31009,Blaine County,250,37,291,213.0,0.8591065292096219,0.127147766323024,0.7319587628865979,918.7,834.8,1923.1,1471.5,590.0,853.6,1067.6,7659.0,11024.4,10017.94476,23077.3557,17659.0878,7079.834849999999,10240.587019999999,12810.13198,91909.3422,60833.0,93.0,36.0,1.0,93.0
Nebraska,31011,Boone County,2499,496,3031,2003.0,0.8244803695150116,0.1636423622566809,0.6608380072583306,934.3,856.8,1717.1,1471.5,602.7,853.6,1013.8,7449.4,11211.6,10280.805960000002,20603.646,17659.0878,7231.2610700000005,10240.587019999999,12165.44189,89392.4311,87250.0,93.0,61.0,61.0,35.0
Nebraska,31013,Box Butte County,3827,1043,4931,2784.0,0.7761103224498074,0.2115189616710606,0.5645913607787467,940.0,834.8,1580.2,1679.3,597.1,853.6,1028.9,7513.8,11280.0,10017.94476,18962.6518,20151.2847,7165.833229999999,10240.587019999999,12346.20954,90164.5108,83996.0,93.0,43.0,45.0,46.0
Nebraska,31015,Boyd County,938,132,1075,806.0,0.8725581395348837,0.1227906976744186,0.7497674418604651,915.6,868.9,1813.1,1471.5,600.5,853.6,1044.1,7567.2,10987.2,10426.840419999999,21757.65,17659.0878,7204.894259999999,10240.587019999999,12530.1901,90806.4491,87500.0,93.0,42.0,58.0,33.0
Nebraska,31017,Brown County,1428,201,1642,1227.0,0.8696711327649208,0.1224116930572472,0.7472594397076735,895.9,834.8,1797.8,1679.3,582.2,853.6,1085.3,7728.9,10750.8,10017.94476,21575.3146,20151.2847,6987.78029,10240.587019999999,13021.81906,92745.5303,67250.0,93.0,20.0,2.0,92.0
Nebraska,31019,Buffalo County,17064,6386,23759,10678.0,0.7182120459615303,0.268782356159771,0.4494296898017593,1037.3,927.4,1518.2,1471.5,661.0,853.6,1026.0,7494.9,12447.6,11127.8045,18220.3499,17659.0878,7932.09939,10240.587019999999,12312.31664,89939.8442,96969.0,93.0,60.0,84.0,15.0
Nebraska,31021,Burt County,2632,983,3656,1649.0,0.7199124726477024,0.2688730853391685,0.4510393873085339,895.9,873.7,1665.2,1390.7,595.4,853.6,953.4,7227.8,10750.8,10485.25404,19982.7617,16688.101740000002,7145.00958,10240.587019999999,11442.1598,86734.6746,79662.0,93.0,80.0,40.0,64.0
Nebraska,31023,Butler County,3642,906,4587,2736.0,0.7939829954218444,0.197514715500327,0.5964682799215173,922.0,856.8,1733.1,1471.5,598.4,853.6,1012.0,7447.0,11064.0,10280.805960000002,20798.1384,17659.0878,7181.60003,10240.587019999999,12140.878099999998,89365.09760000001,101645.0,93.0,57.0,87.0,10.0
Nebraska,31025,Cass County,10685,4824,15755,5861.0,0.6781973976515392,0.3061885115836242,0.3720088860679149,1092.1,981.0,1731.3,1387.6,697.3,1176.2,1254.1,8319.7,13106.0232,11770.354819999999,20777.4609,16651.190169999998,8369.82059,14113.35858,15048.71663,99836.9262,106783.0,93.0,3.0,82.0,4.0
Nebraska,31027,Cedar County,4141,702,4912,3439.0,0.8430374592833876,0.142915309446254,0.7001221498371335,953.6,868.9,1773.4,1471.5,613.2,853.6,1050.0,7584.1,11443.2,10426.840419999999,21280.3598,17659.0878,7358.31847,10240.587019999999,12601.51989,91009.9132,95508.0,93.0,50.0,80.0,16.0
Nebraska,31029,Chase County,1648,204,1866,1444.0,0.8831725616291533,0.1093247588424437,0.7738478027867095,922.8,834.8,1740.4,1679.3,591.4,853.6,1078.0,7700.0,11073.6,10017.94476,20884.4938,20151.2847,7096.3886299999995,10240.587019999999,12936.03196,92400.3332,78902.0,93.0,27.0,19.0,66.0
Nebraska,31031,Cherry County,2687,349,3069,2338.0,0.8755294884327143,0.1137178233952427,0.7618116650374716,911.8,834.8,1678.6,1679.3,587.6,853.6,1051.0,7596.4,10941.6,10017.94476,20142.3635,20151.2847,7051.976189999999,10240.587019999999,12611.576130000001,91157.3335,77554.0,93.0,37.0,17.0,72.0
Nebraska,31033,Cheyenne County,3692,787,4530,2905.0,0.8150110375275939,0.1737306843267108,0.6412803532008831,1019.3,800.7,1649.2,1679.3,612.4,853.6,1076.1,7690.3,12231.6,9609.048859999999,19790.4784,20151.2847,7348.42967,10240.587019999999,12912.025020000001,92283.4537,78421.0,93.0,32.0,18.0,67.0
Nebraska,31035,Clay County,2677,577,3310,2100.0,0.808761329305136,0.1743202416918429,0.6344410876132931,900.6,813.0,1783.6,1471.5,576.5,853.6,995.7,7394.3,10807.2,9755.0828,21401.765,17659.0878,6918.314969999999,10240.587019999999,11949.143039999999,88731.18149999999,89122.0,93.0,59.0,65.0,27.0
Nebraska,31037,Colfax County,2636,845,3516,1791.0,0.7497155858930603,0.24032992036405,0.5093856655290102,929.4,856.8,1717.6,1471.5,600.8,853.6,1007.2,7437.0,11152.8,10280.805960000002,20613.131,17659.0878,7211.4773700000005,10240.587019999999,12085.90052,89243.7904,80480.0,93.0,56.0,35.0,63.0
Nebraska,31039,Cuming County,3536,867,4445,2669.0,0.7955005624296962,0.1950506186726659,0.6004499437570303,943.2,832.3,1670.3,1471.5,597.3,853.6,988.6,7356.8,11318.4,9988.73777,20043.9306,17659.0878,7168.926240000001,10240.587019999999,11862.92327,88282.5935,88438.0,93.0,76.0,69.0,31.0
Nebraska,31041,Custer County,5042,786,5886,4256.0,0.8566089024804621,0.1335372069317023,0.7230716955487597,920.5,800.7,1704.3,1471.5,579.1,853.6,974.0,7303.4,11046.0,9609.048859999999,20449.0544,17659.0878,6949.52665,10240.587019999999,11687.39598,87640.7019,81463.0,93.0,77.0,49.0,57.0
Nebraska,31043,Dakota County,3934,2109,6120,1825.0,0.6428104575163399,0.3446078431372549,0.298202614379085,1136.6,766.7,1462.0,1473.9,640.3,1408.4,1189.6,8077.6,13638.553580000002,9200.15311,17545.2301,17686.90908,7684.23263,16900.204999999998,14275.36986,96930.6523,86367.0,93.0,5.0,28.0,36.0
Nebraska,31045,Dawes County,2812,992,3868,1820.0,0.7269906928645294,0.2564632885211996,0.4705274043433298,976.3,834.8,1546.0,1679.3,609.3,853.6,1038.1,7537.1,11715.6,10017.94476,18550.4394,20151.2847,7312.393679999999,10240.587019999999,12456.74828,90444.9988,75590.0,93.0,47.0,15.0,81.0
Nebraska,31047,Dawson County,6312,2101,8491,4211.0,0.7433753385938052,0.2474384642562713,0.4959368743375338,958.4,800.7,1602.0,1471.5,591.9,853.6,953.8,7231.7,11500.8,9609.048859999999,19225.644800000002,17659.0878,7102.54696,10240.587019999999,11444.63559,86782.3517,77219.0,93.0,83.0,32.0,75.0
Nebraska,31049,Deuel County,843,151,1012,692.0,0.8330039525691699,0.1492094861660079,0.683794466403162,903.5,800.7,1826.1,1679.3,573.3,853.6,1082.6,7719.2,10842.0,9609.048859999999,21914.2725,20151.2847,6880.88949,10240.587019999999,12991.549739999999,92629.6327,76250.0,93.0,22.0,11.0,79.0
Nebraska,31051,Dixon County,2271,573,2895,1698.0,0.7844559585492228,0.1979274611398963,0.5865284974093264,713.5,766.7,1765.6,1473.9,498.0,1176.2,1002.7,7396.6,8561.33322,9200.15311,21187.3634,17686.90908,5975.96861,14113.35858,12033.52774,88758.61409999999,91842.0,93.0,46.0,72.0,21.0
Nebraska,31053,Dodge County,10795,5434,16443,5361.0,0.6565103691540474,0.3304749741531351,0.3260353950009123,1002.9,832.3,1425.8,1390.7,617.5,853.6,899.7,7022.5,12034.8,9988.73777,17109.095,16688.101740000002,7409.96372,10240.587019999999,10798.24476,84269.5309,90257.0,93.0,90.0,81.0,24.0
Nebraska,31055,Douglas County,120919,148733,273403,-27814.0,0.4422738594675259,0.5440064666444772,-0.1017326071769512,1285.9,959.0,1376.1,1393.0,755.4,1408.4,1302.1,8479.7,15429.7864,11507.49323,16512.6823,16715.92279,9063.22437,16900.204999999998,15626.520380000002,101755.83499999999,105835.0,93.0,2.0,78.0,6.0
Nebraska,31057,Dundy County,829,96,929,733.0,0.8923573735199138,0.1033369214208826,0.7890204520990312,918.0,834.8,1650.5,1679.3,589.9,853.6,1045.5,7571.2,11016.0,10017.94476,19806.136300000002,20151.2847,7077.00876,10240.587019999999,12547.41539,90856.376,90052.0,93.0,39.0,63.0,26.0
Nebraska,31059,Fillmore County,2315,662,3013,1653.0,0.76833720544308,0.2197145701958181,0.548622635247262,907.2,813.0,1704.3,1385.2,578.7,853.6,939.6,7181.4,10886.4,9755.0828,20451.8251,16623.36912,6944.96233,10240.587019999999,11274.91283,86177.1401,99844.0,93.0,84.0,90.0,11.0
Nebraska,31061,Franklin County,1351,236,1600,1115.0,0.844375,0.1475,0.696875,948.5,813.0,1817.4,1471.5,592.6,853.6,1035.8,7532.3,11382.0,9755.0828,21811.000200000002,17659.0878,7111.710280000001,10240.587019999999,12428.08442,90387.553,77026.0,93.0,52.0,21.0,76.0
Nebraska,31063,Frontier County,1213,185,1410,1028.0,0.8602836879432624,0.1312056737588652,0.7290780141843971,914.7,800.7,1818.5,1679.3,577.1,853.6,1086.8,7730.4,10976.4,9609.048859999999,21821.5262,20151.2847,6926.10937,10240.587019999999,13040.32286,92765.2811,81328.0,93.0,24.0,27.0,58.0
Nebraska,31065,Furnas County,2043,358,2413,1685.0,0.8466639038541235,0.1483630335681724,0.6983008702859511,916.7,800.7,1752.5,1471.5,577.8,853.6,988.6,7361.3,11000.4,9609.048859999999,21030.2889,17659.0878,6934.184330000001,10240.587019999999,11862.44406,88336.0418,76098.0,93.0,72.0,22.0,80.0
Nebraska,31067,Gage County,7523,3242,10916,4281.0,0.6891718578233785,0.2969952363503114,0.3921766214730671,895.9,817.8,1553.7,1385.2,576.8,853.6,885.2,6967.9,10750.8,9813.49677,18644.1894,16623.36912,6918.99259,10240.587019999999,10623.28714,83614.722,88175.0,93.0,93.0,77.0,32.0
Nebraska,31069,Garden County,949,162,1117,787.0,0.8495971351835273,0.1450313339301701,0.7045658012533572,895.9,800.7,1826.7,1679.3,570.7,853.6,1079.5,7706.1,10750.8,9609.048859999999,21919.224299999998,20151.2847,6850.20473,10240.587019999999,12954.19847,92475.35,67500.0,93.0,23.0,3.0,91.0
Nebraska,31071,Garfield County,893,116,1015,777.0,0.8798029556650246,0.1142857142857142,0.7655172413793103,945.4,837.2,1736.9,1471.5,599.7,853.6,1016.3,7460.7,11344.8,10047.15166,20842.6837,17659.0878,7197.46246,10240.587019999999,12195.336809999999,89527.109,82542.0,93.0,62.0,46.0,52.0
Nebraska,31073,Gosper County,907,203,1118,704.0,0.8112701252236136,0.1815742397137746,0.629695885509839,921.1,800.7,1851.8,1471.5,579.2,853.6,1025.7,7504.0,11053.2,9609.048859999999,22222.8111,17659.0878,6951.949210000001,10240.587019999999,12309.18906,90045.8732,87292.0,93.0,51.0,60.0,34.0
Nebraska,31075,Grant County,351,15,366,336.0,0.9590163934426228,0.040983606557377,0.9180327868852458,918.7,834.8,1867.6,1679.3,590.0,853.6,1124.7,7868.5,11024.4,10017.94476,22412.068,20151.2847,7079.834849999999,10240.587019999999,13495.215479999999,94421.336,90069.0,93.0,13.0,56.0,25.0
Nebraska,31077,Greeley County,1030,192,1235,838.0,0.8340080971659919,0.1554655870445344,0.6785425101214575,895.9,837.2,1842.7,1471.5,583.2,853.6,1027.6,7511.8,10750.8,10047.15166,22112.4871,17659.0878,6997.60722,10240.587019999999,12332.74999,90140.4701,84402.0,93.0,44.0,51.0,43.0
Nebraska,31079,Hall County,15566,6956,22804,8610.0,0.6825995439396597,0.3050342045255218,0.3775653394141379,1045.7,837.2,1431.9,1473.9,633.7,1176.2,1078.7,7677.3,12548.4,10047.15166,17185.1757,17686.90908,7602.42156,14113.35858,12943.50708,92126.9238,82474.0,93.0,26.0,33.0,54.0
Nebraska,31081,Hamilton County,4416,1067,5547,3349.0,0.7961060032449973,0.1923562285920317,0.6037497746529655,959.3,837.2,1716.2,1471.5,604.3,853.6,1016.4,7458.8,11511.6,10047.15166,20595.4297,17659.0878,7253.58331,10240.587019999999,12196.953440000001,89504.3935,102593.0,93.0,71.0,91.0,9.0
Nebraska,31083,Harlan County,1506,280,1802,1226.0,0.8357380688124306,0.1553829078801331,0.6803551609322974,915.5,927.4,1797.4,1471.5,620.0,853.6,1066.7,7652.1,10986.0,11127.8045,21569.6215,17659.0878,7440.334519999999,10240.587019999999,12800.421599999998,91823.8586,93750.0,93.0,35.0,73.0,17.0
Nebraska,31085,Hayes County,472,19,494,453.0,0.9554655870445344,0.0384615384615384,0.917004048582996,915.5,834.8,1928.0,1679.3,589.0,853.6,1144.8,7944.8,10986.0,10017.94476,23138.4322,20151.2847,7066.9150500000005,10240.587019999999,13736.93806,95338.1023,82614.0,93.0,9.0,26.0,51.0
Nebraska,31087,Hitchcock County,1269,152,1433,1117.0,0.8855547801814375,0.1060711793440335,0.779483600837404,905.5,834.8,1808.9,1679.3,585.5,853.6,1094.8,7762.2,10866.0,10017.94476,21706.624799999998,20151.2847,7026.5400500000005,10240.587019999999,13138.278330000001,93147.2607,68958.0,93.0,18.0,4.0,90.0
Nebraska,31089,Holt County,4708,681,5442,4027.0,0.8651231165012863,0.1251378169790518,0.7399852995222345,901.9,861.6,1722.9,1471.5,593.4,853.6,998.6,7403.3,10822.8,10339.21989,20674.797899999998,17659.0878,7120.10042,10240.587019999999,11983.68774,88840.2812,80952.0,93.0,58.0,38.0,62.0
Nebraska,31091,Hooker County,369,55,427,314.0,0.8641686182669789,0.1288056206088993,0.7353629976580796,925.1,834.8,1698.9,1679.3,592.3,853.6,1066.4,7650.3,11101.2,10017.94476,20387.3775,20151.2847,7105.67487,10240.587019999999,12798.82743,91802.8971,102692.0,93.0,30.0,86.0,8.0
Nebraska,31093,Howard County,2868,642,3550,2226.0,0.8078873239436619,0.1808450704225352,0.6270422535211267,897.7,837.2,1744.3,1473.9,583.8,1176.2,1118.6,7831.8,10772.4,10047.15166,20930.5294,17686.90908,7004.87467,14113.35858,13425.110939999999,93980.3338,90463.0,93.0,10.0,55.0,23.0
Nebraska,31095,Jefferson County,2614,968,3631,1646.0,0.7199118700082622,0.2665932250068851,0.453318645001377,922.3,817.8,1640.8,1385.2,585.6,853.6,931.0,7136.2,11067.6,9813.49677,19689.869599999998,16623.36912,7025.581940000001,10240.587019999999,11172.55034,85633.0542,78295.0,93.0,89.0,41.0,68.0
Nebraska,31097,Johnson County,1496,625,2152,871.0,0.6951672862453532,0.2904275092936803,0.4047397769516729,895.9,817.8,1645.8,1385.2,576.8,853.6,918.0,7092.6,10750.8,9813.49677,19750.9122,16623.36912,6918.99259,10240.587019999999,11015.04833,85113.2071,76452.0,93.0,88.0,34.0,78.0
Nebraska,31099,Kearney County,2828,736,3604,2092.0,0.7846836847946725,0.2042175360710321,0.5804661487236403,915.4,927.4,1742.8,1471.5,620.1,853.6,1043.7,7574.2,10984.8,11127.8045,20913.1322,17659.0878,7439.93082,10240.587019999999,12524.95853,90890.3017,98828.0,93.0,40.0,83.0,12.0
Nebraska,31101,Keith County,3416,731,4199,2685.0,0.8135270302452965,0.1740890688259109,0.6394379614193856,918.3,834.8,1638.4,1679.3,589.9,853.6,1041.8,7555.6,11019.6,10017.94476,19660.6575,20151.2847,7078.21981,10240.587019999999,12500.705859999998,90669.0006,77823.0,93.0,41.0,20.0,70.0
Nebraska,31103,Keya Paha County,500,44,544,456.0,0.9191176470588236,0.0808823529411764,0.838235294117647,918.7,868.9,1905.3,1471.5,601.4,853.6,1077.4,7696.9,11024.4,10426.840419999999,22863.5826,17659.0878,7217.410429999999,10240.587019999999,12929.48467,92361.393,70250.0,93.0,28.0,7.0,87.0
Nebraska,31105,Kimball County,1424,272,1720,1152.0,0.827906976744186,0.1581395348837209,0.6697674418604651,965.9,834.8,1705.8,1679.3,605.8,853.6,1092.2,7737.0,11590.8,10017.94476,20467.425199999998,20151.2847,7270.40375,10240.587019999999,13107.259979999999,92845.7052,71111.0,93.0,31.0,9.0,85.0
Nebraska,31107,Knox County,3593,786,4436,2807.0,0.8099639314697926,0.1771866546438232,0.6327772768259694,933.9,868.9,1736.4,1471.5,606.5,853.6,1026.5,7497.5,11206.8,10426.840419999999,20838.1295,17659.0878,7278.78014,10240.587019999999,12319.23408,89969.4603,83233.0,93.0,54.0,50.0,47.0
Nebraska,31109,Lancaster County,74215,81012,157633,-6797.0,0.4708087773499204,0.5139279211840161,-0.0431191438340957,1190.6,944.4,1371.6,1387.6,718.3,1408.4,1244.8,8265.6,14287.2,11332.25229,16457.4916,16651.190169999998,8619.832740000002,16900.204999999998,14938.670730000002,99186.843,98694.0,93.0,4.0,68.0,13.0
Nebraska,31111,Lincoln County,12674,3586,16464,9088.0,0.7698007774538387,0.2178085519922254,0.5519922254616132,984.3,834.8,1460.8,1679.3,612.1,853.6,1012.4,7437.0,11811.6,10017.94476,17527.3576,20151.2847,7344.693369999999,10240.587019999999,12149.28009,89242.74769999999,82305.0,93.0,67.0,48.0,55.0
Nebraska,31113,Logan County,409,25,440,384.0,0.9295454545454546,0.0568181818181818,0.8727272727272728,915.5,834.8,1830.7,1679.3,589.0,853.6,1107.5,7809.9,10986.0,10017.94476,21967.8426,20151.2847,7066.9150500000005,10240.587019999999,13289.158650000001,93719.7344,84583.0,93.0,16.0,37.0,42.0
Nebraska,31115,Loup County,354,73,428,281.0,0.8271028037383178,0.1705607476635514,0.6565420560747663,918.7,800.7,1853.6,1471.5,578.5,853.6,1027.7,7504.1,11024.4,9609.048859999999,22243.2069,17659.0878,6942.2592,10240.587019999999,12331.43447,90050.02239999999,77708.0,93.0,48.0,23.0,71.0
Nebraska,31117,McPherson County,267,12,283,255.0,0.9434628975265018,0.0424028268551236,0.9010600706713782,918.7,834.8,1806.8,1679.3,590.0,853.6,1102.3,7785.3,11024.4,10017.94476,21681.334899999998,20151.2847,7079.834849999999,10240.587019999999,13228.7363,93424.1245,71250.0,93.0,17.0,5.0,84.0
Nebraska,31119,Madison County,12145,3360,15690,8785.0,0.7740599107711919,0.2141491395793499,0.559910771191842,996.6,861.6,1446.9,1471.5,625.3,853.6,950.3,7205.6,11959.2,10339.21989,17363.1705,17659.0878,7502.44957,10240.587019999999,11404.90812,86468.62299999999,85143.0,93.0,86.0,62.0,39.0
Nebraska,31121,Merrick County,3551,730,4342,2821.0,0.8178258866881621,0.1681252878857669,0.6497005988023952,939.6,837.2,1684.1,1473.9,597.8,1176.2,1119.9,7828.6,11275.2,10047.15166,20209.1019,17686.90908,7174.0450200000005,14113.35858,13438.950459999998,93944.7164,83087.0,93.0,14.0,30.0,48.0
Nebraska,31123,Morrill County,2026,366,2426,1660.0,0.8351195383347073,0.1508656224237428,0.6842539159109645,896.0,834.8,1694.7,1679.3,582.3,853.6,1049.3,7589.9,10752.0,10017.94476,20335.7157,20151.2847,6988.184050000001,10240.587019999999,12592.01229,91077.72760000001,82750.0,93.0,34.0,36.0,50.0
Nebraska,31125,Nance County,1462,352,1837,1110.0,0.7958628198149156,0.1916167664670658,0.6042460533478498,915.5,856.8,1679.2,1471.5,596.3,853.6,990.0,7363.0,10986.0,10280.805960000002,20152.2601,17659.0878,7155.356450000001,10240.587019999999,11882.197339999999,88356.29490000001,81131.0,93.0,69.0,42.0,60.0
Nebraska,31127,Nemaha County,2443,915,3418,1528.0,0.7147454651843184,0.2677004095962551,0.4470450555880632,965.9,981.0,1643.3,1385.2,655.0,853.6,1035.0,7518.8,11590.8,11770.354819999999,19720.5376,16623.36912,7860.013709999999,10240.587019999999,12421.318739999999,90226.9805,81006.0,93.0,63.0,39.0,61.0
Nebraska,31129,Nuckolls County,1836,399,2258,1437.0,0.8131089459698848,0.1767050487156776,0.6364038972542072,895.9,813.0,1711.2,1471.5,574.9,853.6,968.7,7288.7,10750.8,9755.0828,20533.1287,17659.0878,6899.33879,10240.587019999999,11623.96061,87461.9855,84840.0,93.0,75.0,59.0,40.0
Nebraska,31131,Otoe County,5651,2463,8198,3188.0,0.6893144669431569,0.3004391314954867,0.3888753354476702,931.7,981.0,1572.2,1385.2,643.5,853.6,990.0,7356.8,11180.4,11770.354819999999,18865.3958,16623.36912,7721.9319399999995,10240.587019999999,11878.68886,88280.72839999999,106490.0,93.0,74.0,92.0,5.0
Nebraska,31133,Pawnee County,1085,284,1379,801.0,0.7868020304568528,0.2059463379260333,0.5808556925308195,926.3,817.8,1711.1,1385.2,586.8,853.6,957.8,7238.4,11115.6,9813.49677,20533.072200000002,16623.36912,7041.73184,10240.587019999999,11494.36937,86862.2256,72386.0,93.0,82.0,13.0,82.0
Nebraska,31135,Perkins County,1224,187,1426,1037.0,0.8583450210378681,0.1311360448807854,0.7272089761570827,942.6,834.8,1785.1,1679.3,598.0,853.6,1103.3,7796.5,11311.2,10017.94476,21422.863,20151.2847,7176.330680000001,10240.587019999999,13238.976870000002,93559.1875,85200.0,93.0,25.0,43.0,38.0
Nebraska,31137,Phelps County,4158,758,4965,3400.0,0.8374622356495468,0.1526686807653575,0.6847935548841892,973.8,927.4,1600.0,1471.5,639.8,853.6,1027.6,7493.3,11685.6,11127.8045,19200.5522,17659.0878,7675.719520000001,10240.587019999999,12330.34973,89919.7012,91205.0,93.0,66.0,75.0,22.0
Nebraska,31139,Pierce County,3420,446,3897,2974.0,0.8775981524249422,0.1144470105209135,0.7631511419040287,950.0,861.6,1702.7,1471.5,609.6,853.6,1017.5,7466.0,11400.0,10339.21989,20432.211199999998,17659.0878,7314.30313,10240.587019999999,12208.49898,89593.9078,85417.0,93.0,64.0,57.0,37.0
Nebraska,31141,Platte County,12326,3191,15658,9135.0,0.7872014305786179,0.2037935879422659,0.583407842636352,1001.7,856.8,1553.4,1471.5,625.2,853.6,987.3,7349.3,12020.4,10280.805960000002,18641.3964,17659.0878,7503.3871,10240.587019999999,11845.646270000001,88191.312,92663.0,93.0,78.0,79.0,20.0
Nebraska,31143,Polk County,2296,501,2819,1795.0,0.8144732174529975,0.1777225966654842,0.6367506207875133,895.9,856.8,1834.2,1471.5,589.7,853.6,1032.5,7533.9,10750.8,10280.805960000002,22010.274899999997,17659.0878,7076.221820000001,10240.587019999999,12389.453570000001,90407.2291,92736.0,93.0,45.0,74.0,19.0
Nebraska,31145,Red Willow County,4457,815,5323,3642.0,0.8373097877136952,0.1531091489761412,0.684200638737554,895.9,800.7,1598.9,1679.3,570.7,853.6,997.9,7396.8,10750.8,9609.048859999999,19185.4621,20151.2847,6850.20473,10240.587019999999,11974.654700000001,88762.0424,89079.0,93.0,55.0,64.0,28.0
Nebraska,31147,Richardson County,2962,934,3942,2028.0,0.7513952308472857,0.2369355657026889,0.5144596651445967,895.9,830.0,1640.9,1385.2,580.6,853.6,922.0,7108.0,10750.8,9959.53083,19690.638899999998,16623.36912,6968.126630000001,10240.587019999999,11063.355,85296.4093,79459.0,93.0,87.0,44.0,65.0
Nebraska,31149,Rock County,745,85,834,660.0,0.8932853717026379,0.1019184652278177,0.7913669064748201,937.9,868.9,1777.7,1471.5,607.8,853.6,1043.3,7560.9,11254.8,10426.840419999999,21332.5481,17659.0878,7294.9301399999995,10240.587019999999,12520.646530000002,90729.4405,72250.0,93.0,49.0,10.0,83.0
Nebraska,31151,Saline County,3734,1855,5655,1879.0,0.6603006189213085,0.3280282935455349,0.3322723253757736,968.9,944.4,1638.2,1385.2,643.8,853.6,1015.9,7449.7,11626.8,11332.25229,19658.7131,16623.36912,7724.72371,10240.587019999999,12191.423859999999,89397.868,88933.0,93.0,73.0,70.0,29.0
Nebraska,31153,Sarpy County,55567,43825,100735,11742.0,0.55161562515511,0.4350523651163945,0.1165632600387154,1420.8,905.5,1518.6,1393.0,782.7,1408.4,1397.6,8826.5,17049.7808,10864.94279,18223.0444,16715.92279,9392.092050000001,16900.204999999998,16771.10744,105917.09509999999,119932.0,93.0,1.0,89.0,1.0
Nebraska,31155,Saunders County,9854,3558,13565,6296.0,0.7264283081459639,0.2622926649465536,0.4641356431994103,974.6,929.7,1711.6,1393.0,640.7,1176.2,1159.6,7985.2,11695.2,11157.01095,20538.345,16715.92279,7688.776309999999,14113.35858,13915.40357,95824.0171,109378.0,93.0,6.0,88.0,3.0
Nebraska,31157,Scotts Bluff County,11033,3856,15040,7177.0,0.7335771276595745,0.2563829787234042,0.4771941489361702,996.0,834.8,1472.2,1679.3,616.0,853.6,1023.4,7475.2,11952.0,10017.94476,17665.9932,20151.2847,7391.9320099999995,10240.587019999999,12282.67771,89702.4192,82514.0,93.0,65.0,47.0,53.0
Nebraska,31159,Seward County,6667,2388,9184,4279.0,0.7259364111498258,0.2600174216027874,0.4659189895470383,1011.9,944.4,1707.4,1387.6,658.1,1176.2,1189.5,8075.0,12142.8,11332.25229,20487.851499999997,16651.190169999998,7898.33524,14113.35858,14273.2982,96899.087,105659.0,93.0,8.0,85.0,7.0
Nebraska,31161,Sheridan County,2102,362,2484,1740.0,0.8462157809983897,0.1457326892109501,0.7004830917874396,902.5,834.8,1703.8,1679.3,584.5,853.6,1054.4,7612.7,10830.0,10017.94476,20446.4257,20151.2847,7014.427659999999,10240.587019999999,12652.772789999999,91353.4425,69948.0,93.0,33.0,6.0,89.0
Nebraska,31163,Sherman County,1344,328,1687,1016.0,0.7966804979253111,0.1944279786603438,0.6022525192649674,961.5,927.4,1759.2,1471.5,635.5,853.6,1078.4,7686.7,11538.0,11127.8045,21108.7283,17659.0878,7626.05851,10240.587019999999,12940.212329999998,92240.4798,70156.0,93.0,38.0,8.0,88.0
Nebraska,31165,Sioux County,597,77,678,520.0,0.8805309734513275,0.1135693215339233,0.7669616519174042,915.5,834.8,1801.9,1679.3,589.0,853.6,1098.5,7772.2,10986.0,10017.94476,21623.7267,20151.2847,7066.9150500000005,10240.587019999999,13180.41105,93266.8692,77000.0,93.0,19.0,12.0,77.0
Nebraska,31167,Stanton County,2536,492,3064,2044.0,0.8276762402088773,0.160574412532637,0.6671018276762403,1089.3,861.6,1746.3,1471.5,656.3,853.6,1095.9,7774.3,13071.6,10339.21989,20953.4876,17659.0878,7876.72398,10240.587019999999,13151.244620000001,93291.9501,93103.0,93.0,21.0,66.0,18.0
Nebraska,31169,Thayer County,2278,544,2852,1734.0,0.7987377279102384,0.1907433380084151,0.6079943899018233,904.7,817.8,1698.6,1385.2,579.6,853.6,940.8,7180.1,10856.4,9813.49677,20383.494700000003,16623.36912,6954.522320000001,10240.587019999999,11289.973880000001,86161.84300000001,81304.0,93.0,85.0,52.0,59.0
Nebraska,31171,Thomas County,348,44,393,304.0,0.8854961832061069,0.1119592875318066,0.7735368956743003,915.5,834.8,1967.0,1679.3,589.0,853.6,1158.4,7997.3,10986.0,10017.94476,23604.3501,20151.2847,7066.9150500000005,10240.587019999999,13901.802549999999,95968.88519999999,84375.0,93.0,7.0,29.0,44.0
Nebraska,31173,Thurston County,1125,978,2123,147.0,0.5299105040037683,0.4606688648139425,0.0692416391898257,903.5,766.7,1638.1,1390.7,561.9,853.6,896.1,7010.3,10842.0,9200.15311,19657.7136,16688.101740000002,6743.313980000001,10240.587019999999,10752.481530000001,84124.351,70761.0,93.0,91.0,14.0,86.0
Nebraska,31175,Valley County,1872,403,2299,1469.0,0.8142670726402784,0.1752936059156155,0.6389734667246629,904.0,837.2,1707.8,1471.5,585.7,853.6,984.0,7344.1,10848.0,10047.15166,20494.3737,17659.0878,7030.31083,10240.587019999999,11808.77503,88128.2864,84125.0,93.0,70.0,54.0,45.0
Nebraska,31177,Washington County,8855,3538,12545,5317.0,0.7058589079314468,0.282024711040255,0.4238341968911917,1059.9,873.7,1692.9,1393.0,650.6,1176.2,1169.9,8016.3,12720.94213,10485.25404,20314.283000000003,16715.92279,7807.876859999999,14113.35858,14038.421529999998,96196.0589,118017.0,93.0,11.0,93.0,2.0
Nebraska,31179,Wayne County,3011,1006,4073,2005.0,0.7392585317947459,0.2469923889025288,0.492266142892217,895.9,861.6,1616.3,1471.5,591.4,853.6,958.1,7248.0,10750.8,10339.21989,19395.5489,17659.0878,7095.87556,10240.587019999999,11496.225910000001,86977.3453,82887.0,93.0,79.0,53.0,49.0
Nebraska,31181,Webster County,1449,296,1763,1153.0,0.8218944980147476,0.1678956324446965,0.653998865570051,937.9,813.0,1745.3,1471.5,589.1,853.6,1004.5,7414.9,11254.8,9755.0828,20943.2266,17659.0878,7068.913030000001,10240.587019999999,12055.190229999998,88976.888,78200.0,93.0,68.0,31.0,69.0
Nebraska,31183,Wheeler County,424,57,486,367.0,0.8724279835390947,0.1172839506172839,0.7551440329218108,937.9,861.6,1900.6,1471.5,605.6,853.6,1083.7,7714.2,11254.8,10339.21989,22807.4084,17659.0878,7265.44978,10240.587019999999,13003.81092,92570.3647,77500.0,93.0,29.0,16.0,73.0
Nebraska,31185,York County,5234,1648,6984,3586.0,0.7494272623138603,0.2359679266895761,0.513459335624284,974.0,837.2,1618.0,1385.2,609.4,853.6,953.9,7231.1,11688.0,10047.15166,19413.8684,16623.36912,7312.93419,10240.587019999999,11447.38989,86773.3017,88455.0,93.0,81.0,71.0,30.0
Nevada,32001,Churchill County,9962,3179,13503,6783.0,0.7377619788195215,0.235429163889506,0.5023328149300155,1339.4,885.9,1577.0,1622.4,748.9,869.2,938.7,7981.6,16072.8,10631.288219999999,18924.500699999997,19469.53145,8984.76547,10431.323540000001,11262.7729,95776.9831,94339.0,17.0,13.0,12.0,8.0
Nevada,32003,Clark County,493052,520187,1031223,-27135.0,0.4781235484468442,0.5044369646526503,-0.0263134162058061,1842.3,893.1,1354.0,1043.4,920.3,1625.2,1140.7,8819.2,22107.6,10718.90879,16246.949599999998,12521.407009999999,11044.69414,19502.1288,13687.49602,105829.1825,86678.0,17.0,2.0,4.0,12.0
Nevada,32005,Douglas County,23237,11553,35556,11684.0,0.653532455844302,0.3249240634492069,0.3286083923950951,1608.7,968.5,1581.0,1360.9,867.3,944.0,1025.3,8355.9,19304.4,11624.32052,18972.0547,16330.010339999999,10406.17071,11327.616140000002,12305.29227,100269.865,100742.0,17.0,7.0,14.0,5.0
Nevada,32007,Elko County,17352,4632,22465,12720.0,0.7724015134653907,0.2061874026263075,0.566214110839083,1532.5,910.3,1786.7,1622.4,821.9,869.2,1082.1,8625.4,18390.0,10923.35663,21441.5267,19469.53145,9862.6711,10431.323540000001,12985.42212,103503.83,102075.0,17.0,4.0,13.0,4.0
Nevada,32009,Esmeralda County,376,73,461,303.0,0.8156182212581344,0.158351409978308,0.6572668112798264,1559.7,847.0,1787.5,1622.4,809.8,874.4,1075.0,8575.6,18716.4,10163.978650000001,21450.221299999997,19469.53145,9716.99295,10490.64388,12899.81542,102907.5834,108125.0,17.0,5.0,16.0,2.0
Nevada,32011,Eureka County,910,104,1036,806.0,0.8783783783783784,0.1003861003861003,0.777992277992278,1413.4,910.3,1948.4,1622.4,781.8,874.4,1087.8,8638.4,16960.8,10923.35663,23380.8815,19469.53145,9381.80731,10490.64388,13054.38629,103661.4094,68333.0,17.0,3.0,2.0,15.0
Nevada,32013,Humboldt County,6141,1711,8030,4430.0,0.7647571606475716,0.2130759651307596,0.5516811955168119,1261.0,910.3,1710.3,1622.4,730.4,869.2,950.2,8054.0,15132.0,10923.35663,20524.2826,19469.53145,8766.49563,10431.323540000001,11401.86604,96648.8557,90247.0,17.0,10.0,8.0,9.0
Nevada,32015,Lander County,2180,482,2725,1698.0,0.8,0.1768807339449541,0.623119266055046,1212.3,910.3,1724.0,1622.4,714.1,869.2,936.7,7989.0,14547.6,10923.35663,20687.7149,19469.53145,8569.87047,10431.323540000001,11240.485490000001,95869.8816,86413.0,17.0,11.0,5.0,13.0
Nevada,32017,Lincoln County,2108,314,2472,1794.0,0.8527508090614887,0.1270226537216828,0.7257281553398058,1122.0,861.6,1744.7,1622.4,667.3,874.4,893.1,7785.5,13464.0,10339.21989,20936.4562,19469.53145,8008.74926,10490.64388,10718.022690000002,93426.6258,89148.0,17.0,15.0,9.0,10.0
Nevada,32019,Lyon County,23861,8954,33541,14907.0,0.7113979905190663,0.2669568587698637,0.4444411317492025,1386.2,895.7,1682.6,1360.9,767.7,966.0,941.6,8000.8,16634.4,10748.11575,20192.576399999998,16330.010339999999,9213.02689,11591.40048,11299.73643,96009.26710000001,87582.0,17.0,14.0,7.0,11.0
Nevada,32021,Mineral County,1528,711,2295,817.0,0.6657952069716776,0.3098039215686274,0.3559912854030501,1413.4,885.9,1746.7,1622.4,773.7,869.2,1018.4,8329.8,16960.8,10631.288219999999,20960.3297,19469.53145,9283.53902,10431.323540000001,12222.66241,99959.475,58938.0,17.0,6.0,1.0,17.0
Nevada,32023,Nye County,18946,7559,26997,11387.0,0.7017816794458643,0.2799940734155647,0.4217876060302996,1249.4,847.0,1542.3,1031.8,705.3,869.2,715.9,6961.0,14992.8,10163.978650000001,18507.9878,12381.33446,8464.16337,10431.323540000001,8590.60296,83532.1917,67566.0,17.0,17.0,3.0,16.0
Nevada,32027,Pershing County,1764,496,2308,1268.0,0.7642980935875217,0.2149046793760831,0.5493934142114385,1131.7,885.9,1641.7,1622.4,678.9,874.4,878.4,7713.3,13580.4,10631.288219999999,19700.7374,19469.53145,8146.18123,10490.64388,10540.10671,92558.88810000001,95335.0,17.0,16.0,15.0,7.0
Nevada,32029,Storey County,2108,913,3075,1195.0,0.6855284552845529,0.2969105691056911,0.3886178861788618,1174.4,1002.7,1795.8,1372.5,732.5,1124.2,989.9,8192.1,14093.941569999999,12033.21619,21548.797,16470.083,8790.65353,13490.42088,11877.15985,98304.2727,117356.0,17.0,8.0,17.0,1.0
Nevada,32031,Washoe County,127443,130071,263734,-2628.0,0.4832255226857364,0.4931901082150955,-0.0099645855293591,1757.3,1002.7,1438.4,1205.3,928.8,1444.8,1168.4,8946.1,21091.9257,12033.21619,17260.8068,14463.378649999999,11145.171299999998,17338.246600000002,14020.463389999999,107353.21059999999,103098.0,17.0,1.0,10.0,3.0
Nevada,32033,White Pine County,3364,883,4351,2481.0,0.7731555964146173,0.2029418524477131,0.5702137439669042,1344.7,910.3,1639.6,1622.4,758.6,869.2,964.5,8109.6,16136.4,10923.35663,19676.0127,19469.53145,9104.432490000001,10431.323540000001,11574.30083,97315.35919999999,96395.0,17.0,9.0,11.0,6.0
Nevada,32510,Carson City,16873,13375,31068,3498.0,0.5430990086262392,0.430507274365907,0.1125917342603321,1508.3,922.5,1349.7,1372.5,817.7,1088.6,948.3,8007.6,18099.6,11069.39069,16198.7247,16470.083,9814.09819,13059.37702,11379.57375,96090.84790000001,85823.0,17.0,12.0,6.0,14.0
New Hampshire,33001,Belknap County,22765,17469,40550,5296.0,0.5614056720098644,0.4308014796547472,0.1306041923551171,1412.0,978.5,1594.8,918.2,804.4,1312.2,934.5,7954.3,16944.0,11741.14791,19136.9875,11018.2015,9651.30617,15745.007800000001,11213.567509999999,95450.2185,107907.0,10.0,6.0,8.0,5.0
New Hampshire,33003,Carroll County,17407,16827,34498,580.0,0.5045799756507624,0.4877674068061917,0.0168125688445707,1349.5,1019.8,1656.5,918.2,797.2,1284.2,937.3,7962.6,16194.0,12237.66443,19877.3709,11018.2015,9566.01982,15410.247199999998,11247.35122,95550.8542,98290.0,10.0,7.0,2.0,8.0
New Hampshire,33005,Cheshire County,20142,24579,45200,-4437.0,0.4456194690265487,0.543783185840708,-0.0981637168141592,1491.4,944.4,1533.3,918.2,819.6,1307.0,933.8,7947.6,17896.8,11332.25229,18399.3065,11018.2015,9834.3063,15683.3074,11207.3315,95371.5058,99241.0,10.0,8.0,5.0,7.0
New Hampshire,33007,Coos County,9731,7355,17230,2376.0,0.5647707486941381,0.4268717353453279,0.1378990133488102,1034.2,939.7,1601.8,918.2,664.1,1149.6,733.2,7040.6,12410.4,11273.838440000001,19221.9316,11018.2015,7968.71746,13794.0102,8798.971000000001,84486.0705,82200.0,10.0,10.0,1.0,10.0
New Hampshire,33009,Grafton County,21911,32998,55603,-11087.0,0.3940614715033361,0.5934571875618222,-0.199395716058486,1398.4,988.3,1640.0,918.2,803.0,1328.6,952.6,8028.6,16780.8,11857.97515,19679.721400000002,11018.2015,9635.703839999998,15940.7108,11430.40541,96343.5181,105927.0,10.0,5.0,6.0,6.0
New Hampshire,33011,Hillsborough County,112068,118780,233234,-6712.0,0.4804959825754392,0.5092739480521707,-0.0287779654767315,1933.1,990.6,1482.7,907.8,983.8,1739.8,1245.8,9283.5,23199.044,11887.1821,17792.1184,10892.86524,11804.990950000001,20875.8142,14951.257000000001,111403.27369999999,124104.0,10.0,3.0,7.0,2.0
New Hampshire,33013,Merrimack County,43365,48181,92475,-4816.0,0.4689375506893755,0.5210164909434982,-0.0520789402541227,1527.4,981.0,1599.0,918.2,843.9,1354.4,997.5,8221.4,18328.8,11770.354819999999,19187.942300000002,11018.2015,10127.058,16254.618400000001,11969.842410000001,98656.81539999999,116752.0,10.0,4.0,10.0,4.0
New Hampshire,33015,Rockingham County,102542,97616,201949,4926.0,0.5077618606677924,0.4833695636026918,0.0243922970651006,2069.3,985.7,1612.6,907.8,1027.7,1783.4,1348.8,9735.5,24830.3574,11828.76853,19349.2008,10892.86524,12334.20312,21403.1884,16186.342540000001,116824.92760000001,138240.0,10.0,1.0,9.0,1.0
New Hampshire,33017,Strafford County,33163,42374,76323,-9211.0,0.4345086016010901,0.5551930610694024,-0.1206844594683122,2130.3,946.8,1557.2,907.8,1035.4,1683.8,1310.0,9571.4,25563.6,11361.45907,18687.0831,10892.86524,12423.6784,20205.913800000002,15720.87053,114855.473,118846.0,10.0,2.0,3.0,3.0
New Hampshire,33019,Sullivan County,12484,12317,25091,167.0,0.4975489219241959,0.4908931489378662,0.0066557729863297,1361.4,893.1,1611.6,918.2,758.8,1282.6,875.7,7701.2,16336.8,10718.90879,19339.908600000002,11018.2015,9103.070600000001,15389.9952,10507.18197,92414.0663,96832.0,10.0,9.0,4.0,9.0
New Jersey,34001,Atlantic County,65817,61879,129759,3938.0,0.507224932374633,0.476876363103908,0.0303485692707249,1860.4,942.1,1421.3,1175.0,942.9,1538.4,1439.9,9319.5,22324.8,11303.045329999999,17055.9477,14100.748060000002,11314.3093,18458.9824,17278.13725,111835.9688,94662.0,21.0,20.0,3.0,20.0
New Jersey,34003,Bergen County,217096,232660,459077,-15564.0,0.4728967036030992,0.5067995129357384,-0.0339028093326391,2160.5,1044.1,1327.9,1193.3,1078.2,1692.0,1658.2,10154.3,25926.5834,12529.732520000001,15932.3803,14319.008850000002,12938.87969,20304.5134,19899.393959999998,121850.49299999999,150475.0,21.0,6.0,17.0,5.0
New Jersey,34005,Burlington County,94116,132275,229466,-38159.0,0.4101522665667245,0.5764470553371741,-0.1662947887704496,2125.8,966.2,1542.4,1175.0,1040.4,1703.4,1681.3,10234.5,25509.4979,11595.11371,18509.9739,14100.748060000002,12484.09024,20438.7342,20176.0527,122814.2115,127277.0,21.0,5.0,11.0,9.0
New Jersey,34007,Camden County,87767,155522,246954,-67755.0,0.355398171319355,0.6297610081229703,-0.2743628368036153,1714.4,995.4,1435.9,1175.0,911.9,1507.0,1382.2,9122.0,20572.6692,11945.595819999999,17231.9929,14100.748060000002,10940.98331,18085.1484,16586.587349999998,109463.7236,107664.0,21.0,18.0,9.0,14.0
New Jersey,34009,Cape May County,32151,21648,54568,10503.0,0.5891914675267556,0.3967160240433954,0.1924754434833601,1646.9,1053.6,1501.0,1175.0,908.6,1563.0,1429.3,9277.7,19762.8,12646.55991,18012.565899999998,14100.748060000002,10904.34176,18756.3754,17150.36157,111333.75379999999,106504.0,21.0,16.0,8.0,15.0
New Jersey,34011,Cumberland County,28675,26577,55885,2098.0,0.5131072738659748,0.4755658942471146,0.0375413796188601,1675.4,876.1,1459.8,1193.3,858.4,1531.4,1335.7,8930.2,20104.8,10514.46091,17518.709899999998,14319.008850000002,10302.0511,18375.411,16027.979739999999,107162.4226,76482.0,21.0,21.0,1.0,21.0
New Jersey,34013,Essex County,83908,224596,313283,-140688.0,0.2678345138421172,0.7169109080288429,-0.4490763941867257,1883.0,1070.9,1286.6,1175.0,993.9,1608.2,1485.8,9503.4,22594.8503,12851.00794,15439.0661,14100.748060000002,11925.99134,19300.1484,17829.713190000002,114041.5254,101256.0,21.0,14.0,6.0,16.0
New Jersey,34015,Gloucester County,83326,78708,164635,4618.0,0.5061256719409603,0.4780757433109606,0.0280499286299996,1885.2,922.5,1564.6,1175.0,944.7,1647.8,1531.2,9671.0,22620.765399999997,11069.39069,18776.4967,14100.748060000002,11335.274229999999,19776.4542,18373.31171,116052.44269999999,127695.0,21.0,13.0,15.0,8.0
New Jersey,34017,Hudson County,79913,144765,231181,-64852.0,0.3456728710404402,0.6261976546515501,-0.2805247836111099,2463.4,922.5,990.8,1175.0,1139.2,1731.6,1630.6,10053.4,29560.8,11069.39069,11890.1961,14100.748060000002,13670.294090000001,20780.6148,19568.8013,120640.8451,99378.0,21.0,12.0,2.0,18.0
New Jersey,34019,Hunterdon County,42391,36995,80925,5396.0,0.5238307074451652,0.4571516836577077,0.0666790237874574,2197.2,993.1,1667.9,1193.3,1073.6,1657.8,1766.7,10549.5,26370.365299999998,11916.38911,20013.8251,14319.008850000002,12881.82996,19892.0946,21200.4408,126593.9527,166462.0,21.0,3.0,21.0,3.0
New Jersey,34021,Mercer County,52274,107558,163270,-55284.0,0.3201690451399522,0.6587738102529552,-0.338604765113003,2056.0,1000.1,1425.5,1175.0,1028.3,1622.4,1594.9,9902.6,24672.0,12004.00926,17107.373,14100.748060000002,12339.884,19467.6126,19138.55758,118830.1848,124699.0,21.0,9.0,13.0,10.0
New Jersey,34023,Middlesex County,162459,191802,365187,-29343.0,0.4448652334283531,0.5252158483188065,-0.0803506148904533,2330.3,937.2,1449.8,1175.0,1099.2,1703.4,1733.7,10428.3,27961.5472,11244.63203,17397.8281,14100.748060000002,13191.176260000002,20441.3516,20803.41227,125140.6918,130331.0,21.0,4.0,12.0,7.0
New Jersey,34025,Monmouth County,197409,156382,360143,41027.0,0.5481405997062277,0.4342219618318279,0.1139186378743998,2143.9,1044.1,1463.7,1175.0,1072.7,1683.6,1692.9,10276.5,25731.077400000002,12529.732520000001,17564.643799999998,14100.748060000002,12873.1,20202.1034,20315.47549,123316.8774,155779.0,21.0,7.0,19.0,4.0
New Jersey,34027,Morris County,143439,135672,284666,7767.0,0.5038852550005972,0.4766006477766927,0.0272846072239045,2400.1,1051.4,1534.9,1193.3,1161.3,1753.6,1877.0,10971.8,28804.9502,12617.352869999999,18417.5934,14319.008850000002,13936.80574,21042.3082,22526.1792,131664.20130000002,168431.0,21.0,2.0,20.0,1.0
New Jersey,34029,Ocean County,227232,105789,337135,121443.0,0.6740089281741736,0.3137882450650333,0.3602206831091403,2060.6,968.5,1484.9,1175.0,1019.2,1682.4,1624.3,10015.4,24728.568099999997,11624.32052,17821.2657,14100.748060000002,12231.16748,20188.0544,19492.167269999998,120186.29069999998,108905.0,21.0,11.0,7.0,13.0
New Jersey,34031,Passaic County,100954,95156,202767,5798.0,0.497881805224716,0.4692874087006268,0.0285943965240891,1800.9,990.6,1360.5,1193.3,939.2,1668.2,1462.0,9414.8,21612.4445,11887.1821,16327.6598,14319.008850000002,11271.16909,20016.8962,17544.11049,112978.47179999998,100792.0,21.0,15.0,5.0,17.0
New Jersey,34033,Salem County,18229,12275,31001,5954.0,0.5880132898938744,0.3959549691945421,0.1920583206993322,1509.2,1017.4,1590.2,1193.3,850.2,1520.8,1364.6,9045.9,18111.8961,12208.457250000001,19083.5636,14319.008850000002,10201.48191,18248.9982,16375.985320000002,108549.39309999999,96968.0,21.0,19.0,4.0,19.0
New Jersey,34035,Somerset County,74101,98790,177412,-24689.0,0.4176774964489437,0.556839447162537,-0.1391619507135932,2473.1,1027.2,1568.3,1175.0,1177.8,1759.4,1910.3,11090.8,29676.317,12325.284479999998,18818.735500000003,14100.748060000002,14131.71416,21112.8726,22923.3024,133088.9719,167353.0,21.0,1.0,18.0,2.0
New Jersey,34037,Sussex County,52123,31019,84629,21104.0,0.6158999870020915,0.3665292039371846,0.2493707830649068,1939.7,971.1,1637.3,1193.3,979.5,1639.8,1614.1,9975.0,23276.2585,11653.527030000001,19647.6452,14319.008850000002,11752.35539,19679.6706,19370.35373,119698.82009999998,134187.0,21.0,10.0,16.0,6.0
New Jersey,34039,Union County,89063,147327,240632,-58264.0,0.3701211808903221,0.6122502410319492,-0.2421290601416271,2147.7,1010.1,1379.9,1175.0,1062.4,1630.0,1626.6,10031.5,25769.589799999998,12120.83694,16558.6809,14100.748060000002,12748.48235,19560.559,19519.82572,120378.7237,120310.0,21.0,8.0,10.0,11.0
New Jersey,34041,Warren County,35772,23318,60150,12454.0,0.594713216957606,0.3876641729010806,0.2070490440565254,1640.8,956.5,1579.4,1193.3,873.9,1551.8,1406.4,9201.9,19689.6,11478.28657,18952.7124,14319.008850000002,10486.639910000002,18621.496600000002,16875.00901,110422.75389999998,118994.0,21.0,17.0,14.0,12.0
New Mexico,35001,Bernalillo County,118762,184117,310844,-65355.0,0.3820630284000978,0.592313186035439,-0.2102501576353412,1333.2,885.9,1253.6,1092.0,746.7,1188.2,1014.7,7514.8,16003.021729999999,10631.288219999999,15042.436299999998,13103.99865,8961.288120000001,14258.755799999999,12177.02049,90177.8079,84404.0,33.0,22.0,31.0,6.0
New Mexico,35003,Catron County,1752,571,2357,1181.0,0.7433177768349597,0.2422571064913025,0.5010606703436572,932.2,885.9,1649.3,1630.6,611.7,965.4,1066.7,7741.9,11186.4,10631.288219999999,19791.4735,19566.63015,7340.70447,11585.5148,12799.02564,92901.0373,65121.0,33.0,9.0,12.0,18.0
New Mexico,35005,Chaves County,15894,5941,22200,9953.0,0.715945945945946,0.2676126126126126,0.4483333333333333,1026.1,837.2,1372.8,1630.6,627.0,980.8,998.2,7473.0,12313.2,10047.15166,16474.1312,19566.63015,7523.28695,11772.581839999999,11979.004420000001,89675.9854,61022.0,33.0,18.0,8.0,26.0
New Mexico,35006,Cibola County,4311,4450,8977,-139.0,0.4802272474100479,0.495711262114292,-0.0154840147042441,910.9,810.5,1408.0,1630.6,579.3,927.6,925.5,7192.6,10930.8,9725.87637,16897.293100000003,19566.63015,6950.0742,11131.946520000001,11108.18346,86310.80429999999,64110.0,33.0,31.0,16.0,21.0
New Mexico,35007,Colfax County,3252,2436,5813,816.0,0.5594357474625838,0.4190607259590573,0.1403750215035265,968.1,1002.7,1374.6,1630.6,663.2,958.0,1040.4,7638.0,11617.2,12033.21619,16495.1269,19566.63015,7957.33771,11498.6642,12486.92099,91655.0947,65095.0,33.0,10.0,13.0,20.0
New Mexico,35009,Curry County,10714,4230,15223,6484.0,0.7038034552979044,0.2778690139919858,0.4259344413059186,1051.8,868.9,1335.5,1630.6,646.2,1021.6,1026.0,7580.9,12621.6,10426.840419999999,16025.935099999999,19566.63015,7754.79891,12260.74096,12314.58343,90971.1293,68067.0,33.0,11.0,18.0,14.0
New Mexico,35011,De Baca County,649,206,874,443.0,0.7425629290617849,0.2356979405034324,0.5068649885583524,974.6,868.9,1501.1,1630.6,620.1,978.8,1036.0,7610.6,11695.2,10426.840419999999,18012.517,19566.63015,7443.10563,11748.51752,12432.551000000001,91325.362,82949.0,33.0,15.0,28.0,7.0
New Mexico,35013,Doña Ana County,37594,45937,85407,-8343.0,0.4401746929408596,0.5378598943880478,-0.0976852014471881,1110.8,859.2,1281.1,1642.3,662.7,1067.6,1052.7,7676.5,13329.6,10310.01301,15373.4948,19706.703,7953.70278,12810.731519999998,12632.122959999999,92116.3674,62040.0,33.0,12.0,10.0,23.0
New Mexico,35015,Eddy County,18141,5032,23472,13109.0,0.7728783231083844,0.2143830947511929,0.5584952283571916,1223.5,861.6,1474.5,1630.6,701.6,1063.4,1167.6,8122.8,14682.0,10339.21989,17693.055,19566.63015,8418.55349,12761.97556,14011.509150000002,97472.9443,97423.0,33.0,6.0,32.0,2.0
New Mexico,35017,Grant County,6580,7301,14224,-721.0,0.4625984251968504,0.5132874015748031,-0.0506889763779527,980.5,885.9,1378.6,1630.6,628.0,957.2,995.7,7456.7,11766.0,10631.288219999999,16544.1958,19566.63015,7535.7144499999995,11486.905999999999,11948.59156,89479.3265,74439.0,33.0,21.0,26.0,10.0
New Mexico,35019,Guadalupe County,945,959,1938,-14.0,0.4876160990712074,0.4948400412796697,-0.0072239422084622,984.6,851.9,1460.3,1630.6,617.9,978.8,1018.4,7542.7,11815.2,10222.392530000001,17525.6158,19566.63015,7414.69237,11748.51752,12220.79473,90513.8435,60956.0,33.0,19.0,9.0,27.0
New Mexico,35021,Harding County,297,128,431,169.0,0.6890951276102089,0.296983758700696,0.3921113689095128,978.6,851.9,1720.3,1630.6,615.9,978.8,1104.3,7880.6,11743.2,10222.392530000001,20642.7925,19566.63015,7390.46752,11748.51752,13252.842980000001,94566.8426,88889.0,33.0,8.0,30.0,5.0
New Mexico,35023,Hidalgo County,1140,705,1862,435.0,0.6122448979591837,0.378625134264232,0.2336197636949517,978.6,885.9,1424.8,1630.6,627.3,978.8,1020.0,7546.2,11743.2,10631.288219999999,17098.9074,19566.63015,7528.043180000001,11748.51752,12239.7415,90556.3273,65605.0,33.0,17.0,14.0,17.0
New Mexico,35025,Lea County,16997,3930,21209,13067.0,0.8014050638879721,0.1852986939506813,0.6161063699372907,1231.0,856.8,1450.1,1630.6,702.4,1070.6,1163.2,8104.8,14772.0,10280.805960000002,17402.0604,19566.63015,8429.180980000001,12847.345239999999,13958.58531,97256.6079,79139.0,33.0,4.0,25.0,8.0
New Mexico,35027,Lincoln County,6942,3033,10165,3909.0,0.6829316281357599,0.2983767830791933,0.3845548450565666,942.6,910.3,1501.8,1630.6,623.4,969.8,1035.7,7614.5,11311.2,10923.35663,18023.9197,19566.63015,7480.96228,11636.101579999999,12430.029680000001,91372.2023,69758.0,33.0,14.0,21.0,11.0
New Mexico,35028,Los Alamos County,4047,7726,12187,-3679.0,0.3320751620579306,0.6339542135061951,-0.3018790514482645,1437.2,1000.1,1555.4,1630.6,820.1,1197.0,1415.0,9055.2,17246.4,12004.00926,18664.1987,19566.63015,9841.4922,14364.040600000002,16978.03992,108664.8098,165685.0,33.0,1.0,33.0,1.0
New Mexico,35029,Luna County,4698,3176,8056,1522.0,0.5831678252234359,0.394240317775571,0.1889275074478649,951.7,798.2,1342.1,1630.6,588.8,972.6,937.2,7221.2,11420.4,9579.84207,16106.151800000001,19566.63015,7065.66914,11671.23128,11245.58848,86655.5135,51178.0,33.0,32.0,4.0,32.0
New Mexico,35031,McKinley County,9364,15711,25867,-6347.0,0.3620056442571616,0.6073761936057525,-0.2453705493485908,941.8,873.7,1423.8,1630.6,610.9,934.0,976.3,7391.0,11301.6,10485.25404,17085.4908,19566.63015,7330.330129999999,11208.46012,11714.589479999999,88692.3539,49991.0,33.0,25.0,1.0,33.0
New Mexico,35033,Mora County,1010,1439,2487,-429.0,0.4061117812625653,0.5786087655810213,-0.1724969843184559,957.8,851.9,1570.5,1630.6,608.9,972.6,1040.0,7632.4,11493.6,10222.392530000001,18845.5966,19566.63015,7306.488039999999,11675.447,12477.832330000001,91587.9877,52190.0,33.0,13.0,2.0,30.0
New Mexico,35035,Otero County,15117,8582,24242,6535.0,0.6235871627753485,0.3540136952396667,0.2695734675356818,978.3,876.1,1366.4,1630.6,624.1,978.8,996.3,7450.8,11739.6,10514.46091,16398.7718,19566.63015,7487.52466,11748.51752,11955.90646,89411.4099,68074.0,33.0,23.0,22.0,13.0
New Mexico,35037,Quay County,2570,1055,3704,1515.0,0.6938444924406048,0.2848272138228941,0.4090172786177106,928.4,868.9,1386.6,1630.6,604.7,962.0,965.3,7346.6,11140.8,10426.840419999999,16640.250399999997,19566.63015,7256.573939999999,11546.16878,11581.86315,88159.12759999999,51273.0,33.0,24.0,3.0,31.0
New Mexico,35039,Rio Arriba County,6268,9373,15989,-3105.0,0.3920195134154731,0.5862155231721808,-0.1941960097567077,908.4,820.4,1441.2,1630.6,581.7,926.2,938.2,7246.4,10900.8,9842.70386,17292.9646,19566.63015,6979.28792,11114.312119999999,11259.62291,86956.3216,69360.0,33.0,28.0,23.0,12.0
New Mexico,35041,Roosevelt County,4687,1820,6639,2867.0,0.7059798162373851,0.2741376713360446,0.4318421449013405,1012.7,868.9,1394.5,1630.6,633.2,998.4,1023.2,7561.4,12152.4,10426.840419999999,16734.9963,19566.63015,7596.93355,11979.2372,12279.40248,90736.4407,66721.0,33.0,16.0,17.0,15.0
New Mexico,35043,Sandoval County,36605,41205,79540,-4600.0,0.4602087000251446,0.5180412371134021,-0.0578325370882575,1727.5,885.9,1461.7,1092.0,879.4,1371.0,1340.2,8757.9,20728.845,10631.288219999999,17540.587900000002,13103.99865,10551.322329999999,16455.9996,16082.5329,105094.57579999999,94544.0,33.0,2.0,29.0,3.0
New Mexico,35045,San Juan County,34264,17464,52926,16800.0,0.647394475305143,0.3299701469976949,0.3174243283074481,1144.2,861.6,1479.2,1642.3,674.8,1073.0,1139.4,8014.7,13730.4,10339.21989,17751.537099999998,19706.703,8098.3815700000005,12874.63248,13674.011849999999,96174.886,61739.0,33.0,7.0,6.0,24.0
New Mexico,35047,San Miguel County,3887,6985,11108,-3098.0,0.3499279798343536,0.628826071299964,-0.2788980914656104,973.6,851.9,1302.4,1630.6,614.2,962.6,952.5,7287.8,11683.2,10222.392530000001,15628.2677,19566.63015,7370.2801899999995,11552.517759999999,11430.72465,87454.0138,63727.0,33.0,30.0,15.0,22.0
New Mexico,35049,Santa Fe County,20457,61405,83719,-40948.0,0.2443531336972491,0.7334655215661917,-0.4891123878689426,1646.8,1000.1,1408.6,1092.0,890.6,1280.6,1297.8,8616.5,19761.6,12004.00926,16903.1706,13103.99865,10687.74778,15364.661600000001,15573.217869999999,103398.4069,89497.0,33.0,3.0,27.0,4.0
New Mexico,35051,Sierra County,3473,2332,5953,1141.0,0.5834033260540904,0.3917352595330086,0.1916680665210818,971.3,885.9,1324.0,1630.6,624.8,978.8,984.9,7400.5,11655.6,10631.288219999999,15887.1644,19566.63015,7498.569589999999,11748.51752,11818.86649,88806.63639999999,57362.0,33.0,26.0,5.0,29.0
New Mexico,35053,Socorro County,3651,3384,7233,267.0,0.504769805060141,0.4678556615512235,0.0369141435089174,978.6,830.0,1493.5,1630.6,608.6,978.8,1015.9,7536.2,11743.2,9959.53083,17921.5016,19566.63015,7302.026209999999,11748.51752,12191.66848,90433.0757,59010.0,33.0,20.0,7.0,28.0
New Mexico,35055,Taos County,4139,12038,16636,-7899.0,0.2487977879297908,0.7236114450589084,-0.4748136571291176,1146.6,1002.7,1408.6,1630.6,723.2,1052.8,1167.3,8131.5,13759.2,12033.21619,16901.5302,19566.63015,8678.027619999999,12632.176739999999,14008.32646,97579.1071,78139.0,33.0,5.0,24.0,9.0
New Mexico,35057,Torrance County,4880,2144,7179,2736.0,0.6797604123136927,0.2986488368853601,0.3811115754283325,1036.9,885.9,1600.9,1092.0,647.0,1050.2,948.0,7260.4,12440.251310000001,10631.288219999999,19209.7492,13103.99865,7762.57084,12602.266380000001,11375.05582,87125.179,65100.0,33.0,33.0,19.0,19.0
New Mexico,35059,Union County,1247,378,1665,869.0,0.7489489489489489,0.227027027027027,0.5219219219219219,932.3,759.3,1536.1,1630.6,569.1,964.8,968.8,7361.1,11187.6,9112.53284,18431.6728,19566.63015,6830.112709999999,11577.08316,11624.2811,88329.9123,61613.0,33.0,27.0,11.0,25.0
New Mexico,35061,Valencia County,19057,13609,33277,5448.0,0.5726778255251375,0.4089611443339243,0.1637166811912131,1190.3,830.0,1506.3,1092.0,679.4,1121.6,984.6,7404.0,14280.52513,9959.53083,18074.8405,13103.99865,8155.72588,13457.89076,11815.04317,88847.5564,66569.0,33.0,29.0,20.0,16.0
New York,36001,Albany County,54560,92589,147149,-38029.0,0.3707806373131995,0.6292193626868005,-0.2584387253736009,1449.8,981.0,1330.3,1159.2,818.0,1764.6,1462.5,8965.0,17399.3984,11770.354819999999,15962.7111,13909.537030000001,9814.354940000001,21173.821600000003,17549.62526,107579.8041,115490.0,62.0,17.0,59.0,10.0
New York,36003,Allegany County,13826,5483,19309,8343.0,0.7160391527267077,0.2839608472732922,0.4320783054534154,954.7,912.7,1606.0,1038.3,628.4,1285.6,1033.3,7458.7,11456.4,10952.563259999999,19272.2181,12457.592970000002,7539.64264,15424.314600000002,12401.42836,89504.16,80013.0,62.0,59.0,23.0,54.0
New York,36005,Bronx County,98174,261670,359844,-163496.0,0.2728237791932059,0.727176220806794,-0.454352441613588,2336.9,981.0,658.2,1502.6,1116.4,1783.8,1806.2,10184.7,28043.7909,11770.354819999999,7896.55603,18030.81683,13395.73071,21405.2982,21672.945,122215.49110000001,59322.0,62.0,14.0,1.0,62.0
New York,36007,Broome County,44763,45142,89905,-379.0,0.4978922195650965,0.5021077804349036,-0.004215560869807,1229.9,946.8,1339.5,1152.9,732.5,1448.0,1201.0,8050.2,14758.8,11361.45907,16073.057,13833.21683,8788.33236,17376.7258,14410.273060000001,96601.8647,83422.0,62.0,40.0,14.0,48.0
New York,36009,Cattaraugus County,22586,11424,34010,11162.0,0.6640987944722141,0.3359012055277859,0.3281975889444281,958.6,861.6,1523.0,1038.3,612.5,1285.6,980.5,7259.4,11503.2,10339.21989,18276.535,12457.592970000002,7349.02549,15424.314600000002,11765.2061,87115.0941,75127.0,62.0,61.0,13.0,60.0
New York,36011,Cayuga County,20482,15772,36254,4710.0,0.5649583494235119,0.4350416505764881,0.1299166988470237,1013.3,922.5,1504.8,1163.2,651.3,1285.6,1075.6,7616.1,12159.6,11069.39069,18056.535,13958.552950000001,7815.5462,15424.314600000002,12906.83001,91390.7707,85449.0,62.0,49.0,36.0,40.0
New York,36013,Chautauqua County,34528,22085,56613,12443.0,0.609895253740307,0.390104746259693,0.2197905074806139,966.5,900.5,1448.6,1038.3,628.3,1285.6,978.3,7245.5,11598.0,10806.5291,17382.0784,12457.592970000002,7538.150729999999,15424.314600000002,11739.899430000001,86946.56450000001,76149.0,62.0,62.0,19.0,58.0
New York,36015,Chemung County,21861,15572,37433,6289.0,0.5840034194427377,0.4159965805572623,0.1680068388854754,1289.9,903.1,1454.8,1152.9,737.9,1448.0,1252.9,8239.1,15478.8,10835.73602,17457.2652,13833.21683,8853.6982,17376.7258,15033.474349999999,98868.9168,81566.0,62.0,36.0,9.0,51.0
New York,36017,Chenango County,14294,8177,22471,6117.0,0.6361087624048773,0.3638912375951226,0.2722175248097547,992.5,837.2,1528.8,1114.3,615.4,1285.6,1015.8,7389.9,11910.0,10047.15166,18345.759899999997,13373.433050000001,7387.6277199999995,15424.314600000002,12190.083069999999,88678.3674,76894.0,62.0,60.0,17.0,56.0
New York,36019,Clinton County,18247,17478,35725,769.0,0.5107627711686494,0.4892372288313505,0.0215255423372988,1096.7,934.6,1491.3,1451.5,683.5,1285.6,1224.5,8167.6,13160.4,11215.42506,17895.3959,17418.39295,8201.40631,15424.314600000002,14695.423939999999,98010.758,90354.0,62.0,31.0,32.0,27.0
New York,36021,Columbia County,15168,20396,35564,-5228.0,0.4264987065571927,0.5735012934428073,-0.1470025868856146,1259.0,966.2,1578.2,1169.4,748.7,1391.6,1292.9,8406.3,15108.0,11595.11371,18939.5845,14034.87305,8984.437979999999,16698.3228,15514.73701,100875.0677,104645.0,62.0,25.0,58.0,15.0
New York,36023,Cortland County,11706,10290,21996,1416.0,0.5321876704855428,0.4678123295144571,0.0643753409710856,1043.3,890.7,1489.3,1163.2,650.7,1285.6,1065.2,7588.2,12519.6,10689.70192,17872.659200000002,13958.552950000001,7808.9218599999995,15424.314600000002,12783.389070000001,91057.1397,85316.0,62.0,51.0,37.0,41.0
New York,36025,Delaware County,13789,9237,23026,4552.0,0.5988447841570399,0.4011552158429601,0.1976895683140797,1030.3,990.6,1560.7,1415.5,680.0,1285.6,1236.4,8199.1,12363.6,11887.1821,18728.394800000002,16985.91305,8159.33466,15424.314600000002,14839.29596,98388.0338,76474.0,62.0,37.0,4.0,57.0
New York,36027,Dutchess County,71778,79994,151772,-8216.0,0.4729330838362807,0.5270669161637193,-0.0541338323274385,1862.6,971.1,1562.3,1405.0,953.4,1764.6,1864.2,10382.5,22347.5378,11653.527030000001,18745.8299,16860.57713,11439.881239999999,21173.821600000003,22371.0415,124592.21680000001,122611.0,62.0,11.0,52.0,8.0
New York,36029,Erie County,204774,248651,453425,-43877.0,0.4516160335226333,0.5483839664773668,-0.0967679329547334,1261.0,973.5,1318.6,1027.6,751.8,1733.8,1287.7,8353.5,15130.1973,11682.734339999999,15822.8527,12332.25705,9021.38668,20801.6802,15451.454240000001,100242.5628,96230.0,62.0,26.0,48.0,22.0
New York,36031,Essex County,9533,9629,19162,-96.0,0.4974950422711616,0.5025049577288383,-0.0050099154576766,1077.2,1000.1,1635.6,1114.3,698.9,1285.6,1179.7,7991.8,12926.4,12004.00926,19627.4682,13373.433050000001,8387.99973,15424.314600000002,14155.79783,95899.4227,85105.0,62.0,42.0,27.0,42.0
New York,36033,Franklin County,10569,8821,19390,1748.0,0.545074780814853,0.454925219185147,0.090149561629706,960.0,890.7,1560.6,1114.3,622.8,1285.6,1036.9,7470.9,11520.0,10689.70192,18728.7496,13373.433050000001,7472.59984,15424.314600000002,12443.17063,89651.9688,75978.0,62.0,57.0,11.0,59.0
New York,36035,Fulton County,16237,7666,23903,8571.0,0.6792871187717023,0.3207128812282977,0.3585742375434046,998.3,871.5,1456.3,1169.4,629.2,1285.6,1024.8,7435.0,11979.6,10456.04707,17474.1035,14034.87305,7548.62062,15424.314600000002,12300.17248,89217.7316,73183.0,62.0,54.0,6.0,61.0
New York,36037,Genesee County,18997,9367,28364,9630.0,0.6697574390071922,0.3302425609928078,0.3395148780143844,1023.8,881.1,1575.0,1038.3,640.8,1285.6,1040.7,7484.8,12285.6,10572.87434,18899.381400000002,12457.592970000002,7690.883629999999,15424.314600000002,12486.89054,89817.5379,89729.0,62.0,58.0,55.0,28.0
New York,36039,Greene County,14702,10436,25138,4266.0,0.5848516190627735,0.4151483809372265,0.169703238125547,1257.9,954.2,1573.7,1169.4,744.3,1285.6,1245.3,8230.1,15094.8,11449.07962,18885.291,14034.87305,8930.86234,15424.314600000002,14944.44277,98763.6615,96523.0,62.0,39.0,54.0,21.0
New York,36041,Hamilton County,2223,1211,3434,1012.0,0.6473500291205592,0.3526499708794409,0.2947000582411183,1180.2,951.6,1787.9,1114.3,717.3,1285.6,1262.6,8299.5,14162.4,11419.87276,21453.6814,13373.433050000001,8607.32345,15424.314600000002,15152.028159999998,99593.0533,87302.0,62.0,32.0,21.0,34.0
New York,36043,Herkimer County,19557,9110,28667,10447.0,0.6822129975232846,0.3177870024767154,0.3644259950465692,932.0,859.2,1509.4,1441.1,602.7,1448.0,1171.3,7963.8,11186.10285,10310.01301,18112.7264,17293.05713,7232.50917,17376.7258,14055.041090000002,95566.1743,88417.0,62.0,38.0,29.0,29.0
New York,36045,Jefferson County,26417,16326,42743,10091.0,0.618042720445453,0.3819572795545469,0.2360854408909061,1476.9,900.5,1455.9,1104.2,799.9,1448.0,1336.2,8521.6,17722.8,10806.5291,17473.0173,13248.09673,9598.87983,17376.7258,16034.46289,102260.511,80333.0,62.0,24.0,5.0,53.0
New York,36047,Kings County,233964,601265,835229,-367301.0,0.2801195839703841,0.7198804160296158,-0.4397608320592316,2903.2,1090.3,700.1,1502.6,1343.7,1783.8,2171.1,11495.1,34839.9197,13084.66238,8402.48892,18030.81683,16124.5394,21405.2982,26053.2215,137940.9468,87226.0,62.0,9.0,2.0,35.0
New York,36049,Lewis County,9353,3600,12953,5753.0,0.7220721068478345,0.2779278931521655,0.444144213695669,966.0,815.2,1680.7,1114.3,599.3,1285.6,1044.9,7506.2,11592.0,9784.28995,20168.0326,13373.433050000001,7192.193069999999,15424.314600000002,12538.08012,90072.3416,78095.0,62.0,56.0,15.0,55.0
New York,36051,Livingston County,18780,12148,30928,6632.0,0.6072167615106053,0.3927832384893947,0.2144335230212106,1121.5,912.7,1624.5,1171.8,684.4,1448.0,1239.6,8202.3,13456.086009999999,10952.563259999999,19493.6707,14062.177130000002,8212.45019,17376.7258,14875.03187,98428.70330000001,93602.0,62.0,33.0,43.0,26.0
New York,36053,Madison County,19025,14629,33654,4396.0,0.565311701432222,0.4346882985677779,0.130623402864444,1012.0,910.3,1645.7,1104.2,646.9,1448.0,1164.8,7931.9,12146.84313,10923.35663,19747.5892,13248.09673,7762.12018,17376.7258,13977.070300000001,95181.80189999999,94317.0,62.0,41.0,53.0,25.0
New York,36055,Monroe County,145940,214757,360697,-68817.0,0.4046055276312251,0.5953944723687749,-0.1907889447375497,1384.5,956.5,1349.0,1171.8,787.6,1733.8,1413.1,8795.9,16613.5444,11478.28657,16186.9043,14062.177130000002,9451.68073,20801.6802,16957.8761,105552.1504,99834.0,62.0,21.0,39.0,18.0
New York,36057,Montgomery County,13286,7356,20642,5930.0,0.643639182249782,0.356360817750218,0.287278364499564,984.5,888.5,1440.4,1296.6,630.2,1285.6,1066.9,7592.5,11814.0,10660.49495,17285.7433,15561.27305,7561.69121,15424.314600000002,12801.80304,91109.31999999999,86028.0,62.0,48.0,38.0,39.0
New York,36059,Nassau County,368117,338424,706541,29693.0,0.5210129348473762,0.4789870651526238,0.0420258696947523,2690.1,1022.4,1497.4,1419.9,1249.0,2002.4,2392.9,12273.6,32280.0124,12266.870910000001,17968.2191,17038.65713,14988.09123,24025.428,28716.0499,147283.3314,165692.0,62.0,5.0,62.0,1.0
New York,36061,New York County,113921,533782,647703,-419861.0,0.1758846261326564,0.8241153738673436,-0.6482307477346871,3469.8,1450.5,534.5,1502.6,1655.4,1783.8,2590.5,12987.0,41636.0458,17407.27403,6413.73365,18030.81683,19865.5124,21405.2982,31087.299300000002,155845.9818,142014.0,62.0,2.0,41.0,5.0
New York,36063,Niagara County,58678,43438,102116,15240.0,0.5746210192330291,0.4253789807669709,0.1492420384660582,1058.0,900.5,1461.3,1027.6,658.9,1448.0,1083.3,7637.7,12693.607970000001,10806.5291,17536.2484,12332.25705,7906.77546,17376.7258,12999.93367,91652.0767,88304.0,62.0,50.0,50.0,30.0
New York,36065,Oneida County,60687,39415,100102,21272.0,0.6062516233441889,0.3937483766558111,0.2125032466883778,1053.7,898.1,1392.2,1104.2,656.8,1448.0,1083.4,7636.8,12648.157879999999,10777.322339999999,16707.878,13248.09673,7881.65658,17376.7258,13000.95006,91640.789,88011.0,62.0,45.0,46.0,32.0
New York,36067,Onondaga County,93916,133155,227071,-39239.0,0.4135975091491207,0.5864024908508793,-0.1728049817017585,1212.0,966.2,1374.7,1152.9,732.9,1733.8,1330.8,8503.0,14546.2199,11595.11371,16495.8122,13833.21683,8795.42334,20801.6802,15968.361679999998,102035.8257,98891.0,62.0,22.0,49.0,19.0
New York,36069,Ontario County,30221,29520,59741,701.0,0.5058669925177014,0.4941330074822986,0.0117339850354027,1384.5,956.5,1544.7,1171.8,787.6,1733.8,1490.4,9069.3,16613.5444,11478.28657,18539.1135,14062.177130000002,9451.68073,20801.6802,17885.233379999998,108831.7155,100623.0,62.0,16.0,34.0,17.0
New York,36071,Orange County,94936,80253,175189,14683.0,0.5419061699079281,0.458093830092072,0.083812339815856,1960.1,932.1,1525.4,1405.0,973.1,1764.6,1879.1,10439.4,23522.1788,11186.21814,18303.8547,16860.57713,11677.86762,21173.821600000003,22548.9124,125273.4306,113255.0,62.0,10.0,30.0,11.0
New York,36073,Orleans County,12659,5366,18025,7293.0,0.7023023578363384,0.2976976421636615,0.4046047156726768,1078.3,856.8,1622.5,1027.6,651.0,1448.0,1134.8,7819.0,12939.67865,10280.805960000002,19471.0256,12332.25705,7812.68447,17376.7258,13616.49798,93829.6765,83039.0,62.0,44.0,22.0,49.0
New York,36075,Oswego County,33548,20483,54031,13065.0,0.6209028150506191,0.3790971849493809,0.2418056301012381,1071.6,866.6,1572.6,1104.2,651.8,1448.0,1145.3,7859.8,12855.74995,10397.6336,18872.9596,13248.09673,7823.7534,17376.7258,13743.89289,94318.8115,84690.0,62.0,43.0,26.0,46.0
New York,36077,Otsego County,15256,13031,28287,2225.0,0.5393290203980627,0.4606709796019372,0.0786580407961254,1105.8,922.5,1508.2,1451.5,682.5,1285.6,1230.7,8186.4,13269.6,11069.39069,18099.462900000002,17418.39295,8189.01304,15424.314600000002,14767.67324,98237.8461,84415.0,62.0,30.0,12.0,47.0
New York,36079,Putnam County,31553,23956,55509,7597.0,0.5684303446287989,0.431569655371201,0.1368606892575978,2968.6,1051.4,1689.5,1405.0,1352.5,2002.4,2618.8,13087.8,35621.0822,12617.352869999999,20273.501800000002,16860.57713,16230.137900000002,24025.428,31424.6132,157052.69210000001,144954.0,62.0,1.0,44.0,4.0
New York,36081,Queens County,264628,437282,701910,-172654.0,0.3770112977447251,0.6229887022552749,-0.2459774045105498,3116.4,988.3,906.6,1502.6,1380.9,1783.8,2306.5,11985.0,37398.2324,11857.97515,10877.59768,18030.81683,16572.5739,21405.2982,27676.666999999998,143819.16100000002,96052.0,62.0,8.0,3.0,23.0
New York,36083,Rensselaer County,38601,39668,78269,-1067.0,0.4931837636867725,0.5068162363132275,-0.0136324726264549,1368.9,949.3,1461.7,1159.2,780.0,1733.8,1440.5,8892.8,16426.5889,11390.66574,17538.722700000002,13909.537030000001,9359.29765,20801.6802,17285.89844,106712.3872,111952.0,62.0,19.0,57.0,12.0
New York,36085,Richmond County,128151,69345,197496,58806.0,0.6488789646372585,0.3511210353627415,0.2977579292745169,2748.7,988.3,1349.3,1502.6,1257.4,1783.8,2288.8,11918.7,32984.6541,11857.97515,16192.3465,18030.81683,15087.597,21405.2982,27465.921899999998,143024.6102,117811.0,62.0,7.0,10.0,9.0
New York,36087,Rockland County,83543,65880,149423,17663.0,0.5591040201307697,0.4408959798692303,0.1182080402615393,2971.9,954.2,1433.8,1540.8,1320.8,2002.4,2521.6,12745.1,35660.142,11449.07962,17206.974800000004,18488.73703,15850.2061,24025.428,30260.0805,152940.646,130026.0,62.0,3.0,16.0,6.0
New York,36089,St. Lawrence County,25919,18010,43929,7909.0,0.5900202599649434,0.4099797400350565,0.1800405199298869,979.2,900.5,1534.2,1114.3,632.5,1285.6,1040.0,7486.1,11750.4,10806.5291,18410.9786,13373.433050000001,7589.426799999999,15424.314600000002,12478.54502,89833.62759999999,80918.0,62.0,53.0,25.0,52.0
New York,36091,Saratoga County,63940,66321,130261,-2381.0,0.4908606566815854,0.5091393433184146,-0.0182786866368291,1559.9,1010.1,1559.0,1159.2,864.7,1764.6,1625.3,9542.7,18719.64,12120.83694,18709.136300000002,13909.537030000001,10376.48076,21173.821600000003,19502.19448,114511.64709999999,125869.0,62.0,15.0,61.0,7.0
New York,36093,Schenectady County,31975,39733,71708,-7758.0,0.4459056172254141,0.5540943827745858,-0.1081887655491716,1342.1,932.1,1446.7,1159.2,765.4,1733.8,1411.7,8790.7,16106.950699999998,11186.21814,17360.4827,13909.537030000001,9182.96566,20801.6802,16940.840279999997,105488.6734,98882.0,62.0,20.0,35.0,20.0
New York,36095,Schoharie County,10423,5547,15970,4876.0,0.6526612398246713,0.3473387601753287,0.3053224796493425,1061.1,837.2,1697.9,1286.4,638.5,1448.0,1241.0,8210.1,12729.91128,10047.15166,20375.380100000002,15435.937030000001,7663.4921699999995,17376.7258,14891.49309,98520.08959999999,87727.0,62.0,27.0,20.0,33.0
New York,36097,Schuyler County,5717,3736,9453,1981.0,0.6047815508304242,0.3952184491695757,0.2095631016608484,1022.1,903.1,1591.6,1163.2,647.9,1285.6,1105.9,7718.9,12265.2,10835.73602,19099.194,13958.552950000001,7772.46152,15424.314600000002,13273.01818,92628.4772,84851.0,62.0,46.0,33.0,44.0
New York,36099,Seneca County,8379,6610,14989,1769.0,0.5590099406231236,0.4409900593768763,0.1180198812462472,1068.7,844.6,1551.9,1182.3,643.8,1285.6,1089.2,7665.8,12824.4,10134.77191,18622.5022,14187.51305,7724.7639500000005,15424.314600000002,13070.619649999999,91988.8857,86917.0,62.0,47.0,42.0,36.0
New York,36101,Steuben County,29777,15413,45190,14364.0,0.6589289665855278,0.3410710334144722,0.3178579331710556,979.0,907.8,1507.1,1163.2,634.8,1285.6,1050.9,7528.5,11748.0,10894.14988,18085.233,13958.552950000001,7618.09979,15424.314600000002,12612.3475,90340.69649999999,86598.0,62.0,52.0,47.0,37.5
New York,36103,Suffolk County,417549,341812,759361,75737.0,0.5498689029328606,0.4501310970671393,0.0997378058657212,2683.6,1027.2,1617.3,1419.9,1248.7,2002.4,2437.2,12436.0,32206.482500000002,12325.284479999998,19408.0406,17038.65713,14983.00496,24025.428,29245.571600000003,149232.4674,147792.0,62.0,4.0,56.0,3.0
New York,36105,Sullivan County,20386,14549,34935,5837.0,0.5835408616001145,0.4164591383998855,0.167081723200229,1204.2,868.9,1561.4,1415.5,697.5,1285.6,1264.4,8297.3,14450.4,10426.840419999999,18735.831,16985.91305,8370.11077,15424.314600000002,15173.23531,99566.6422,88086.0,62.0,34.0,24.0,31.0
New York,36107,Tioga County,15038,9437,24475,5601.0,0.6144228804902963,0.3855771195097038,0.2288457609805924,1229.9,927.4,1577.6,1152.9,725.7,1448.0,1282.1,8343.7,14758.8,11127.8045,18931.102600000002,13833.21683,8709.71787,17376.7258,15387.167290000001,100124.5339,86598.0,62.0,29.0,18.0,37.5
New York,36109,Tompkins County,11354,34631,45985,-23277.0,0.2469065999782538,0.7530934000217462,-0.5061868000434924,1762.5,1051.4,1448.7,1496.3,946.8,1733.8,1830.3,10269.2,21150.0,12617.352869999999,17382.942600000002,17954.49673,11361.247659999999,20801.6802,21965.0632,123232.78330000001,111825.0,62.0,12.0,31.0,13.0
New York,36111,Ulster County,39743,57974,97717,-18231.0,0.4067153105396195,0.5932846894603805,-0.1865693789207609,1819.2,949.3,1532.0,1405.0,931.4,1764.6,1819.2,10220.6,21830.4,11390.66574,18385.345500000003,16860.57713,11177.44552,21173.821600000003,21828.5467,122646.801,110044.0,62.0,13.0,28.0,14.0
New York,36113,Warren County,18606,17099,35705,1507.0,0.5211034869065957,0.4788965130934043,0.0422069738131913,1422.9,951.6,1488.1,1159.2,799.0,1733.8,1484.6,9038.7,17074.4837,11419.87276,17856.4726,13909.537030000001,9587.11334,20801.6802,17814.37584,108463.5344,102500.0,62.0,18.0,45.0,16.0
New York,36115,Washington County,17268,11224,28492,6044.0,0.6060648603116664,0.3939351396883335,0.2121297206233328,1306.6,966.2,1589.6,1159.2,764.8,1448.0,1350.7,8585.2,15679.048999999999,11595.11371,19076.812299999998,13909.537030000001,9176.571059999998,17376.7258,16206.84346,103020.65079999999,84756.0,62.0,23.0,8.0,45.0
New York,36117,Wayne County,27286,17056,44342,10230.0,0.6153533895629426,0.3846466104370574,0.2307067791258852,1142.2,876.1,1627.5,1171.8,679.1,1448.0,1231.8,8176.9,13706.91185,10514.46091,19529.9483,14062.177130000002,8149.439789999999,17376.7258,14783.36605,98123.0286,94964.0,62.0,35.0,51.0,24.0
New York,36119,Westchester County,167795,287434,455229,-119639.0,0.3685947072791935,0.6314052927208065,-0.2628105854416129,2453.0,1061.2,1352.4,1508.9,1182.3,2002.4,2267.8,11828.1,29436.0,12734.18045,16230.6103,18107.13703,14188.4336,24025.428,27214.753500000003,141936.5453,153491.0,62.0,6.0,60.0,2.0
New York,36121,Wyoming County,14112,4929,19041,9183.0,0.7411375452969907,0.2588624547030093,0.4822750905939814,995.2,919.9,1628.2,1038.3,644.3,1285.6,1067.4,7579.0,11942.4,11040.18372,19539.9832,12457.592970000002,7732.64093,15424.314600000002,12810.11742,90947.232,84930.0,62.0,55.0,40.0,43.0
New York,36123,Yates County,6098,4401,10499,1697.0,0.5808172206876845,0.4191827793123154,0.161634441375369,1122.2,971.1,1617.0,1171.8,704.2,1448.0,1272.4,8307.2,13466.4,11653.527030000001,19404.7673,14062.177130000002,8451.76427,17376.7258,15270.051790000001,99685.41270000002,82228.0,62.0,28.0,7.0,50.0
North Carolina,37001,Alamance County,47937,40624,89568,7313.0,0.5352023043944266,0.4535548410146481,0.0816474633797785,1282.3,893.1,1411.2,1196.3,732.0,663.4,978.0,7156.5,15387.6,10718.90879,16934.0595,14356.19191,8783.70609,7959.77402,11736.17404,85876.4133,81569.0,100.0,48.0,73.0,34.0
North Carolina,37003,Alexander County,16404,4060,20625,12344.0,0.7953454545454546,0.1968484848484848,0.5984969696969697,989.4,800.7,1534.4,1209.7,602.3,692.0,861.1,6690.3,11875.23143,9609.048859999999,18414.6702,14518.02301,7228.52724,8306.38244,10331.624,80283.5077,76397.0,100.0,81.0,74.0,47.0
North Carolina,37005,Alleghany County,4900,1533,6480,3367.0,0.7561728395061729,0.236574074074074,0.5195987654320988,891.4,783.8,1572.6,1164.2,563.7,651.8,794.2,6421.8,10696.8,9404.600900000001,18873.3353,13971.316920000001,6763.24831,7820.94154,9529.95726,77060.20090000001,58947.0,100.0,92.0,17.0,92.0
North Carolina,37007,Anson County,5525,5253,10859,272.0,0.5087945483009485,0.483746201307671,0.0250483469932774,1138.6,842.1,1519.0,1172.1,666.4,719.8,937.4,6995.0,13663.2,10105.56494,18226.5131,14064.89626,7997.156870000001,8635.30106,11246.91354,83939.5448,60137.0,100.0,59.0,8.0,91.0
North Carolina,37009,Ashe County,11629,4431,16187,7198.0,0.7184160128498177,0.2737381849632421,0.4446778278865756,913.2,783.8,1558.2,1164.2,571.0,1295.6,1018.7,7304.6,10958.4,9404.600900000001,18698.4997,13971.316920000001,6851.26531,15546.4892,12223.35038,87653.9235,65092.0,100.0,34.0,9.0,76.0
North Carolina,37011,Avery County,7181,2220,9468,4961.0,0.7584495141529362,0.2344740177439797,0.5239754964089565,1062.5,1010.1,1511.8,1301.7,697.4,849.0,1068.8,7501.1,12750.0,12120.83694,18141.5058,15621.99331,8367.95628,10187.793020000001,12823.7563,90013.841,77762.0,100.0,27.0,43.0,42.0
North Carolina,37013,Beaufort County,17296,9049,26521,8247.0,0.6521624373138267,0.3412013121677161,0.3109611251461106,942.8,842.1,1478.6,1482.6,600.5,821.2,981.3,7149.2,11313.6,10105.56494,17743.9884,17790.52854,7206.618549999999,9853.54126,11776.248029999999,85790.0912,72407.0,100.0,46.0,37.0,57.0
North Carolina,37015,Bertie County,3840,5279,9170,-1439.0,0.4187568157033806,0.5756815703380589,-0.1569247546346783,935.9,800.7,1533.8,1471.5,584.3,643.4,907.5,6877.1,11230.8,9609.048859999999,18405.3957,17661.06374,7011.7039,7718.4247399999995,10890.07949,82526.5168,61644.0,100.0,63.0,11.0,89.0
North Carolina,37017,Bladen County,10035,6620,16743,3415.0,0.5993549543092636,0.3953891178402914,0.2039658364689721,935.0,849.4,1524.2,1204.7,600.4,651.8,841.0,6606.7,11220.0,10193.185529999999,18292.666,14456.809830000002,7204.60674,7820.94154,10093.11634,79281.32519999999,62270.0,100.0,88.0,24.0,85.0
North Carolina,37019,Brunswick County,67658,40557,109049,27101.0,0.6204366844262671,0.3719153774908527,0.2485213069354143,1286.7,951.6,1500.1,1333.9,753.2,829.2,1146.5,7801.1,15440.4,11419.87276,18000.938000000002,16006.8682,9037.31477,9952.96914,13757.57499,93615.9394,87470.0,100.0,23.0,72.0,20.0
North Carolina,37021,Buncombe County,59016,98662,159885,-39646.0,0.3691153016230415,0.6170810269881477,-0.2479657253651061,1910.3,1036.7,1391.2,1326.0,991.7,1145.8,1561.3,9362.5,22922.5661,12442.11201,16693.8142,15909.769409999999,11898.67806,13750.520199999999,18735.2043,112352.6653,89900.0,100.0,1.0,30.0,17.0
North Carolina,37023,Burke County,32130,13272,45733,18858.0,0.7025561410797455,0.2902061968381694,0.4123499442415761,1069.3,795.9,1472.3,1209.7,627.6,655.2,860.9,6690.7,12831.626489999999,9550.6354,17666.203700000002,14518.02301,7530.658539999999,7859.67858,10330.85671,80287.6828,68107.0,100.0,84.0,41.0,72.0
North Carolina,37025,Cabarrus County,63746,54494,119820,9252.0,0.5320146886997162,0.4547988649641128,0.0772158237356034,1524.2,922.5,1589.2,1172.1,823.3,1006.8,1280.3,8318.2,18291.1838,11069.39069,19070.8805,14064.89626,9878.55788,12081.88092,15361.73921,99818.5299,102832.0,100.0,13.0,90.0,8.0
North Carolina,37027,Caldwell County,33009,10146,43451,22863.0,0.7596833214425445,0.2335044072633541,0.5261789141791904,976.2,783.8,1464.5,1209.7,592.3,663.4,814.8,6504.5,11715.83239,9404.600900000001,17573.8494,14518.02301,7106.1084900000005,7959.83622,9778.50354,78056.7532,70707.0,100.0,91.0,59.0,65.0
North Carolina,37029,Camden County,4716,1522,6292,3194.0,0.7495232040686586,0.2418944691671964,0.5076287349014621,1037.6,847.0,1717.9,1495.7,634.0,494.0,992.8,7218.7,12451.2,10163.978650000001,20612.7398,17948.839920000002,7609.025200000001,5925.01094,11914.27712,86625.071,96588.0,100.0,51.0,96.0,13.0
North Carolina,37031,Carteret County,32508,12813,45693,19695.0,0.7114437660035454,0.2804149432079312,0.4310288227956142,1180.2,981.0,1488.2,1482.6,726.9,1208.0,1310.6,8377.2,14162.4,11770.354819999999,17857.8018,17790.52854,8725.245449999999,14494.822080000002,15726.39442,100527.5465,89470.0,100.0,6.0,50.0,18.0
North Carolina,37033,Caswell County,7445,4493,12025,2952.0,0.6191268191268191,0.3736382536382536,0.2454885654885654,972.0,832.3,1531.9,1172.3,607.0,739.0,875.0,6729.9,11664.0,9988.73777,18382.051,14068.415600000002,7285.205680000001,8868.7159,10499.24758,80756.3728,72664.0,100.0,82.0,60.0,56.0
North Carolina,37035,Catawba County,59577,26569,86885,33008.0,0.6856994878287391,0.3057950164009898,0.3799044714277493,1183.6,866.6,1416.8,1209.7,689.7,803.4,981.0,7150.8,14202.458499999999,10397.6336,17000.614999999998,14518.02301,8276.86221,9642.05272,11770.92279,85808.567,77840.0,100.0,50.0,61.0,41.0
North Carolina,37037,Chatham County,22507,29014,52098,-6507.0,0.4320127452109486,0.5569119735882375,-0.1248992283772889,1353.2,939.7,1635.7,1196.3,771.6,942.6,1207.2,8046.4,16241.748799999998,11273.838440000001,19629.8575,14356.19191,9257.79981,11310.9144,14484.031280000001,96554.38399999999,109377.0,100.0,17.0,98.0,5.0
North Carolina,37039,Cherokee County,13883,3686,17748,10197.0,0.782228983547442,0.2076853729997746,0.5745436105476673,966.7,800.7,1499.8,1301.7,594.6,658.4,862.9,6684.7,11600.4,9609.048859999999,17997.2341,15621.99331,7136.05828,7898.34384,10353.14086,80216.2191,65928.0,100.0,86.0,33.0,75.0
North Carolina,37041,Chowan County,4587,2895,7533,1692.0,0.6089207487056949,0.3843090402230187,0.2246117084826762,1077.9,847.0,1444.6,1471.5,647.6,768.0,1007.8,7264.8,12934.8,10163.978650000001,17335.6506,17661.06374,7771.73567,9216.65314,12093.25491,87177.13489999999,70734.0,100.0,36.0,29.0,64.0
North Carolina,37043,Clay County,5761,1899,7708,3862.0,0.7474052932018682,0.2463674104826154,0.5010378827192528,1009.5,800.7,1517.2,1301.7,609.2,658.4,882.7,6779.2,12114.0,9609.048859999999,18207.1642,15621.99331,7308.862360000001,7898.34384,10591.43303,81350.8464,79101.0,100.0,75.0,81.0,37.0
North Carolina,37045,Cleveland County,34654,16603,51602,18051.0,0.671563117708616,0.3217510949188016,0.3498120227898144,955.6,788.7,1457.7,1220.9,586.8,638.6,804.3,6452.2,11467.2,9463.01467,17492.7135,14651.00729,7042.10805,7660.680439999999,9651.114239999999,77427.8387,68049.0,100.0,96.0,53.0,73.0
North Carolina,37047,Columbus County,17592,8648,26363,8944.0,0.6672988658346926,0.3280355043052763,0.3392633615294162,886.2,791.0,1493.8,1309.8,564.1,816.0,879.3,6740.8,10634.4,9492.221679999999,17925.2924,15719.09179,6771.73383,9795.71714,10550.74716,80889.20430000001,61797.0,100.0,67.0,14.0,87.0
North Carolina,37049,Craven County,33477,22011,56028,11466.0,0.5975048190190619,0.3928571428571428,0.2046476761619191,1341.5,905.5,1462.1,1506.5,756.0,844.8,1204.7,8021.0,16098.0,10864.94279,17544.6967,18078.304819999998,9071.85892,10137.36682,14455.914299999999,96251.0828,81741.0,100.0,16.0,40.0,32.0
North Carolina,37051,Cumberland County,59840,78631,140175,-18791.0,0.4268949527376494,0.5609488139825218,-0.1340538612448724,1444.4,881.1,1288.6,1228.6,782.5,774.0,1056.5,7455.8,17332.8,10572.87434,15463.9025,14744.586430000001,9389.04709,9287.787719999998,12678.11778,89469.1158,69881.0,100.0,40.0,26.0,67.0
North Carolina,37053,Currituck County,13235,4604,18010,8631.0,0.7348695169350361,0.2556357579122709,0.4792337590227651,1330.6,1024.8,1714.6,1495.7,792.3,755.0,1309.1,8422.2,15967.0584,12296.07779,20575.6432,17948.839920000002,9509.31765,9061.30634,15708.039009999999,101066.28229999999,110343.0,100.0,12.0,95.0,4.0
North Carolina,37055,Dare County,14792,10074,25115,4718.0,0.5889707346207446,0.4011148715906829,0.1878558630300617,1420.1,1036.7,1526.4,1482.6,826.7,1035.8,1392.9,8721.0,17041.2,12442.11201,18316.966200000003,17790.52854,9919.85369,12427.14468,16714.05945,104651.8616,102345.0,100.0,4.0,83.0,9.0
North Carolina,37057,Davidson County,67959,24150,93091,43809.0,0.7300276073949147,0.2594235747816653,0.4706040326132494,1041.3,827.6,1473.2,1050.7,628.8,755.0,846.1,6622.6,12495.6,9930.32415,17677.577400000002,12608.41754,7545.34918,9061.30634,10152.86505,79471.44009999999,77356.0,100.0,85.0,79.0,43.0
North Carolina,37059,Davie County,19398,6988,26704,12410.0,0.7264080287597364,0.26168364289994,0.4647243858597963,1070.9,837.2,1582.3,1050.7,641.9,1190.6,1058.0,7431.9,12849.038550000001,10047.15166,18989.836799999997,12608.41754,7703.573399999999,14287.93614,12697.14952,89183.1019,89369.0,100.0,28.0,85.0,19.0
North Carolina,37061,Duplin County,14677,8057,22864,6620.0,0.6419261721483555,0.352388033589923,0.2895381385584324,935.0,798.2,1552.9,1309.8,583.2,694.2,874.9,6748.6,11220.0,9579.84207,18635.255100000002,15719.09179,6998.24323,8331.38214,10499.20874,80983.0206,68214.0,100.0,72.0,35.0,71.0
North Carolina,37063,Durham County,32853,144450,180189,-111597.0,0.1823252251802274,0.8016582588282304,-0.619333033648003,1796.4,971.1,1390.7,1196.3,931.2,1082.6,1403.6,8772.3,21559.169,11653.527030000001,16689.273,14356.19191,11174.62956,12991.1988,16842.662470000003,105266.653,103036.0,100.0,5.0,86.0,7.0
North Carolina,37065,Edgecombe County,9355,14900,24416,-5545.0,0.3831503931847969,0.6102555701179554,-0.2271051769331585,1052.3,800.7,1378.0,1317.5,623.4,713.6,882.8,6768.7,12627.638949999999,9609.048859999999,16537.5396,15812.67083,7481.6796300000005,8560.57024,10595.01843,81224.1672,61203.0,100.0,76.0,16.0,90.0
North Carolina,37067,Forsyth County,87292,114145,203928,-26853.0,0.4280530383272528,0.5597318661488369,-0.131678827821584,1259.9,927.4,1353.1,1050.7,736.0,863.6,985.9,7176.2,15118.2163,11127.8045,16237.799799999999,12608.41754,8830.64571,10362.815299999998,11830.2763,86115.9755,82991.0,100.0,47.0,78.0,25.0
North Carolina,37069,Franklin County,23938,18167,42526,5771.0,0.5629026948219913,0.4271974791892019,0.1357052156327893,1215.1,834.8,1717.8,1134.3,689.8,986.0,1118.0,7696.0,14581.6407,10017.94476,20612.2347,13611.769409999999,8276.69185,11833.667360000001,13416.87814,92350.82930000001,82705.0,100.0,21.0,54.0,27.0
North Carolina,37071,Gaston County,73828,44062,118959,29766.0,0.6206171874343261,0.3703965231718491,0.250220664262477,1269.2,856.8,1502.2,1245.0,715.1,637.0,989.6,7214.6,15230.955100000001,10280.805960000002,18026.0544,14938.7837,8583.599400000001,7641.35232,11874.83452,86576.3846,80784.0,100.0,49.0,70.0,35.0
North Carolina,37073,Gates County,3538,2268,5860,1270.0,0.6037542662116041,0.3870307167235495,0.2167235494880546,1173.7,800.7,1627.7,1495.7,664.3,532.0,1015.7,7309.8,14084.4,9609.048859999999,19531.840799999998,17948.839920000002,7971.81632,6382.621279999999,12187.35709,87715.9243,76599.0,100.0,44.0,52.0,46.0
North Carolina,37075,Graham County,3883,839,4769,3044.0,0.8142168169427553,0.1759278674774586,0.6382889494652967,970.6,800.7,1571.3,1301.7,596.0,739.8,917.2,6897.7,11647.2,9609.048859999999,18857.326699999998,15621.99331,7151.80434,8878.284080000001,11007.58036,82773.23730000001,63714.0,100.0,70.0,22.0,80.0
North Carolina,37077,Granville County,17383,14365,32044,3018.0,0.5424728498314817,0.4482898514542504,0.0941829983772312,1304.1,839.6,1545.0,1299.0,721.3,854.6,1115.1,7678.7,15649.2,10076.35831,18539.932200000003,15586.10741,8655.53284,10255.829099999999,13381.65128,92144.611,84347.0,100.0,25.0,64.0,23.0
North Carolina,37079,Greene County,4965,3437,8442,1528.0,0.5881307746979388,0.4071310116086235,0.1809997630893153,949.4,854.3,1521.3,1293.7,606.9,972.0,1000.4,7198.1,11392.8,10251.599189999999,18256.5112,15524.89453,7282.400169999999,11666.91604,12004.01195,86379.13249999999,57457.0,100.0,43.0,2.0,95.0
North Carolina,37081,Guilford County,109077,171118,284114,-62041.0,0.3839198349958115,0.6022864061609072,-0.2183665711650956,1320.6,919.9,1340.1,1085.7,754.1,971.6,1058.4,7450.7,15851.601999999999,11040.18372,16080.4916,13029.17807,9047.91777,11658.73374,12701.35735,89409.4643,84325.0,100.0,30.0,71.0,24.0
North Carolina,37083,Halifax County,9778,14014,23938,-4236.0,0.4084718857047372,0.5854290249812014,-0.1769571392764641,910.7,805.6,1401.5,1471.5,577.4,696.6,874.1,6737.6,10928.4,9667.46257,16817.159099999997,17661.06374,6929.61308,8358.23314,10488.96142,80850.8934,57993.0,100.0,68.0,6.0,94.0
North Carolina,37085,Harnett County,39440,23472,63597,15968.0,0.6201550387596899,0.369074012925138,0.2510810258345519,1256.0,856.8,1525.4,1228.6,711.0,840.2,1070.3,7488.1,15072.0,10280.805960000002,18304.3547,14744.586430000001,8530.11801,10080.01406,12845.44911,89857.32979999999,82501.0,100.0,31.0,65.0,28.0
North Carolina,37087,Haywood County,23393,13913,37724,9480.0,0.6201092142932881,0.368810306436221,0.2512989078570671,1310.2,907.8,1445.1,1326.0,746.3,803.4,1102.4,7641.0,15722.4,10894.14988,17340.5713,15909.769409999999,8955.312609999999,9642.05272,13227.467800000002,91691.7235,81941.0,100.0,24.0,57.0,30.0
North Carolina,37089,Henderson County,39497,29361,69651,10136.0,0.5670701066747067,0.4215445578670801,0.1455255488076265,1670.3,927.4,1479.4,1326.0,874.0,949.6,1352.6,8578.8,20041.5886,11127.8045,17753.1668,15909.769409999999,10487.14664,11394.824700000001,16230.129219999999,102944.43029999999,82920.0,100.0,7.0,31.0,26.0
North Carolina,37091,Hertford County,3561,6191,9819,-2630.0,0.3626642224259089,0.630512272125471,-0.267848049699562,973.2,800.7,1463.7,1471.5,596.9,622.6,893.7,6822.2,11678.4,9609.048859999999,17563.2849,17661.06374,7162.30192,7470.2561000000005,10723.13811,81867.4932,64296.0,100.0,66.0,23.0,77.0
North Carolina,37093,Hoke County,10547,11896,22724,-1349.0,0.4641348354162999,0.5234993839112833,-0.0593645484949832,1169.9,830.0,1488.1,1228.6,673.0,818.6,996.7,7204.7,14038.8,9959.53083,17857.756400000002,14744.586430000001,8074.395850000001,9821.42888,11961.05962,86457.5561,73034.0,100.0,52.0,44.0,55.0
North Carolina,37095,Hyde County,1465,931,2417,534.0,0.6061232933388498,0.3851882498965659,0.2209350434422838,942.7,1036.7,1588.6,1482.6,666.1,1179.6,1248.6,8144.7,11312.4,12442.11201,19060.8946,17790.52854,7992.3612299999995,14154.766080000001,14981.67089,97734.7336,54730.0,100.0,10.0,1.0,97.0
North Carolina,37097,Iredell County,72801,36739,110560,36062.0,0.65847503617945,0.3322992040520984,0.3261758321273516,1355.7,919.9,1548.7,1209.7,765.7,1095.6,1237.8,8133.2,16268.4,11040.18372,18584.187299999998,14518.02301,9188.152250000001,13148.478,14852.22318,97599.6489,93159.0,100.0,15.0,77.0,16.0
North Carolina,37099,Jackson County,11796,9746,21864,2050.0,0.539517014270033,0.4457555799487742,0.0937614343212587,990.1,832.3,1470.2,1301.7,613.2,909.6,964.6,7081.9,11881.2,9988.73777,17639.9567,15621.99331,7358.2840400000005,10917.92182,11575.505540000002,84983.59820000001,74783.0,100.0,54.0,51.0,50.0
North Carolina,37101,Johnston County,74878,48116,124360,26762.0,0.6021067867481505,0.3869089739466066,0.2151978128015439,1238.6,905.5,1721.1,1134.3,721.1,874.4,1119.6,7714.9,14862.057299999997,10864.94279,20653.1563,13611.769409999999,8656.01784,10496.0921,13434.43033,92578.4635,98993.0,100.0,22.0,94.0,12.0
North Carolina,37103,Jones County,3409,2007,5458,1402.0,0.6245877610846464,0.3677171124954195,0.2568706485892268,959.2,905.5,1537.5,1506.5,627.3,726.0,1013.3,7275.0,11510.4,10864.94279,18448.9477,18078.304819999998,7528.330749999999,8710.4505,12160.08615,87301.46340000001,69736.0,100.0,42.0,28.0,68.0
North Carolina,37105,Lee County,17489,12245,30007,5244.0,0.5828306728430033,0.4080714499950011,0.1747592228480021,1072.5,871.5,1495.8,1172.3,654.0,728.2,916.2,6910.6,12870.0,10456.04707,17949.9706,14068.415600000002,7848.201579999999,8737.89836,10995.198699999999,82925.7327,68608.0,100.0,61.0,32.0,69.0
North Carolina,37107,Lenoir County,14564,12700,27465,1864.0,0.530274895321318,0.4624066994356454,0.0678681958856726,955.2,827.6,1389.7,1482.6,599.7,695.0,907.4,6857.2,11462.4,9930.32415,16677.5965,17790.52854,7197.722409999999,8340.38312,10888.78528,82287.7389,63247.0,100.0,69.0,21.0,83.0
North Carolina,37109,Lincoln County,40183,14842,55433,25341.0,0.7248931142099472,0.2677466491079321,0.457146465102015,1201.4,881.1,1541.3,1245.0,700.6,818.2,1050.4,7438.1,14416.8,10572.87434,18495.423199999997,14938.7837,8407.93983,9816.229159999999,12607.30291,89255.3537,93296.0,100.0,33.0,93.0,15.0
North Carolina,37111,McDowell County,17520,5911,23600,11609.0,0.7423728813559322,0.2504661016949152,0.4919067796610169,912.4,783.8,1480.7,1301.7,570.7,755.2,852.0,6656.3,10948.8,9404.600900000001,17768.097,15621.99331,6848.03532,9061.73342,10221.967809999998,79875.2272,68570.0,100.0,78.0,39.0,70.0
North Carolina,37113,Macon County,14981,6675,21846,8306.0,0.6857548292593609,0.3055479263938478,0.380206902865513,1015.1,807.9,1469.8,1301.7,613.4,701.6,886.9,6796.6,12181.2,9696.66936,17638.5024,15621.99331,7360.952499999999,8416.79694,10644.09692,81560.2115,71306.0,100.0,71.0,48.0,61.0
North Carolina,37115,Madison County,8275,5090,13561,3185.0,0.6102057370400413,0.3753410515448713,0.23486468549517,1139.4,895.7,1576.4,1326.0,684.8,663.2,1014.0,7299.0,13671.2262,10748.11575,18916.475,15909.769409999999,8216.04766,7957.548180000001,12168.21792,87587.401,82178.0,100.0,39.0,69.0,29.0
North Carolina,37117,Martin County,6601,5360,12028,1241.0,0.5488027934818757,0.4456268706351846,0.103175922846691,928.2,781.4,1497.8,1471.5,575.0,764.8,928.8,6947.8,11138.4,9375.39417,17974.711199999998,17661.06374,6902.00068,9176.83892,11145.57987,83373.989,64044.0,100.0,60.0,18.0,78.0
North Carolina,37119,Mecklenburg County,187770,376454,573679,-188684.0,0.327308477388923,0.6562101802576005,-0.3289017028686774,1779.5,1019.8,1367.9,1172.1,941.7,974.0,1358.5,8613.5,21351.4124,12237.66443,16413.3495,14064.89626,11301.2654,11687.8113,16303.44938,103359.84909999999,105950.0,100.0,8.0,92.0,6.0
North Carolina,37121,Mitchell County,6843,1915,8821,4928.0,0.7757623852170956,0.2170955673959868,0.5586668178211087,893.4,783.8,1539.5,1301.7,564.4,517.8,784.9,6385.5,10720.8,9404.600900000001,18475.784,15621.99331,6771.32316,6213.8042000000005,9417.72227,76626.0279,72303.0,100.0,95.0,68.0,59.0
North Carolina,37123,Montgomery County,9044,4055,13188,4989.0,0.6857749469214437,0.3074764937822262,0.3782984531392174,916.6,769.2,1549.4,1350.2,567.1,658.2,854.0,6664.6,10999.2,9229.36033,18592.269699999997,16204.5845,6806.03162,7898.522099999999,10248.07935,79978.0475,63984.0,100.0,79.0,25.0,79.0
North Carolina,37125,Moore County,39617,21436,61590,18181.0,0.6432375385614548,0.3480435135573956,0.2951940250040591,1133.7,1002.7,1525.5,1350.2,718.8,1107.0,1223.0,8061.5,13604.4,12033.21619,18306.5579,16204.5845,8625.94399,13285.59204,14674.983920000002,96735.27949999999,100891.0,100.0,14.0,91.0,10.0
North Carolina,37127,Nash County,26431,25508,52364,923.0,0.5047551753112826,0.4871285616072111,0.0176266137040714,1188.9,849.4,1431.1,1253.0,685.6,786.4,987.7,7182.1,14263.983300000002,10193.185529999999,17173.8525,15035.88198,8228.774959999999,9438.790219999999,11851.21647,86185.68519999999,74069.0,100.0,53.0,47.0,52.0
North Carolina,37129,New Hanover County,67949,68814,138243,-865.0,0.4915185579016659,0.497775655910245,-0.006257098008579,1644.4,1000.1,1325.3,1333.9,889.8,986.0,1340.9,8520.7,19732.8,12004.00926,15904.3607,16006.8682,10678.05776,11833.667360000001,16089.216250000001,102248.9794,99706.0,100.0,9.0,82.0,11.0
North Carolina,37131,Northampton County,3905,5239,9197,-1334.0,0.4245949766228117,0.5696422746547787,-0.1450472980319669,984.7,805.6,1506.6,1471.5,602.5,748.6,960.9,7080.8,11816.4,9667.46257,18081.1984,17661.06374,7228.386479999999,8982.01648,11531.0198,84967.5463,63477.0,100.0,45.0,10.0,82.0
North Carolina,37133,Onslow County,54960,25684,81476,29276.0,0.6745544700279837,0.3152339339191909,0.3593205361087928,1421.0,881.1,1431.2,1333.9,774.7,949.6,1202.7,7993.8,17052.0,10572.87434,17173.5637,16006.8682,9294.57012,11394.824700000001,14430.92565,95925.6267,72330.0,100.0,19.0,20.0,58.0
North Carolina,37135,Orange County,20806,65444,87426,-44638.0,0.237984123716057,0.7485645002630796,-0.5105803765470226,1760.7,1090.3,1452.3,1196.3,959.3,1131.2,1486.6,9077.3,21132.5567,13084.66238,17427.1885,14356.19191,11512.60763,13573.0396,17839.5638,108925.81229999999,128253.0,100.0,2.0,99.0,2.0
North Carolina,37137,Pamlico County,5229,2676,7961,2553.0,0.6568270317799272,0.3361386760457229,0.3206883557342043,1178.2,905.5,1555.9,1506.5,701.0,495.4,1030.9,7373.5,14138.4,10864.94279,18672.3595,18078.304819999998,8412.538779999999,5944.28572,12370.67665,88481.5083,85611.0,100.0,32.0,76.0,22.0
North Carolina,37139,Pasquotank County,10537,9549,20277,988.0,0.5196528086008778,0.4709276520195295,0.0487251565813482,1157.0,847.0,1409.9,1471.5,674.4,724.6,1021.4,7306.3,13884.0,10163.978650000001,16920.7473,17661.06374,8091.10031,8697.31024,12257.61708,87675.81779999999,78702.0,100.0,41.0,58.0,40.0
North Carolina,37141,Pender County,26042,12460,38837,13582.0,0.6705461286917115,0.3208280763189742,0.3497180523727373,1242.8,983.2,1600.5,1333.9,749.0,785.4,1160.8,7855.5,14913.6,11799.56172,19205.3965,16006.8682,8987.81841,9425.266440000001,13928.961729999999,94267.4728,95366.0,100.0,20.0,89.0,14.0
North Carolina,37143,Perquimans County,5278,2269,7640,3009.0,0.6908376963350785,0.2969895287958115,0.393848167539267,1079.4,847.0,1513.1,1471.5,647.9,618.8,981.7,7159.7,12952.8,10163.978650000001,18157.985399999998,17661.06374,7777.791920000001,7423.960860000001,11779.19924,85916.7808,78865.0,100.0,57.0,66.0,39.0
North Carolina,37145,Person County,13509,8295,21993,5214.0,0.6142408948301732,0.3771654617378256,0.2370754330923475,1058.4,820.4,1514.7,1196.3,632.0,720.4,904.7,6846.4,12700.8,9842.70386,18175.335,14356.19191,7584.90963,8642.86824,10855.35619,82158.1655,78985.0,100.0,74.0,80.0,38.0
North Carolina,37147,Pitt County,40403,45595,86924,-5192.0,0.4648083383185311,0.5245386774653721,-0.0597303391468409,1275.6,910.3,1378.2,1317.5,735.6,912.4,1104.6,7634.3,15307.2,10923.35663,16538.735,15812.67083,8825.44274,10949.05544,13254.66125,91611.12210000001,77116.0,100.0,26.0,38.0,45.0
North Carolina,37149,Polk County,8107,4827,13032,3280.0,0.6220841006752609,0.3703959484346225,0.2516881522406384,1045.1,927.4,1522.2,1301.7,663.6,867.0,1034.0,7361.2,12541.2,11127.8045,18264.996,15621.99331,7963.59178,10404.276300000001,12408.93517,88332.79579999999,80273.0,100.0,29.0,55.0,36.0
North Carolina,37151,Randolph County,59357,15951,75841,43406.0,0.7826505452196042,0.2103215938608404,0.5723289513587637,1021.9,825.1,1506.7,1085.7,621.3,876.6,902.1,6839.1,12260.66998,9901.11721,18079.6973,13029.17807,7456.4788100000005,10518.85712,10824.10535,82070.1047,70917.0,100.0,65.0,42.0,63.0
North Carolina,37153,Richmond County,11931,7787,19848,4144.0,0.6011185006045949,0.3923317210802096,0.2087867795243853,973.0,810.5,1443.7,1204.7,599.9,727.0,842.3,6601.0,11676.0,9725.87637,17324.6924,14456.809830000002,7200.8016099999995,8721.37454,10108.510160000002,79214.06480000001,58491.0,100.0,90.0,12.0,93.0
North Carolina,37155,Robeson County,29647,16728,46677,12919.0,0.6351522162949632,0.358377787775564,0.2767744285193992,904.5,783.8,1438.8,1204.7,568.0,605.4,755.6,6260.7,10854.0,9404.600900000001,17266.2154,14456.809830000002,6816.1392399999995,7263.084659999999,9066.72469,75127.575,51516.0,100.0,97.0,4.0,100.0
North Carolina,37157,Rockingham County,33447,15676,49492,17771.0,0.6758061908995393,0.3167380586761497,0.3590681322233896,988.0,803.3,1446.2,1085.7,602.6,532.0,739.9,6197.7,11856.0,9638.25564,17353.392499999998,13029.17807,7231.8834099999995,6382.621279999999,8879.93715,74371.2681,70961.0,100.0,100.0,75.0,62.0
North Carolina,37159,Rowan County,50807,23788,75236,27019.0,0.6753017172630124,0.3161784252219682,0.3591232920410441,1227.2,864.2,1477.0,1193.7,703.6,876.6,1041.8,7384.1,14726.4,10368.42663,17725.995600000002,14323.825950000002,8443.3189,10518.85712,12502.83531,88609.65890000001,77193.0,100.0,35.0,49.0,44.0
North Carolina,37161,Rutherford County,25456,8914,34600,16542.0,0.7357225433526011,0.2576300578034682,0.4780924855491329,936.2,800.7,1466.4,1301.7,584.5,747.0,866.4,6702.6,11234.4,9609.048859999999,17597.6504,15621.99331,7012.91519,8959.83936,10394.57446,80430.41990000001,61796.0,100.0,77.0,19.0,88.0
North Carolina,37163,Sampson County,18178,9797,28138,8381.0,0.6460302793375506,0.3481768427038169,0.2978534366337337,912.9,791.0,1531.0,1204.7,573.2,756.0,841.6,6610.5,10954.8,9492.221679999999,18369.9239,14456.809830000002,6879.5344700000005,9072.212080000001,10100.72622,79326.22810000001,67103.0,100.0,83.0,36.0,74.0
North Carolina,37165,Scotland County,7767,6754,14613,1013.0,0.5315130363375077,0.4621911996167795,0.0693218367207281,939.7,803.3,1392.0,1204.7,586.4,726.4,804.2,6456.6,11276.4,9638.25564,16703.530300000002,14456.809830000002,7036.87301,8717.26168,9650.940149999999,77480.0716,52060.0,100.0,93.0,3.0,99.0
North Carolina,37167,Stanly County,27518,8881,36651,18637.0,0.7508117104581048,0.2423126244850072,0.5084990859730976,1000.7,827.6,1537.2,1148.1,614.9,785.0,893.1,6806.9,12008.4,9930.32415,18448.0011,13777.11996,7381.4276899999995,9421.10878,10716.752340000001,81683.13470000001,81804.0,100.0,73.0,87.0,31.0
North Carolina,37169,Stokes County,21548,5380,27127,16168.0,0.7943377446824197,0.1983263906808714,0.5960113540015483,922.8,837.2,1558.0,1050.7,592.1,719.8,813.0,6493.5,11071.27543,10047.15166,18696.309100000002,12608.41754,7105.432949999999,8635.30106,9757.761559999999,77921.649,71817.0,100.0,89.0,62.0,60.0
North Carolina,37171,Surry County,28565,8613,37424,19952.0,0.7632802479692176,0.2301464300983326,0.5331338178708849,895.3,813.0,1478.3,1026.7,574.6,662.4,737.8,6188.2,10743.6,9755.0828,17740.292699999998,12320.64081,6896.91636,7948.983740000001,8852.72361,74258.24220000001,73707.0,100.0,99.0,84.0,53.0
North Carolina,37173,Swain County,4311,2643,7036,1668.0,0.6127060830017055,0.3756395679363274,0.237066515065378,955.6,832.3,1481.6,1301.7,601.5,1067.8,1017.9,7258.9,11467.2,9988.73777,17780.2032,15621.99331,7218.991,12811.707019999998,12215.601850000001,87104.43419999999,76089.0,100.0,37.0,46.0,48.0
North Carolina,37175,Transylvania County,11492,8972,20706,2520.0,0.555008210180624,0.4333043562252487,0.1217038539553752,1167.9,903.1,1456.3,1301.7,696.8,728.8,1005.1,7259.3,14014.8,10835.73602,17473.1113,15621.99331,8361.12572,8744.17512,12061.15728,87112.09890000001,81716.0,100.0,38.0,67.0,33.0
North Carolina,37177,Tyrrell County,1057,680,1752,377.0,0.603310502283105,0.3881278538812785,0.2151826484018265,972.3,847.0,1525.9,1482.6,612.1,651.8,953.1,7044.7,11667.6,10163.978650000001,18312.602,17790.52854,7345.377839999999,7820.94154,11436.45704,84537.4853,62629.0,100.0,62.0,13.0,84.0
North Carolina,37179,Union County,86271,51168,138875,35103.0,0.6212133213321333,0.3684464446444644,0.2527668766876688,1626.0,939.7,1667.2,1172.1,863.1,858.2,1311.4,8437.6,19512.4681,11273.838440000001,20005.850899999998,14064.89626,10358.25463,10299.43548,15737.0535,101251.79669999999,113755.0,100.0,11.0,97.0,3.0
North Carolina,37181,Vance County,8614,11292,20059,-2678.0,0.4294331721421806,0.5629393289795105,-0.1335061568373299,955.5,807.9,1386.2,1274.8,593.3,753.4,843.0,6613.8,11466.0,9696.66936,16632.6318,15298.3311,7120.3189,9039.23562,10113.26095,79366.44870000001,57207.0,100.0,80.0,7.0,96.0
North Carolina,37183,Wake County,236735,402984,650796,-166249.0,0.3637622234924615,0.6192170818505338,-0.2554548583580723,1854.5,1007.6,1500.1,1134.3,963.1,1074.6,1463.3,8997.7,22256.1895,12091.63006,18000.304,13611.769409999999,11556.54881,12894.486,17560.330200000004,107971.2582,128556.0,100.0,3.0,100.0,1.0
North Carolina,37185,Warren County,3976,5872,9985,-1896.0,0.3981972959439159,0.5880821231847772,-0.1898848272408612,905.8,807.9,1523.8,1323.3,576.6,608.4,833.8,6580.1,10869.6,9696.66936,18286.4164,15880.92279,6919.6563,7301.438340000001,10006.26702,78960.9708,54275.0,100.0,87.0,5.0,98.0
North Carolina,37187,Washington County,2768,3138,5939,-370.0,0.466071729247348,0.5283717797609025,-0.0623000505135545,886.2,781.4,1507.4,1482.6,560.9,801.0,927.6,6946.9,10634.4,9375.39417,18087.6043,17790.52854,6732.426550000001,9611.3375,11131.06623,83362.75649999999,63687.0,100.0,56.0,15.0,81.0
North Carolina,37189,Watauga County,15254,17225,32934,-1971.0,0.4631687617659561,0.5230157284265501,-0.0598469666605939,1181.1,1010.1,1456.7,1164.2,737.3,1095.8,1148.7,7794.3,14173.2,12120.83694,17480.447200000002,13971.316920000001,8846.80118,13152.25304,13785.85986,93530.71489999999,87273.0,100.0,18.0,63.0,21.0
North Carolina,37191,Wayne County,31580,22618,54667,8962.0,0.5776794043938757,0.413741379625734,0.1639380247681416,1145.7,830.0,1437.5,1317.5,664.7,723.6,959.1,7078.4,13748.4,9959.53083,17250.1924,15812.67083,7976.68882,8683.82218,11509.15318,84940.45749999999,73138.0,100.0,55.0,45.0,54.0
North Carolina,37193,Wilkes County,28812,7194,36240,21618.0,0.7950331125827814,0.1985099337748344,0.596523178807947,943.8,827.6,1509.7,1164.2,596.0,638.6,811.7,6491.3,11325.6,9930.32415,18116.3786,13971.316920000001,7151.695140000001,7660.680439999999,9741.00547,77897.0005,62018.0,100.0,94.0,27.0,86.0
North Carolina,37195,Wilson County,19750,19909,39978,-159.0,0.4940217119415678,0.497998899394667,-0.0039771874530992,1007.2,854.3,1388.5,1293.7,626.4,861.2,934.3,6965.3,12086.4,10251.599189999999,16660.9289,15524.89453,7515.7665099999995,10334.13878,11209.05544,83582.7846,70358.0,100.0,58.0,34.0,66.0
North Carolina,37197,Yadkin County,16439,3739,20346,12700.0,0.8079720829647105,0.183770765752482,0.6242013172122284,884.1,844.6,1564.9,1050.7,581.8,535.0,740.6,6201.3,10608.76728,10134.77191,18778.3622,12608.41754,6979.299859999999,6418.17082,8887.86531,74415.65400000001,76014.0,100.0,98.0,88.0,49.0
North Carolina,37199,Yancey County,7509,3635,11247,3874.0,0.6676447052547346,0.3231972970569929,0.3444474081977416,926.6,868.9,1534.1,1301.7,604.2,748.6,918.0,6901.9,11119.2,10426.840419999999,18409.169,15621.99331,7249.30656,8982.01648,11016.403269999999,82824.9294,74354.0,100.0,64.0,56.0,51.0
North Dakota,38001,Adams County,962,215,1191,747.0,0.8077246011754828,0.1805205709487825,0.6272040302267003,966.0,900.5,1844.0,1174.8,628.0,1029.8,824.2,7367.6,11592.0,10806.5291,22128.390600000002,14098.805400000001,7536.131910000001,12358.548279999999,9889.66819,88410.0732,103365.0,53.0,27.0,42.0,13.0
North Dakota,38003,Barnes County,3531,1661,5294,1870.0,0.6669814884775217,0.3137514166981488,0.3532300717793729,936.9,842.1,1607.5,1174.8,598.5,1088.8,737.3,6985.9,11242.8,10105.56494,19288.211,14098.805400000001,7182.79736,13064.407519999999,8848.90858,83831.49669999999,95231.0,53.0,47.0,29.0,33.0
North Dakota,38005,Benson County,1163,795,1994,368.0,0.5832497492477432,0.3986960882647943,0.1845536609829488,963.4,842.1,1820.2,1115.5,607.4,1032.6,775.2,7156.3,11560.8,10105.56494,21843.1277,13386.74951,7289.790760000001,12388.81842,9300.89372,85875.746,72933.0,53.0,44.0,4.0,51.0
North Dakota,38007,Billings County,543,93,644,450.0,0.843167701863354,0.1444099378881987,0.6987577639751552,1010.9,900.5,2047.6,1174.8,643.0,1066.0,913.2,7756.3,12130.8,10806.5291,24571.0729,14098.805400000001,7717.414970000001,12793.78498,10956.53446,93074.94200000001,97891.0,53.0,4.0,18.0,22.0
North Dakota,38009,Bottineau County,2628,735,3422,1893.0,0.7679719462302746,0.2147866744593805,0.5531852717708942,921.6,881.1,1826.7,1174.8,606.4,1138.0,826.2,7375.1,11059.2,10572.87434,21921.347,14098.805400000001,7278.25326,13655.8285,9914.05165,88500.3624,103190.0,53.0,18.0,41.0,14.0
North Dakota,38011,Bowman County,1384,207,1611,1177.0,0.8590937306021105,0.1284916201117318,0.7306021104903786,979.0,900.5,1850.0,1174.8,632.4,1142.6,864.1,7543.5,11748.0,10806.5291,22200.659200000002,14098.805400000001,7588.61912,13710.0475,10370.25685,90522.9181,98750.0,53.0,11.0,24.0,20.0
North Dakota,38013,Burke County,909,130,1051,779.0,0.8648905803996194,0.1236917221693625,0.7411988582302569,889.5,919.9,1964.8,1174.8,608.7,1127.2,862.2,7547.7,10674.0,11040.18372,23579.579999999998,14098.805400000001,7305.87959,13527.145439999998,10345.80708,90571.4029,117171.0,53.0,9.0,48.0,2.0
North Dakota,38015,Burleigh County,36595,14215,51764,22380.0,0.7069585039795997,0.2746116992504443,0.4323468047291554,1071.7,917.5,1452.9,1004.6,669.3,1365.8,813.5,7295.5,12860.79044,11010.97696,17435.8577,12055.19038,8031.81242,16390.7266,9759.66402,87545.0184,113220.0,53.0,25.0,49.0,4.0
North Dakota,38017,Cass County,47873,40304,89842,7569.0,0.5328576834887915,0.4486097816166158,0.0842479018721756,1038.1,934.6,1329.5,958.7,663.9,1325.0,748.9,6998.6,12458.11095,11215.42506,15954.328,11504.96474,7965.116599999999,15899.5878,8985.066060000001,83982.59790000001,109357.0,53.0,50.0,50.0,8.0
North Dakota,38019,Cavalier County,1461,491,1977,970.0,0.7389984825493171,0.2483560950935761,0.4906423874557409,966.0,903.1,1771.8,1174.8,628.8,1075.4,818.0,7337.8,11592.0,10835.73602,21262.1739,14098.805400000001,7545.958779999999,12903.834859999999,9816.99559,88055.5062,97431.0,53.0,28.0,28.0,26.0
North Dakota,38021,Dickey County,1829,557,2435,1272.0,0.751129363449692,0.228747433264887,0.5223819301848049,889.5,851.9,1771.7,1174.8,585.9,1059.2,760.3,7093.3,10674.0,10222.392530000001,21258.822,14098.805400000001,7030.72837,12712.56396,9123.12905,85120.443,90670.0,53.0,36.0,17.0,40.0
North Dakota,38023,Divide County,914,253,1194,661.0,0.7654941373534339,0.211892797319933,0.5536013400335009,1458.9,919.9,1895.9,1174.8,800.4,1251.0,1118.3,8619.3,17506.8,11040.18372,22751.0698,14098.805400000001,9604.81999,15010.756039999998,13418.832880000002,103431.2674,112717.0,53.0,1.0,23.0,7.0
North Dakota,38025,Dunn County,1877,332,2231,1545.0,0.841326759300762,0.1488121918422232,0.6925145674585387,1105.3,900.5,1886.2,1174.8,674.9,1204.2,943.2,7889.1,13263.6,10806.5291,22634.239999999998,14098.805400000001,8098.55275,14449.83564,11319.05911,94670.6216,127656.0,53.0,3.0,52.0,1.0
North Dakota,38027,Eddy County,862,316,1201,546.0,0.7177352206494588,0.2631140716069942,0.4546211490424646,937.5,842.1,1735.4,1115.5,598.7,1015.0,738.2,6982.7,11250.0,10105.56494,20826.0953,13386.74951,7185.22006,12179.83116,8858.389630000001,83791.8517,83587.0,53.0,51.0,11.0,45.0
North Dakota,38029,Emmons County,1697,205,1923,1492.0,0.8824752990119604,0.1066042641705668,0.7758710348413936,899.9,917.5,1784.9,1174.8,611.6,1035.8,787.4,7212.2,10798.8,11010.97696,21421.8668,14098.805400000001,7338.0426099999995,12426.762700000001,9449.65631,86544.9125,91452.0,53.0,29.0,16.0,38.0
North Dakota,38031,Foster County,1326,335,1692,991.0,0.7836879432624113,0.1979905437352246,0.5856973995271867,975.4,842.1,1718.0,1174.8,611.5,1087.0,784.9,7193.3,11704.8,10105.56494,20613.4169,14098.805400000001,7338.2403699999995,13043.022140000001,9418.01794,86321.8698,112837.0,53.0,40.0,51.0,5.0
North Dakota,38033,Golden Valley County,847,122,984,725.0,0.8607723577235772,0.1239837398373983,0.7367886178861788,910.6,900.5,1811.0,1174.8,609.4,1129.0,818.8,7354.3,10927.2,10806.5291,21732.1583,14098.805400000001,7312.45579,13549.323079999998,9824.566770000001,88251.0389,95750.0,53.0,16.0,20.0,32.0
North Dakota,38035,Grand Forks County,18123,12469,31089,5654.0,0.5829393032905529,0.4010743349737849,0.1818649683167679,1067.5,903.1,1361.6,1082.8,662.9,1314.2,788.9,7181.4,12812.563250000001,10835.73602,16339.519699999999,12993.81019,7956.62551,15770.6198,9467.666710000001,86176.5411,97849.0,53.0,35.0,37.0,23.0
North Dakota,38037,Grant County,1076,205,1304,871.0,0.8251533742331288,0.1572085889570552,0.6679447852760736,966.0,844.6,1931.0,1174.8,609.2,1037.8,830.1,7393.4,11592.0,10134.77191,23170.9745,14098.805400000001,7310.11482,12455.29626,9959.673579999999,88721.6372,82361.0,53.0,24.0,8.0,47.0
North Dakota,38039,Griggs County,963,301,1285,662.0,0.7494163424124514,0.2342412451361867,0.5151750972762645,964.0,842.1,1842.9,1115.5,607.7,1041.0,787.6,7201.0,11568.0,10105.56494,22116.9649,13386.74951,7292.213249999999,12494.006000000001,9450.153349999999,86413.6526,92500.0,53.0,39.0,21.0,36.5
North Dakota,38041,Hettinger County,1089,192,1294,897.0,0.8415765069551777,0.1483771251931993,0.6931993817619784,943.4,900.5,1903.1,1174.8,620.4,1114.6,853.9,7510.7,11320.8,10806.5291,22836.2279,14098.805400000001,7444.8850999999995,13374.60322,10246.20672,90128.0591,97125.0,53.0,10.0,19.0,29.0
North Dakota,38043,Kidder County,1137,238,1391,899.0,0.8173975557153127,0.1710999281092739,0.6462976276060388,978.5,917.5,1853.8,1174.8,638.0,1029.8,836.8,7429.1,11742.0,11010.97696,22244.641499999998,14098.805400000001,7655.38848,12355.74336,10041.31237,89148.86809999999,82600.0,53.0,22.0,9.0,46.0
North Dakota,38045,LaMoure County,1614,453,2109,1161.0,0.7652916073968705,0.2147937411095306,0.5504978662873399,961.2,842.1,1819.3,1174.8,606.7,1032.6,794.1,7230.8,11534.4,10105.56494,21830.4433,14098.805400000001,7280.9083,12389.21856,9530.07598,86769.4165,97283.0,53.0,34.0,34.0,27.0
North Dakota,38047,Logan County,898,117,1031,781.0,0.8709990300678953,0.113482056256062,0.7575169738118331,1010.9,842.1,1882.9,1174.8,623.5,1102.0,852.5,7488.8,12130.8,10105.56494,22594.066,14098.805400000001,7481.571000000001,13227.161560000002,10228.66337,89866.633,74453.0,53.0,17.0,3.0,50.0
North Dakota,38049,McHenry County,2223,479,2735,1744.0,0.8127970749542962,0.1751371115173674,0.6376599634369288,898.0,881.1,1945.2,1174.8,598.5,1103.2,835.9,7436.5,10776.0,10572.87434,23340.5309,14098.805400000001,7182.968859999999,13235.57502,10031.27788,89238.0328,97155.0,53.0,12.0,22.0,28.0
North Dakota,38051,McIntosh County,1132,229,1381,903.0,0.8196958725561188,0.165821868211441,0.6538740043446778,979.0,842.1,1741.0,1174.8,612.7,1035.8,777.8,7163.5,11748.0,10105.56494,20892.2315,14098.805400000001,7352.77544,12429.183959999998,9335.54311,85962.10500000001,79423.0,53.0,45.0,7.0,48.0
North Dakota,38053,McKenzie County,4627,809,5483,3818.0,0.8438810869961699,0.1475469633412365,0.6963341236549334,1413.5,919.9,1647.9,1174.8,785.1,1258.0,1021.2,8220.6,16962.0,11040.18372,19774.620300000002,14098.805400000001,9421.51829,15097.22954,12254.54942,98648.9058,113550.0,53.0,2.0,38.0,3.0
North Dakota,38055,McLean County,4231,1093,5398,3138.0,0.7838088180807706,0.2024824008892182,0.5813264171915524,961.5,844.6,1781.0,1174.8,607.7,1116.8,810.2,7296.7,11538.0,10134.77191,21371.7438,14098.805400000001,7291.94621,13403.88524,9722.315859999999,87561.4694,104509.0,53.0,31.0,43.0,11.0
North Dakota,38057,Mercer County,3798,672,4530,3126.0,0.83841059602649,0.1483443708609271,0.6900662251655629,1119.3,844.6,1710.0,1174.8,660.7,1165.0,860.1,7534.3,13431.6,10134.77191,20520.8842,14098.805400000001,7929.06042,13975.90686,10320.71835,90411.74669999999,102879.0,53.0,8.0,30.0,15.0
North Dakota,38059,Morton County,12839,3748,16906,9091.0,0.7594345202886549,0.2216964391340352,0.5377380811546196,1114.5,844.6,1608.0,1004.6,659.2,1378.6,849.5,7459.1,13377.28794,10134.77191,19297.819,12055.19038,7910.7868100000005,16542.8326,10192.48337,89511.1726,108167.0,53.0,14.0,46.0,9.0
North Dakota,38061,Mountrail County,2877,1125,4060,1752.0,0.7086206896551724,0.2770935960591133,0.4315270935960591,977.9,881.1,1737.3,1174.8,625.3,1127.0,817.9,7342.0,11734.8,10572.87434,20847.4482,14098.805400000001,7505.56341,13526.98576,9814.93461,88101.4109,97837.0,53.0,30.0,31.0,24.0
North Dakota,38063,Nelson County,1141,580,1755,561.0,0.6501424501424501,0.3304843304843304,0.3196581196581196,979.0,903.1,1792.0,1115.5,633.2,1034.0,798.4,7255.0,11748.0,10835.73602,21504.8422,13386.74951,7598.446030000001,12407.568000000001,9582.33743,87063.6775,97708.0,53.0,37.0,36.0,25.0
North Dakota,38065,Oliver County,909,156,1084,753.0,0.8385608856088561,0.1439114391143911,0.694649446494465,780.3,844.6,1934.2,1004.6,546.7,1223.6,766.5,7100.3,9361.519,10134.77191,23210.7864,12055.19038,6559.654919999999,14685.415840000001,9196.95187,85204.2911,97917.0,53.0,43.0,39.0,21.0
North Dakota,38067,Pembina County,2350,704,3088,1646.0,0.7610103626943006,0.2279792746113989,0.5330310880829016,979.0,903.1,1876.0,1174.8,633.2,1059.4,846.9,7472.6,11748.0,10835.73602,22512.178399999997,14098.805400000001,7598.446030000001,12714.96776,10163.3121,89671.4461,90717.0,53.0,21.0,13.0,39.0
North Dakota,38069,Pierce County,1493,439,1955,1054.0,0.7636828644501279,0.2245524296675191,0.5391304347826087,910.2,881.1,1628.1,1174.8,602.6,1090.6,746.6,7033.9,10922.4,10572.87434,19536.7386,14098.805400000001,7232.226089999999,13083.94892,8959.35872,84406.3527,94375.0,53.0,42.0,27.0,34.0
North Dakota,38071,Ramsey County,3609,1513,5204,2096.0,0.6935049961568025,0.2907378939277479,0.4027671022290546,957.4,903.1,1545.9,1115.5,625.9,1045.8,726.8,6920.3,11488.8,10835.73602,18550.836900000002,13386.74951,7511.23648,12549.479860000001,8721.63321,83044.4719,92933.0,53.0,53.0,32.0,35.0
North Dakota,38073,Ransom County,1661,920,2632,741.0,0.631079027355623,0.3495440729483283,0.2815349544072947,942.4,934.6,1740.2,1099.3,631.6,1150.0,814.1,7311.9,11308.8,11215.42506,20880.6361,13192.552350000002,7578.42322,13800.29598,9768.97325,87745.1073,96250.0,53.0,26.0,26.0,31.0
North Dakota,38075,Renville County,993,179,1203,814.0,0.8254364089775561,0.1487946799667498,0.6766417290108063,942.1,881.1,1971.3,1174.8,613.4,1140.8,873.6,7597.2,11305.2,10572.87434,23654.4655,14098.805400000001,7361.0217600000005,13690.94134,10484.75766,91168.0661,86111.0,53.0,5.0,6.0,43.0
North Dakota,38077,Richland County,5576,2473,8199,3103.0,0.6800829369435297,0.3016221490425662,0.3784607879009635,958.3,917.5,1649.2,1099.3,631.3,1081.0,767.7,7104.1,11499.6,11010.97696,19790.4807,13192.552350000002,7573.8314199999995,12969.60056,9211.52714,85248.5712,101910.0,53.0,48.0,44.0,18.0
North Dakota,38079,Rolette County,1427,2567,4060,-1140.0,0.3514778325123153,0.6322660098522167,-0.2807881773399014,914.7,881.1,1725.7,1174.8,604.2,1023.8,759.0,7083.5,10976.4,10572.87434,20708.4632,14098.805400000001,7250.3948900000005,12284.8766,9108.62458,85000.44,65508.0,53.0,41.0,2.0,52.0
North Dakota,38081,Sargent County,1325,663,2024,662.0,0.6546442687747036,0.3275691699604743,0.3270750988142293,930.6,934.6,1815.2,1099.3,627.6,1145.2,828.1,7380.5,11167.2,11215.42506,21783.1222,13192.552350000002,7530.781019999999,13741.12762,9936.07773,88566.2882,97000.0,53.0,20.0,25.0,30.0
North Dakota,38083,Sheridan County,644,101,753,543.0,0.8552456839309429,0.1341301460823373,0.7211155378486056,1010.9,917.5,1826.0,1174.8,648.8,1041.8,848.1,7467.8,12130.8,11010.97696,21911.2536,14098.805400000001,7786.20273,12498.19942,10177.10182,89613.3387,92500.0,53.0,19.0,15.0,36.5
North Dakota,38085,Sioux County,285,654,950,-369.0,0.3,0.6884210526315789,-0.3884210526315789,889.5,917.5,1649.4,1174.8,608.1,1020.6,739.8,6999.7,10674.0,11010.97696,19792.7044,14098.805400000001,7296.05293,12245.89964,8877.718850000001,83996.1597,42500.0,53.0,46.0,1.0,53.0
North Dakota,38087,Slope County,351,33,387,318.0,0.9069767441860463,0.0852713178294573,0.821705426356589,1010.9,900.5,2054.8,1174.8,643.0,1068.2,917.5,7770.2,12130.8,10806.5291,24657.5576,14098.805400000001,7717.414970000001,12821.8467,11009.158440000001,93242.11319999999,79250.0,53.0,7.0,5.0,49.0
North Dakota,38089,Stark County,12323,2473,15017,9850.0,0.8206033162415929,0.1646800293001265,0.6559232869414664,1161.7,900.5,1581.8,1174.8,693.9,1152.2,861.9,7526.9,13940.4,10806.5291,18981.9884,14098.805400000001,8326.26678,13824.7165,10344.03818,90322.7461,101162.0,53.0,13.0,33.0,19.0
North Dakota,38091,Steele County,622,367,1005,255.0,0.618905472636816,0.3651741293532338,0.2537313432835821,966.0,903.1,1984.0,1115.5,628.8,1056.4,856.2,7510.0,11592.0,10835.73602,23807.5323,13386.74951,7545.958779999999,12677.23786,10272.80245,90118.01710000001,102708.0,53.0,15.0,40.0,16.0
North Dakota,38093,Stutsman County,7185,2692,10073,4493.0,0.713292961381912,0.267249081703564,0.446043879678348,958.3,842.1,1535.5,1174.8,605.8,1076.8,727.5,6921.2,11499.6,10105.56494,18426.663500000002,14098.805400000001,7269.19963,12923.189260000001,8730.29028,83053.3131,102606.0,53.0,52.0,47.0,17.0
North Dakota,38095,Towner County,796,289,1110,507.0,0.7171171171171171,0.2603603603603603,0.4567567567567567,966.0,881.1,1884.9,1174.8,621.4,1042.4,832.3,7403.2,11592.0,10572.87434,22617.0158,14098.805400000001,7457.51746,12511.420259999999,9988.42377,88838.0581,90521.0,53.0,23.0,14.0,41.0
North Dakota,38097,Traill County,2650,1359,4080,1291.0,0.6495098039215687,0.3330882352941176,0.316421568627451,951.0,903.1,1750.4,1002.2,623.6,1089.8,760.2,7080.2,11412.0,10835.73602,21003.692199999998,12027.36911,7485.396739999999,13078.75062,9122.20779,84965.1528,112823.0,53.0,49.0,53.0,6.0
North Dakota,38099,Walsh County,3186,1173,4456,2013.0,0.7149910233393177,0.2632405745062837,0.451750448833034,943.3,903.1,1751.4,1115.5,621.2,1058.8,779.8,7172.8,11319.6,10835.73602,21015.5043,13386.74951,7454.30808,12704.84548,9357.470510000001,86074.21489999999,87642.0,53.0,38.0,12.0,42.0
North Dakota,38101,Ward County,20635,7215,28326,13420.0,0.7284826661018146,0.2547129845371743,0.4737696815646402,1084.9,881.1,1468.1,1174.8,661.5,1158.2,796.7,7225.6,13018.8,10572.87434,17617.6539,14098.805400000001,7937.57372,13899.81304,9561.25777,86706.7799,103964.0,53.0,33.0,45.0,12.0
North Dakota,38103,Wells County,1815,405,2242,1410.0,0.8095450490633364,0.1806422836752899,0.6289027653880465,966.3,917.5,1774.1,1174.8,633.9,1033.6,812.8,7313.1,11595.6,11010.97696,21290.1899,14098.805400000001,7606.13125,12402.67134,9752.52356,87756.8981,84911.0,53.0,32.0,10.0,44.0
North Dakota,38105,Williams County,12501,2276,15010,10225.0,0.8328447701532312,0.1516322451698867,0.6812125249833445,1293.6,919.9,1526.4,1174.8,744.9,1205.8,923.0,7788.9,15523.2,11040.18372,18318.619,14098.805400000001,8937.42494,14473.42872,11076.249090000001,93467.9107,104598.0,53.0,6.0,35.0,10.0
Ohio,39001,Adams County,10269,2098,12429,8171.0,0.8262128892107169,0.1687987770536648,0.657414112157052,903.8,739.8,1563.2,1174.8,552.9,962.6,766.8,6664.1,10845.6,8878.87802,18757.0637,14098.805400000001,6636.42993,11552.967120000001,9200.77851,79970.52339999999,65452.0,88.0,86.0,8.0,87.0
Ohio,39003,Allen County,33201,12754,46361,20447.0,0.7161407217273139,0.2751019175600181,0.4410388041672958,994.9,810.5,1422.2,1320.3,607.4,896.4,811.6,6863.4,11938.8,9725.87637,17066.624499999998,15842.03556,7289.222380000001,10758.29248,9739.48974,82360.3404,80766.0,88.0,69.0,47.0,50.0
Ohio,39005,Ashland County,19863,6544,26662,13319.0,0.7449928737529068,0.2454429525166904,0.4995499212362163,911.8,876.1,1522.6,1226.3,601.5,962.6,831.5,6932.5,10941.6,10514.46091,18270.5514,14713.76335,7219.032459999999,11552.967120000001,9977.32305,83189.6982,81955.0,88.0,61.0,49.0,44.0
Ohio,39007,Ashtabula County,27656,15345,43368,12311.0,0.6377052204390334,0.3538323187603763,0.2838729016786571,905.5,881.1,1489.0,1177.5,601.2,1083.2,844.6,6982.3,10866.0,10572.87434,17868.3763,14131.17206,7213.2498,13000.82326,10134.465979999999,83786.9618,69960.0,88.0,55.0,16.0,77.0
Ohio,39009,Athens County,11369,14134,25726,-2765.0,0.4419264557257249,0.5494052709321309,-0.1074788152064059,1030.1,861.6,1434.5,1590.2,636.4,1215.4,1044.8,7813.4,12361.2,10339.21989,17213.113,19083.1998,7637.70516,14587.4394,12539.12782,93761.007,82794.0,88.0,13.0,21.0,43.0
Ohio,39011,Auglaize County,20988,4442,25623,16546.0,0.8191078328064629,0.173359871990009,0.6457479608164539,966.1,847.0,1548.1,1317.8,609.9,1083.2,920.0,7292.6,11593.2,10163.978650000001,18578.4655,15814.214600000001,7320.3455300000005,13000.82326,11038.40909,87509.4362,94728.0,88.0,38.0,73.0,21.0
Ohio,39013,Belmont County,22758,8080,31032,14678.0,0.7333720030935809,0.2603763856664088,0.472995617427172,920.5,822.7,1462.4,1360.7,586.4,1418.2,984.8,7555.9,11046.64402,9871.91054,17549.5205,16327.528769999999,7038.18492,17017.046599999998,11818.37804,90669.21310000001,75342.0,88.0,20.0,15.0,63.0
Ohio,39015,Brown County,17257,4069,21442,13188.0,0.804822311351553,0.1897677455461244,0.6150545658054286,938.8,803.3,1541.5,1177.2,586.2,896.4,779.7,6723.0,11265.6,9638.25564,18498.5877,14126.62695,7033.239379999999,10758.29248,9355.18743,80675.7915,81930.0,88.0,85.0,62.0,45.0
Ohio,39017,Butler County,114831,66713,183142,48118.0,0.6270052745956689,0.364269255550338,0.2627360190453309,1340.2,851.9,1500.9,1161.0,737.5,1418.2,1132.4,8141.9,16083.596,10222.392530000001,18010.642499999998,13932.42978,8850.82235,17017.046599999998,13586.34417,97703.2736,101612.0,88.0,10.0,67.0,10.0
Ohio,39019,Carroll County,10634,3071,13818,7563.0,0.769575915472572,0.2222463453466493,0.5473295701259226,845.7,993.1,1577.8,1263.5,618.8,896.4,858.9,7054.4,10151.41028,11916.38911,18931.765,15162.34559,7424.85575,10758.29248,10306.173579999999,84651.23240000001,74354.0,88.0,48.0,22.0,67.0
Ohio,39021,Champaign County,15334,4944,20468,10390.0,0.7491694352159468,0.241547781903459,0.5076216533124878,956.6,803.3,1564.1,1110.2,592.1,962.6,795.8,6784.5,11479.2,9638.25564,18768.2146,13322.017189999999,7105.106470000001,11552.967120000001,9548.608470000001,81414.3686,86608.0,88.0,83.0,70.0,34.0
Ohio,39023,Clark County,40403,21847,62835,18556.0,0.6430015118962362,0.3476883902283759,0.2953131216678603,975.9,803.3,1423.5,1112.5,598.5,1114.8,808.3,6836.4,11710.8,9638.25564,17081.5128,13349.83809,7183.02978,13373.9706,9700.46628,82037.87419999999,76742.0,88.0,66.0,34.0,60.0
Ohio,39025,Clermont County,76964,36130,114115,40834.0,0.6744424484073084,0.3166104368400298,0.3578320115672785,1269.9,844.6,1541.7,1177.2,711.4,1418.2,1116.1,8078.1,15234.007389999999,10134.77191,18499.4041,14126.62695,8535.49231,17017.046599999998,13391.190849999999,96938.5419,104840.0,88.0,11.0,74.0,7.0
Ohio,39027,Clinton County,15984,4633,20779,11351.0,0.7692381731555897,0.2229654940083738,0.5462726791472159,936.8,805.6,1510.8,1174.8,586.2,1083.2,832.0,6929.7,11241.6,9667.46257,18130.529300000002,14098.805400000001,7034.991250000001,13000.82326,9982.06877,83156.28,83095.0,88.0,62.0,54.0,42.0
Ohio,39029,Columbiana County,35607,12064,48046,23543.0,0.7411022769845564,0.2510927028264579,0.4900095741580985,909.9,861.6,1486.3,1207.2,595.9,962.6,807.2,6831.0,10918.8,10339.21989,17836.234,14487.19982,7152.400320000001,11552.967120000001,9685.36562,81972.1881,78065.0,88.0,70.0,38.0,58.0
Ohio,39031,Coshocton County,12362,3835,16333,8527.0,0.756872589236515,0.2348007102185758,0.5220718790179392,961.0,844.6,1527.7,1358.3,607.5,962.6,883.3,7144.9,11532.0,10134.77191,18331.5547,16299.707209999999,7289.9274700000005,11552.967120000001,10599.19335,85740.122,69397.0,88.0,47.0,10.0,80.0
Ohio,39033,Crawford County,15402,4683,20241,10719.0,0.7609307840521713,0.2313620868534163,0.529568697198755,932.5,800.7,1466.2,1358.3,583.1,962.6,832.8,6936.3,11190.0,9609.048859999999,17592.0634,16299.707209999999,6997.97658,11552.967120000001,9993.33514,83235.097,68186.0,88.0,63.0,13.0,82.0
Ohio,39035,Cuyahoga County,195164,376384,575890,-181220.0,0.3388911076768133,0.6535692580180242,-0.3146781503412109,1190.2,1051.4,1272.9,1179.9,754.2,1418.2,1083.9,7950.5,14282.489309999999,12617.352869999999,15275.3367,14158.99361,9050.628229999998,17017.046599999998,13006.020719999999,95407.86779999999,86863.0,88.0,12.0,31.0,33.0
Ohio,39037,Darke County,22234,4583,27000,17651.0,0.8234814814814815,0.1697407407407407,0.6537407407407407,952.0,798.2,1534.9,1110.2,588.9,962.6,783.3,6730.4,11424.0,9579.84207,18418.7995,13322.017189999999,7066.8805999999995,11552.967120000001,9401.516370000001,80766.0219,81315.0,88.0,88.0,61.0,47.0
Ohio,39039,Defiance County,13302,5667,19153,7635.0,0.6945126089907586,0.2958805409074296,0.3986320680833289,949.7,778.8,1533.7,1212.8,581.5,1215.4,889.1,7161.4,11396.4,9346.187390000001,18405.7424,14551.93234,6978.97963,14587.4394,10668.290790000001,85934.9736,87330.0,88.0,40.0,60.0,31.0
Ohio,39041,Delaware County,70448,61657,133357,8791.0,0.528266232743688,0.4623454336855208,0.0659207990581671,1599.2,937.2,1567.6,1201.5,853.2,1418.2,1317.7,8894.6,19190.957199999997,11244.63203,18812.0274,14417.922690000001,10240.25333,17017.046599999998,15813.77291,106736.61189999999,153705.0,88.0,1.0,88.0,1.0
Ohio,39043,Erie County,22493,16871,39737,5622.0,0.5660467574301029,0.4245665249012255,0.1414802325288773,1003.9,859.2,1466.3,1285.5,626.8,1083.2,899.7,7225.0,12046.8,10310.01301,17595.9994,15425.81998,7522.096520000001,13000.82326,10797.80192,86699.3547,88372.0,88.0,35.0,59.0,29.0
Ohio,39045,Fairfield County,51999,31695,84431,20304.0,0.6158756854709763,0.3753952931979959,0.2404803922729803,1243.3,849.4,1545.9,1201.5,704.1,1418.2,1110.3,8072.5,14918.8599,10193.185529999999,18550.480300000003,14417.922690000001,8449.11231,17017.046599999998,13323.40026,96870.0092,104261.0,88.0,9.0,71.0,8.0
Ohio,39047,Fayette County,9706,2773,12571,6933.0,0.7720945032217007,0.2205870654681409,0.5515074377535597,932.5,807.9,1492.7,1231.5,585.6,1083.2,843.5,6977.2,11190.0,9696.66936,17911.957000000002,14778.49577,7027.45692,13000.82326,10121.52023,83726.9222,73953.0,88.0,57.0,23.0,68.0
Ohio,39049,Franklin County,210830,380518,597530,-169688.0,0.3528358408782822,0.6368182350676953,-0.283982394189413,1376.0,922.5,1289.4,1201.5,773.3,1418.2,1117.7,8098.7,16512.5259,11069.39069,15472.910700000002,14417.922690000001,9280.11678,17017.046599999998,13412.968959999998,97182.8833,95135.0,88.0,8.0,46.0,20.0
Ohio,39051,Fulton County,15893,6374,22452,9519.0,0.7078656689827187,0.2838945305540709,0.4239711384286478,964.8,803.3,1608.1,1215.0,594.8,896.4,823.3,6905.2,11575.01005,9638.25564,19295.731399999997,14579.754,7137.34249,10758.29248,9879.646709999999,82864.03319999999,87100.0,88.0,71.0,69.0,32.0
Ohio,39053,Gallia County,10314,2592,13000,7722.0,0.7933846153846154,0.1993846153846153,0.594,899.8,800.7,1547.1,1223.4,572.0,962.6,798.3,6804.7,10797.6,9609.048859999999,18567.840900000003,14681.39719,6865.95091,11552.967120000001,9580.28542,81655.0903,69918.0,88.0,72.0,19.0,78.0
Ohio,39055,Geauga County,33844,20604,54886,13240.0,0.616623546988303,0.3753962759173559,0.241227271070947,1205.6,1029.6,1648.5,1179.9,752.1,1418.2,1205.2,8438.8,14467.23743,12354.49137,19781.1856,14158.99361,9024.34671,17017.046599999998,14464.24724,101267.5503,120713.0,88.0,3.0,84.0,4.0
Ohio,39057,Greene County,53399,35575,90031,17824.0,0.5931179260476946,0.3951416734235985,0.1979762526240961,1209.1,871.5,1426.6,1112.5,700.0,1418.2,1039.3,7777.1,14511.44939,10456.04707,17118.9087,13349.83809,8400.478,17017.046599999998,12471.286470000001,93325.0548,112813.0,88.0,16.0,85.0,6.0
Ohio,39059,Guernsey County,13314,4154,17594,9160.0,0.7567352506536319,0.2361032170057974,0.5206320336478345,909.4,820.4,1492.5,1358.3,582.0,1083.2,877.5,7123.2,10912.8,9842.70386,17909.7509,16299.707209999999,6983.32524,13000.82326,10529.626390000001,85478.7363,69396.0,88.0,39.0,6.0,81.0
Ohio,39061,Hamilton County,172365,233360,409753,-60995.0,0.4206558585294067,0.5695138290628745,-0.1488579705334677,1227.0,893.1,1318.7,1161.0,713.2,1418.2,1039.5,7770.5,14721.324429999999,10718.90879,15824.0584,13932.42978,8559.53324,17017.046599999998,12473.29585,93246.5986,97939.0,88.0,17.0,68.0,16.0
Ohio,39063,Hancock County,26052,11467,37937,14585.0,0.6867174526188154,0.3022642802541055,0.3844531723647099,1019.4,832.3,1488.3,1317.8,623.1,1215.4,959.0,7455.7,12232.8,9988.73777,17860.6991,15814.214600000001,7476.582120000001,14587.4394,11506.73142,89467.2048,90487.0,88.0,26.0,58.0,24.0
Ohio,39065,Hardin County,9911,2863,12893,7048.0,0.7687117040254402,0.222058481346467,0.5466532226789731,909.6,735.0,1552.8,1317.8,553.4,1083.2,847.1,6998.9,10915.2,8820.46429,18633.5838,15814.214600000001,6640.193649999999,13000.82326,10163.8828,83988.36189999999,78773.0,88.0,53.0,36.0,56.0
Ohio,39067,Harrison County,5484,1559,7109,3925.0,0.7714165142776762,0.2192994795329863,0.5521170347446899,929.8,832.3,1579.7,1358.3,593.0,962.6,880.0,7135.8,11157.6,9988.73777,18957.001,16299.707209999999,7114.82409,11552.967120000001,10559.13875,85629.9767,72083.0,88.0,42.0,17.0,74.0
Ohio,39069,Henry County,10873,3905,14911,6968.0,0.7291932130641808,0.2618871973710683,0.4673060156931125,929.2,769.2,1592.4,1212.8,571.3,962.6,810.9,6848.3,11150.4,9229.36033,19109.038500000002,14551.93234,6856.90401,11552.967120000001,9728.92167,82179.5244,89802.0,88.0,75.0,75.0,25.0
Ohio,39071,Highland County,16269,3609,19984,12660.0,0.8141012810248198,0.1805944755804643,0.6335068054443554,899.3,766.7,1522.9,1174.8,560.5,962.6,762.4,6649.9,10791.6,9200.15311,18275.6167,14098.805400000001,6726.3565499999995,11552.967120000001,9150.43848,79795.9373,72463.0,88.0,87.0,27.0,73.0
Ohio,39073,Hocking County,9679,3704,13489,5975.0,0.7175476314033657,0.2745941137222922,0.4429535176810735,956.1,798.2,1555.6,1260.7,590.2,896.4,818.0,6875.7,11473.2,9579.84207,18668.2083,15129.97923,7083.43417,10758.29248,9815.23331,82508.1885,75250.0,88.0,78.0,33.0,64.0
Ohio,39075,Holmes County,10384,1854,12335,8530.0,0.8418321848398865,0.1503040129712201,0.6915281718686664,889.4,837.2,1674.2,1266.5,580.9,1215.4,944.6,7408.6,10672.8,10047.15166,20090.8007,15199.25665,6971.3635699999995,14587.4394,11334.63565,88903.4472,89341.0,88.0,25.0,52.0,27.0
Ohio,39077,Huron County,19484,7496,27212,11988.0,0.7160076436866089,0.2754667058650595,0.4405409378215493,927.1,822.7,1506.1,1285.5,588.7,1083.2,867.4,7080.6,11125.2,9871.91054,18072.5334,15425.81998,7064.61562,13000.82326,10408.3112,84969.2143,80611.0,88.0,43.0,37.0,51.0
Ohio,39079,Jackson County,11249,2953,14285,8296.0,0.7874693734686734,0.2067203360168008,0.5807490374518726,950.5,778.8,1532.4,1223.4,581.9,962.6,810.9,6840.7,11406.0,9346.187390000001,18387.888899999998,14681.39719,6982.209519999999,11552.967120000001,9730.28629,82086.9362,71051.0,88.0,79.0,20.0,76.0
Ohio,39081,Jefferson County,22317,8592,31257,13725.0,0.7139840675688646,0.2748824263365006,0.4391016412323639,992.9,832.3,1422.3,1360.7,614.2,1418.2,1008.9,7649.8,11916.978650000001,9988.73777,17068.1043,16327.528769999999,7370.32194,17017.046599999998,12108.53646,91797.2561,72474.0,88.0,19.0,4.0,72.0
Ohio,39083,Knox County,23112,8698,32090,14414.0,0.7202243689622936,0.2710501713929573,0.4491741975693363,1005.3,839.6,1505.8,1231.5,620.8,1215.4,935.0,7353.6,12063.6,10076.35831,18069.993599999998,14778.49577,7449.134179999999,14587.4394,11217.846,88242.8662,87578.0,88.0,31.0,51.0,30.0
Ohio,39085,Lake County,72924,54484,128535,18440.0,0.5673474151009452,0.4238845450655463,0.1434628700353988,1270.7,988.3,1462.8,1179.9,760.2,1418.2,1153.9,8233.6,15248.8665,11857.97515,17555.552,14158.99361,9120.27467,17017.046599999998,13845.67665,98804.3855,100910.0,88.0,6.0,64.0,11.0
Ohio,39087,Lawrence County,20013,6514,26712,13499.0,0.7492138364779874,0.2438604372566636,0.5053533992213237,997.7,805.6,1370.6,1225.8,606.6,1114.8,837.6,6958.2,11970.60858,9667.46257,16446.6555,14709.21874,7280.2710099999995,13373.9706,10049.58381,83497.77160000001,66974.0,88.0,67.0,7.0,84.0
Ohio,39089,Licking County,61359,32832,95045,28527.0,0.6455784102267347,0.3454363722447262,0.3001420379820085,1114.8,856.8,1536.7,1201.5,663.3,1114.8,949.1,7436.7,13378.761929999999,10280.805960000002,18440.409399999997,14417.922690000001,7960.41694,13373.9706,11388.424770000001,89240.7132,100512.0,88.0,28.0,77.0,12.0
Ohio,39091,Logan County,18182,5027,23403,13155.0,0.7769089432978677,0.2148015211724992,0.5621074221253685,913.4,822.7,1532.1,1231.5,584.0,1083.2,853.1,7020.4,10960.8,9871.91054,18385.4587,14778.49577,7009.302030000001,13000.82326,10238.96484,84245.75450000001,85066.0,88.0,51.0,57.0,36.0
Ohio,39093,Lorain County,83297,74207,158959,9090.0,0.5240156266710284,0.4668310696468901,0.0571845570241383,1084.9,922.5,1474.2,1179.9,675.4,1418.2,1044.1,7799.2,13017.671839999999,11069.39069,17692.774100000002,14158.99361,8104.250039999999,17017.046599999998,12529.74094,93589.8679,93272.0,88.0,15.0,53.0,22.0
Ohio,39095,Lucas County,82398,106320,190525,-23922.0,0.4324786773389319,0.5580370030179767,-0.1255583256790447,1056.0,847.0,1319.6,1215.0,640.4,1418.2,962.3,7458.4,12674.08029,10163.978650000001,15834.5143,14579.754,7684.014660000001,17017.046599999998,11546.6561,89500.0432,81329.0,88.0,23.0,30.0,46.0
Ohio,39097,Madison County,14737,5713,20668,9024.0,0.7130346429262628,0.2764176504741629,0.4366169924520999,1053.6,815.2,1596.4,1201.5,628.8,1114.8,924.0,7334.0,12642.1934,9784.28995,19156.9492,14417.922690000001,7545.537450000001,13373.9706,11088.55679,88009.42069999999,101852.0,88.0,33.0,80.0,9.0
Ohio,39099,Mahoning County,61249,50636,112678,10613.0,0.543575498322654,0.4493867480785956,0.0941887502440583,924.6,944.4,1378.7,1209.5,628.8,1114.8,864.9,7065.3,11092.216629999999,11332.25229,16543.9369,14515.021369999999,7544.859579999999,13373.9706,10380.09175,84782.3503,75015.0,88.0,46.0,24.0,65.0
Ohio,39101,Marion County,19219,7902,27355,11317.0,0.7025772253701335,0.2888685797843173,0.4137086455858161,989.9,795.9,1420.5,1428.3,601.0,1215.4,942.6,7394.1,11878.8,9550.6354,17047.6806,17141.2284,7210.074060000001,14587.4394,11312.16712,88728.0252,73424.0,88.0,24.0,9.0,71.0
Ohio,39103,Medina County,66308,39771,107017,26537.0,0.61960249306185,0.3716325443621107,0.2479699486997393,1291.1,1007.6,1570.1,1101.7,773.3,1418.2,1180.7,8342.2,15490.4607,12091.63006,18839.1503,13220.37321,9280.175200000001,17017.046599999998,14167.175210000001,100106.0141,112978.0,88.0,5.0,79.0,5.0
Ohio,39105,Meigs County,8127,2202,10400,5925.0,0.7814423076923077,0.2117307692307692,0.5697115384615385,890.9,844.6,1587.6,1347.5,583.8,962.6,865.1,7082.4,10690.8,10134.77191,19052.3629,16170.242370000002,7006.90037,11552.967120000001,10381.137910000001,84989.1821,60552.0,88.0,41.0,1.0,88.0
Ohio,39107,Mercer County,19710,3865,23750,15845.0,0.8298947368421052,0.1627368421052631,0.6671578947368421,931.9,754.3,1618.1,1317.8,567.4,962.6,846.3,6998.9,11182.8,9054.11901,19416.4766,15814.214600000001,6808.84411,11552.967120000001,10156.526730000001,83985.9479,100194.0,88.0,59.0,83.0,13.0
Ohio,39109,Miami County,42677,15969,59176,26708.0,0.7211876436393132,0.2698560227119102,0.451331620927403,1046.1,837.2,1521.8,1112.5,633.7,896.4,811.8,6859.6,12552.6039,10047.15166,18260.971700000002,13349.83809,7603.83577,10758.29248,9741.61702,82314.3115,95196.0,88.0,77.0,81.0,19.0
Ohio,39111,Monroe County,5396,1336,6794,4060.0,0.7942302031204004,0.196644097733294,0.5975861053871063,949.8,822.7,1598.7,1358.3,596.4,1215.4,975.9,7517.2,11397.6,9871.91054,19184.8624,16299.707209999999,7156.26624,14587.4394,11709.37515,90207.1612,69411.0,88.0,22.0,2.0,79.0
Ohio,39113,Montgomery County,125566,126767,254715,-1201.0,0.4929666489998626,0.4976817227096951,-0.0047150737098325,1075.0,856.8,1315.4,1112.5,649.9,1418.2,939.2,7366.7,12899.06603,10280.805960000002,15785.573800000002,13349.83809,7799.020139999999,17017.046599999998,11269.79003,88401.1409,84813.0,88.0,30.0,41.0,37.0
Ohio,39115,Morgan County,5168,1560,6782,3608.0,0.7620171040990859,0.230020642878207,0.5319964612208788,911.7,783.8,1589.0,1358.3,570.4,1083.2,891.6,7188.1,10940.4,9404.600900000001,19067.1807,16299.707209999999,6845.209089999999,13000.82326,10698.86565,86256.7875,68028.0,88.0,37.0,3.0,83.0
Ohio,39117,Morrow County,14609,4100,18855,10509.0,0.7748077433041634,0.2174489525324847,0.5573587907716786,1051.2,800.7,1712.0,1376.8,623.0,1418.2,1116.9,8099.0,12615.40912,9609.048859999999,20541.3272,16521.72573,7477.56473,17017.046599999998,13404.3351,97186.4587,80111.0,88.0,7.0,14.0,53.0
Ohio,39119,Muskingum County,28147,10874,39327,17273.0,0.7157169374729829,0.276502148651054,0.4392147888219289,950.8,813.0,1465.7,1358.3,593.3,962.6,844.7,6988.5,11409.6,9755.0828,17589.413699999997,16299.707209999999,7120.99647,11552.967120000001,10135.15735,83862.9243,75553.0,88.0,60.0,28.0,62.0
Ohio,39121,Noble County,5050,1069,6161,3981.0,0.819672131147541,0.173510793702321,0.64616133744522,900.5,820.4,1538.1,1358.3,578.9,1083.2,886.5,7165.9,10806.0,9842.70386,18457.7465,16299.707209999999,6947.391659999999,13000.82326,10636.51409,85990.8846,73924.0,88.0,36.0,18.0,69.0
Ohio,39123,Ottawa County,14872,8866,23956,6006.0,0.620804808816163,0.3700951744865587,0.2507096343296042,971.2,893.1,1545.3,1287.7,627.3,1114.8,936.7,7376.0,11654.4,10718.90879,18543.5733,15453.64123,7527.64632,13373.9706,11241.35708,88513.499,97140.0,88.0,27.0,72.0,17.0
Ohio,39125,Paulding County,7203,1987,9276,5216.0,0.7765200517464425,0.2142087106511427,0.5623113410952997,953.6,778.8,1648.2,1317.8,582.9,962.6,875.3,7119.1,11443.2,9346.187390000001,19776.3497,15814.214600000001,6994.72582,11552.967120000001,10502.94035,85430.5851,83722.0,88.0,52.0,50.0,40.0
Ohio,39127,Perry County,13062,3800,16991,9262.0,0.7687599317285622,0.2236478135483491,0.545112118180213,905.3,783.8,1565.0,1201.5,568.3,1114.8,842.1,6980.4,10863.6,9404.600900000001,18780.475700000003,14417.922690000001,6819.36917,13373.9706,10105.130079999999,83765.0697,75972.0,88.0,54.0,26.0,61.0
Ohio,39129,Pickaway County,21607,7397,29275,14210.0,0.7380700256191289,0.2526729291204099,0.485397096498719,1077.1,813.0,1606.1,1233.8,636.0,896.4,874.3,7136.4,12923.428759999999,9755.0828,19275.1365,14806.31722,7630.33403,10758.29248,10489.41717,85638.0099,89118.0,88.0,45.0,66.0,28.0
Ohio,39131,Pike County,9352,2793,12218,6559.0,0.7654280569651334,0.2285971517433295,0.5368309052218039,897.0,774.0,1507.5,1223.4,562.3,962.6,775.5,6702.5,10764.0,9287.77376,18087.8883,14681.39719,6746.550810000001,11552.967120000001,9308.21384,80428.78959999999,66406.0,88.0,81.0,11.0,85.0
Ohio,39133,Portage County,47681,34759,83181,12922.0,0.5732198458782655,0.4178718697779541,0.1553479761003113,1123.1,927.4,1479.8,1101.7,689.9,1418.2,1039.0,7779.3,13480.545680000001,11127.8045,17757.355499999998,13220.37321,8279.640589999999,17017.046599999998,12468.76912,93351.5355,95426.0,88.0,14.0,63.0,18.0
Ohio,39135,Preble County,17146,4343,21653,12803.0,0.7918533228651919,0.2005726689142382,0.5912806539509537,925.3,754.3,1575.8,1110.2,565.3,1083.2,805.9,6820.3,11103.6,9054.11901,18909.639799999997,13322.017189999999,6782.19677,13000.82326,9672.09319,81844.4884,84439.0,88.0,76.0,65.0,38.0
Ohio,39137,Putnam County,16576,2996,19754,13580.0,0.8391211906449326,0.1516654854712969,0.6874557051736356,894.9,778.8,1674.8,1317.8,563.1,962.6,854.3,7046.6,10738.8,9346.187390000001,20095.7816,15814.214600000001,6757.7258600000005,11552.967120000001,10252.75789,84558.434,99846.0,88.0,49.0,82.0,15.0
Ohio,39139,Richland County,41298,16591,58358,24707.0,0.7076664724630728,0.2842969258713458,0.423369546591727,946.6,834.8,1428.5,1360.7,599.4,896.4,820.9,6887.4,11359.2,10017.94476,17141.4888,16327.528769999999,7192.48062,10758.29248,9850.82704,82647.76259999999,74841.0,88.0,73.0,32.0,66.0
Ohio,39141,Ross County,22801,9846,32930,12955.0,0.6924081384755542,0.2989978742787731,0.393410264196781,979.1,820.4,1494.0,1223.4,605.4,962.6,824.2,6909.4,11749.2,9842.70386,17928.245600000002,14681.39719,7264.7376699999995,11552.967120000001,9891.26513,82910.5169,80823.0,88.0,64.0,44.0,49.0
Ohio,39143,Sandusky County,19311,10139,29713,9172.0,0.6499175445091374,0.3412311109615319,0.3086864335476054,957.0,810.5,1487.0,1285.5,594.8,1083.2,872.0,7089.9,11484.0,9725.87637,17842.6423,15425.81998,7136.20195,13000.82326,10462.27729,85077.6419,81033.0,88.0,50.0,42.0,48.0
Ohio,39145,Scioto County,22978,8021,31179,14957.0,0.7369703967413964,0.2572564867378684,0.479713910003528,950.6,803.3,1440.0,1223.4,590.1,962.6,791.8,6762.0,11407.2,9638.25564,17280.1528,14681.39719,7080.881660000001,11552.967120000001,9501.39099,81142.2461,66136.0,88.0,84.0,12.0,86.0
Ohio,39147,Seneca County,17241,7765,25262,9476.0,0.6824875306784894,0.3073786715224448,0.3751088591560446,931.0,793.4,1523.6,1285.5,580.3,962.6,821.3,6897.9,11172.0,9521.4285,18282.0301,15425.81998,6962.439780000001,11552.967120000001,9856.91146,82773.5968,78879.0,88.0,65.0,39.0,55.0
Ohio,39149,Shelby County,20740,4350,25288,16390.0,0.8201518506801645,0.1720183486238532,0.6481335020563113,960.2,807.9,1564.8,1110.2,594.9,962.6,800.6,6801.4,11522.4,9696.66936,18777.277299999998,13322.017189999999,7139.29501,11552.967120000001,9605.76676,81616.39259999999,89443.0,88.0,80.0,76.0,26.0
Ohio,39151,Stark County,111478,71090,184158,40388.0,0.6053388937759967,0.3860272157603797,0.219311678015617,951.0,907.8,1377.1,1212.3,625.5,1114.8,859.9,7048.5,11413.82922,10894.14988,16527.360699999997,14547.38754,7505.66575,13373.9706,10320.29849,84582.6629,83609.0,88.0,44.0,48.0,41.0
Ohio,39153,Summit County,125910,145005,273413,-19095.0,0.4605121190287221,0.5303515194961469,-0.0698394004674247,1082.1,983.2,1360.1,1101.7,694.9,1418.2,1006.8,7647.1,12986.08528,11799.56172,16320.6845,13220.37321,8339.293580000001,17017.046599999998,12081.36924,91764.4155,92526.0,88.0,18.0,55.0,23.0
Ohio,39155,Trumbull County,55983,39758,96514,16225.0,0.580050562612678,0.4119402366496052,0.1681103259630727,933.9,907.8,1416.0,1209.5,619.7,1418.2,964.4,7469.3,11206.71712,10894.14988,16993.018,14515.021369999999,7435.981450000001,17017.046599999998,11572.62943,89634.56509999999,71943.0,88.0,21.0,5.0,75.0
Ohio,39157,Tuscarawas County,30652,12032,43019,18620.0,0.7125223738348172,0.2796903693716729,0.4328320044631442,965.3,885.9,1476.1,1358.3,622.8,1083.2,923.5,7315.4,11583.6,10631.288219999999,17712.9934,16299.707209999999,7474.34484,13000.82326,11081.83924,87784.5951,79625.0,88.0,32.0,29.0,54.0
Ohio,39159,Union County,23982,12934,37288,11048.0,0.6431559751126368,0.3468676249731817,0.296288350139455,1292.8,873.7,1706.3,1201.5,729.0,1418.2,1198.4,8419.8,15513.6,10485.25404,20475.4169,14417.922690000001,8747.48493,17017.046599999998,14380.798879999998,101037.527,123968.0,88.0,4.0,87.0,3.0
Ohio,39161,Van Wert County,11616,3000,14729,8616.0,0.7886482449589246,0.2036798153303007,0.5849684296286238,905.2,725.3,1538.0,1317.8,548.7,962.6,796.6,6794.3,10862.4,8703.63691,18455.528700000003,15814.214600000001,6583.12146,11552.967120000001,9559.45346,81531.3229,80237.0,88.0,74.0,45.0,52.0
Ohio,39163,Vinton County,4531,1169,5737,3362.0,0.7897856022311313,0.2037650339898901,0.586020568241241,889.8,778.8,1604.2,1223.4,561.4,962.6,803.1,6823.6,10677.6,9346.187390000001,19249.9248,14681.39719,6737.134690000001,11552.967120000001,9638.28838,81883.4997,73475.0,88.0,68.0,25.0,70.0
Ohio,39165,Warren County,91132,47128,139593,44004.0,0.6528407584907553,0.3376100520799753,0.3152307064107799,1578.6,885.9,1551.9,1161.0,829.2,1418.2,1272.1,8696.7,18939.9728,10631.288219999999,18622.4698,13932.42978,9949.44461,17017.046599999998,15266.91429,104359.5664,125235.0,88.0,2.0,86.0,2.0
Ohio,39167,Washington County,22161,8600,31000,13561.0,0.7148709677419355,0.2774193548387096,0.4374516129032258,920.9,837.2,1493.5,1347.5,591.5,962.6,846.9,7000.4,11050.8,10047.15166,17920.3403,16170.242370000002,7098.5441200000005,11552.967120000001,10164.38009,84004.425,78309.0,88.0,56.0,35.0,57.0
Ohio,39169,Wayne County,36764,15898,53140,20866.0,0.6918328942416259,0.2991719984945427,0.3926608957470831,957.7,959.0,1530.8,1266.5,644.9,1083.2,939.7,7381.7,11492.4,11507.49323,18368.526,15199.25665,7738.46491,13000.82326,11274.179769999999,88581.1434,85515.0,88.0,29.0,43.0,35.0
Ohio,39171,Williams County,13461,4644,18274,8817.0,0.7366203349020466,0.2541315530261573,0.4824887818758892,909.7,761.7,1534.7,1212.8,562.4,962.6,780.5,6724.9,10916.4,9141.7396,18419.1626,14551.93234,6748.692590000001,11552.967120000001,9367.514509999999,80698.4102,77011.0,88.0,82.0,40.0,59.0
Ohio,39173,Wood County,36877,30016,67565,6861.0,0.5458003404129357,0.4442536816399023,0.1015466587730333,1101.4,876.1,1457.0,1215.0,665.4,1114.8,936.3,7365.8,13216.65853,10514.46091,17486.482500000002,14579.754,7984.49084,13373.9706,11234.01032,88389.8266,100028.0,88.0,34.0,78.0,14.0
Ohio,39175,Wyandot County,8564,2731,11389,5833.0,0.751953639476688,0.2397927825094389,0.5121608569672491,895.1,800.7,1594.8,1285.5,570.4,962.6,830.3,6939.9,10741.2,9609.048859999999,19140.2483,15425.81998,6846.97484,11552.967120000001,9964.00576,83280.2656,83979.0,88.0,58.0,56.0,39.0
Oklahoma,40001,Adair County,5860,1289,7256,4571.0,0.8076074972436604,0.1776460859977949,0.6299614112458655,955.5,888.5,1583.1,1380.0,620.5,835.0,981.2,7243.3,11466.0,10660.49495,18998.1622,16560.61287,7444.604450000001,10018.681779999999,11772.8276,86921.3838,57432.0,77.0,40.0,4.0,72.0
Oklahoma,40003,Alfalfa County,1891,236,2160,1655.0,0.875462962962963,0.1092592592592592,0.7662037037037037,989.9,881.1,1820.9,1293.7,629.6,889.0,1066.6,7570.8,11878.8,10572.87434,21850.9,15524.89453,7554.013219999999,10667.29544,12800.0712,90848.8493,92500.0,77.0,22.0,75.0,7.0
Oklahoma,40005,Atoka County,4832,779,5662,4053.0,0.8534086895090074,0.1375838926174496,0.7158247968915578,962.6,849.4,1571.5,1380.0,609.7,858.0,971.6,7203.3,11551.2,10193.185529999999,18858.1031,16560.61287,7316.04118,10299.95178,11659.53915,86438.6346,66411.0,77.0,48.0,23.0,54.0
Oklahoma,40007,Beaver County,1938,158,2124,1780.0,0.9124293785310734,0.0743879472693032,0.8380414312617702,945.4,793.4,1807.9,1380.0,585.1,920.2,1038.1,7470.2,11344.8,9521.4285,21694.3733,16560.61287,7020.57945,11041.7791,12458.586220000001,89642.1579,73125.0,77.0,23.0,37.0,33.0
Oklahoma,40009,Beckham County,6474,1093,7678,5381.0,0.8431883302943475,0.1423547798905965,0.700833550403751,996.3,866.6,1542.7,1380.0,626.9,891.4,992.8,7296.4,11955.6,10397.6336,18512.4172,16560.61287,7520.891989999999,10696.55936,11914.01391,87557.7289,74235.0,77.0,29.0,45.0,30.0
Oklahoma,40011,Blaine County,3054,671,3786,2383.0,0.8066561014263075,0.1772319070258848,0.6294241944004226,923.9,881.1,1588.0,1156.0,607.2,895.0,909.4,6960.8,11086.8,10572.87434,19057.0492,13874.21874,7287.539419999999,10740.14814,10911.014879999999,83529.6458,72500.0,77.0,66.0,47.0,36.0
Oklahoma,40013,Bryan County,13999,3569,17812,10430.0,0.7859308331461936,0.2003705367168201,0.5855602964293735,1024.4,839.6,1471.1,1380.0,627.2,904.8,977.6,7225.3,12292.8,10076.35831,17654.3399,16560.61287,7526.25018,10859.384699999999,11733.67038,86703.4161,68240.0,77.0,45.0,31.0,51.0
Oklahoma,40015,Caddo County,6886,2414,9496,4472.0,0.7251474304970514,0.254212299915754,0.4709351305812974,918.9,800.7,1594.4,1293.7,578.8,862.0,906.9,6955.3,11026.8,9609.048859999999,19133.5833,15524.89453,6943.06677,10342.10758,10883.64315,83463.1431,65042.0,77.0,67.0,25.0,55.0
Oklahoma,40017,Canadian County,50551,21038,73074,29513.0,0.6917781974436872,0.2878999370501136,0.4038782603935736,1315.4,893.1,1658.1,1242.1,743.3,1225.6,1270.8,8348.8,15785.315299999998,10718.90879,19896.2419,14906.41734,8917.52019,14709.151400000002,15250.98623,100184.5407,99378.0,77.0,1.0,73.0,1.0
Oklahoma,40019,Carter County,14945,4277,19488,10668.0,0.766882183908046,0.2194683908045977,0.5474137931034483,1035.1,878.6,1519.9,1156.0,643.9,920.4,944.3,7098.6,12421.2,10543.667669999999,18238.1505,13874.21874,7726.68023,11045.76742,11333.160179999999,85182.84569999999,75554.0,77.0,51.0,53.0,28.0
Oklahoma,40021,Cherokee County,11637,5826,17823,5811.0,0.6529203837737755,0.3268809964652415,0.3260393873085339,960.7,888.5,1522.1,1293.7,622.2,881.8,948.9,7117.9,11528.4,10660.49495,18265.5887,15524.89453,7465.599279999999,10582.56612,11386.11041,85413.6551,67246.0,77.0,55.0,29.0,52.0
Oklahoma,40023,Choctaw County,4633,944,5639,3689.0,0.8215995743926228,0.1674055683631849,0.6541940060294378,934.0,847.0,1493.3,1293.7,599.4,844.6,896.3,6908.2,11208.0,10163.978650000001,17918.8395,15524.89453,7190.74237,10137.126240000001,10755.41569,82898.9958,63101.0,77.0,73.0,22.0,59.0
Oklahoma,40025,Cimarron County,860,66,935,794.0,0.9197860962566844,0.0705882352941176,0.8491978609625669,996.2,795.9,1682.0,1380.0,603.0,852.6,998.6,7308.3,11954.4,9550.6354,20183.6116,16560.61287,7235.51013,10229.877100000002,11984.30732,87698.9544,86000.0,77.0,43.0,72.0,10.0
Oklahoma,40027,Cleveland County,67225,49432,119294,17793.0,0.5635237312857311,0.4143712173286167,0.1491525139571143,1228.0,905.5,1493.6,1328.6,717.8,1171.2,1188.0,8033.1,14739.9307,10864.94279,17923.659099999997,15942.135579999998,8614.92765,14057.163199999999,14255.93547,96398.6946,97518.0,77.0,2.0,74.0,2.0
Oklahoma,40029,Coal County,2155,345,2538,1810.0,0.8490937746256895,0.1359338061465721,0.7131599684791173,969.1,834.8,1600.4,1380.0,606.8,848.6,974.6,7214.8,11629.2,10017.94476,19207.1865,16560.61287,7283.323879999999,10185.0328,11695.32761,86578.6301,56225.0,77.0,50.0,2.0,76.0
Oklahoma,40031,Comanche County,20823,12823,34284,8000.0,0.6073678683934197,0.3740228678100571,0.2333450005833625,1029.3,861.6,1435.2,1431.0,636.3,1109.4,1071.6,7574.3,12351.6,10339.21989,17221.294,17172.05112,7634.47516,13310.7686,12860.609690000001,90890.0208,71670.0,77.0,14.0,28.0,42.0
Oklahoma,40033,Cotton County,2067,392,2506,1675.0,0.8248204309656824,0.1564245810055866,0.6683958499600957,925.6,873.7,1671.9,1317.5,605.6,1095.2,1059.7,7549.3,11107.2,10485.25404,20063.2104,15812.67083,7264.922930000001,13143.3318,12715.6046,90592.19619999999,78656.0,77.0,11.0,46.0,21.0
Oklahoma,40035,Craig County,4740,1212,6056,3528.0,0.7826948480845443,0.2001321003963012,0.5825627476882431,985.3,876.1,1535.2,1255.9,626.2,913.6,959.2,7151.8,11823.6,10514.46091,18422.601000000002,15071.767679999999,7515.787149999999,10963.7269,11510.662540000001,85822.6052,60882.0,77.0,53.0,15.0,65.0
Oklahoma,40037,Creek County,24098,6643,31312,17455.0,0.76960909555442,0.2121550843127235,0.5574540112416965,1066.8,839.6,1570.7,1242.1,641.6,1131.4,1064.1,7556.6,12804.39219,10076.35831,18848.9502,14906.41734,7698.37859,13573.539399999998,12770.53672,90678.5705,79386.0,77.0,13.0,52.0,19.0
Oklahoma,40039,Custer County,7693,2279,10168,5414.0,0.7565892997639654,0.2241345397324941,0.5324547600314713,1003.0,876.1,1476.9,1380.0,632.3,869.4,976.3,7213.8,12036.0,10514.46091,17719.826,16560.61287,7587.25037,10433.84304,11712.720319999999,86564.71310000001,77067.0,77.0,44.0,56.0,25.0
Oklahoma,40041,Delaware County,14407,3475,18108,10932.0,0.7956151977026729,0.1919041307709299,0.6037110669317429,987.9,871.5,1547.5,1255.9,625.5,907.6,957.4,7153.3,11854.8,10456.04707,18572.2459,15071.767679999999,7506.63081,10890.5003,11488.77371,85840.7657,69176.0,77.0,46.0,34.0,49.0
Oklahoma,40043,Dewey County,1984,209,2215,1775.0,0.8957110609480813,0.0943566591422122,0.8013544018058691,994.3,873.7,1745.0,1380.0,628.5,912.6,1077.9,7612.2,11931.6,10485.25404,20938.7753,16560.61287,7542.29764,10952.59866,12935.591349999999,91346.7294,71509.0,77.0,16.0,27.0,44.0
Oklahoma,40045,Ellis County,1585,197,1812,1388.0,0.8747240618101545,0.108719646799117,0.7660044150110374,971.6,876.1,1853.6,1380.0,621.5,887.0,1090.0,7679.8,11659.2,10514.46091,22241.9016,16560.61287,7460.47355,10641.1389,13081.31276,92159.1018,71711.0,77.0,9.0,24.0,40.0
Oklahoma,40047,Garfield County,16593,4849,21844,11744.0,0.7596136238784106,0.2219831532686321,0.5376304706097785,1068.0,868.9,1495.5,1404.1,651.7,1130.2,1108.0,7726.5,12816.0,10426.840419999999,17945.5834,16848.38922,7820.206080000001,13564.1726,13296.13535,92717.3266,82529.0,77.0,7.0,54.0,14.0
Oklahoma,40049,Garvin County,9063,1802,10991,7261.0,0.8245837503411882,0.1639523246292421,0.6606314257119461,955.2,827.6,1556.6,1293.7,599.8,895.4,936.5,7064.6,11462.4,9930.32415,18678.5352,15524.89453,7197.72239,10743.166000000001,11238.32203,84775.3639,73080.0,77.0,63.0,48.0,34.0
Oklahoma,40051,Grady County,20378,4536,25283,15842.0,0.8059961238777044,0.1794090891112605,0.6265870347664438,953.4,844.6,1632.2,1493.0,605.0,1132.8,1123.0,7784.0,11440.8,10134.77191,19586.5522,17916.47352,7259.242789999999,13593.151600000001,13476.124539999999,93407.1161,89635.0,77.0,6.0,67.0,8.0
Oklahoma,40053,Grant County,1794,295,2125,1499.0,0.8442352941176471,0.1388235294117647,0.7054117647058824,943.9,876.1,1838.1,1293.7,612.4,893.8,1047.9,7506.0,11326.8,10514.46091,22059.2919,15524.89453,7348.635429999999,10725.82308,12572.36662,90072.2721,81357.0,77.0,20.0,58.0,17.0
Oklahoma,40055,Greer County,1511,304,1836,1207.0,0.8229847494553377,0.1655773420479303,0.6574074074074074,994.9,859.2,1560.8,1380.0,623.8,857.6,989.5,7266.2,11938.8,10310.01301,18729.096299999997,16560.61287,7485.759029999999,10291.974960000001,11874.20669,87190.463,70885.0,77.0,47.0,41.0,45.0
Oklahoma,40057,Harmon County,709,165,882,544.0,0.8038548752834467,0.1870748299319728,0.6167800453514739,924.6,866.6,1631.3,1380.0,602.6,921.6,1000.7,7327.2,11095.2,10397.6336,19575.3819,16560.61287,7231.4048299999995,11056.89636,12009.92975,87927.06019999999,60625.0,77.0,32.0,8.0,66.0
Oklahoma,40059,Harper County,1284,147,1451,1137.0,0.8849069607167471,0.1013094417643004,0.7835975189524467,964.6,876.1,1866.8,1380.0,619.4,897.4,1098.4,7702.9,11575.2,10514.46091,22401.6141,16560.61287,7432.21118,10769.78576,13179.7985,92433.6827,72202.0,77.0,10.0,26.0,38.0
Oklahoma,40061,Haskell County,4156,718,4936,3438.0,0.8419773095623987,0.1454619124797407,0.696515397082658,933.0,827.6,1578.6,1293.7,592.5,869.0,924.7,7019.2,11196.0,9930.32415,18944.6505,15524.89453,7108.09029,10429.52548,11097.18951,84230.67439999999,62125.0,77.0,64.0,18.0,61.0
Oklahoma,40063,Hughes County,3744,831,4659,2913.0,0.8036059240180297,0.1783644558918223,0.6252414681262074,952.5,810.5,1583.1,1255.9,593.2,839.6,904.8,6939.9,11430.0,9725.87637,19000.2843,15071.767679999999,7118.0333,10075.44708,10856.831849999999,83278.239,57679.0,77.0,74.0,10.0,71.0
Oklahoma,40065,Jackson County,6295,1602,8053,4693.0,0.7816962622625109,0.1989320750031044,0.5827641872594065,953.5,847.0,1451.1,1380.0,606.0,914.0,945.1,7096.3,11442.0,10163.978650000001,17411.769699999997,16560.61287,7269.473260000001,10965.90814,11341.053530000001,85154.7971,78239.0,77.0,54.0,63.0,22.0
Oklahoma,40067,Jefferson County,2020,319,2375,1701.0,0.8505263157894737,0.1343157894736842,0.7162105263157894,975.9,868.9,1605.3,1380.0,620.8,848.0,995.3,7294.2,11710.8,10426.840419999999,19264.1182,16560.61287,7448.354219999999,10177.519199999999,11942.17264,87530.41829999999,61467.0,77.0,39.0,13.0,63.0
Oklahoma,40069,Johnston County,3462,684,4230,2778.0,0.8184397163120567,0.1617021276595744,0.6567375886524822,981.3,851.9,1575.6,1156.0,616.8,862.8,908.3,6952.8,11775.6,10222.392530000001,18905.1563,13874.21874,7401.368820000001,10354.954440000001,10900.79788,83434.4869,61675.0,77.0,76.0,20.0,62.0
Oklahoma,40071,Kay County,12483,4136,16913,8347.0,0.7380713060959025,0.2445456157984982,0.4935256902974043,957.0,851.9,1466.3,1380.0,608.7,888.6,946.8,7099.4,11484.0,10222.392530000001,17595.976199999997,16560.61287,7303.258159999999,10662.4254,11363.39568,85192.0612,69885.0,77.0,56.0,40.0,48.0
Oklahoma,40073,Kingfisher County,5745,923,6754,4822.0,0.8506070476754516,0.1366597571809298,0.7139472904945218,1032.7,844.6,1719.2,1156.0,631.7,939.2,1005.0,7328.2,12392.4,10134.77191,20630.544400000002,13874.21874,7579.41477,11268.046960000001,12059.272229999999,87938.66750000001,78713.0,77.0,36.0,60.0,20.0
Oklahoma,40075,Kiowa County,2569,658,3278,1911.0,0.7837095790115924,0.2007321537522879,0.5829774252593045,922.7,847.0,1619.3,1380.0,595.7,825.6,953.7,7143.5,11072.4,10163.978650000001,19430.3537,16560.61287,7145.118850000001,9905.943940000001,11443.954889999999,85722.3636,56960.0,77.0,49.0,3.0,74.0
Oklahoma,40077,Latimer County,3356,681,4079,2675.0,0.8227506741848493,0.1669526844814905,0.6557979897033587,922.7,861.6,1591.7,1380.0,600.2,877.4,969.9,7203.8,11072.4,10339.21989,19101.6241,16560.61287,7204.07991,10529.37132,11639.110149999999,86446.4181,56458.0,77.0,38.0,1.0,75.0
Oklahoma,40079,Le Flore County,15333,3184,18754,12149.0,0.8175855817425616,0.169777114215634,0.6478084675269276,984.1,839.6,1576.8,1493.2,613.5,882.4,1027.8,7417.6,11809.2,10076.35831,18923.0783,17919.993339999997,7363.539720000001,10587.48068,12333.17214,89012.822,62610.0,77.0,33.0,14.0,60.0
Oklahoma,40081,Lincoln County,12495,2712,15465,9783.0,0.8079534432589719,0.1753637245392822,0.6325897187196896,988.9,834.8,1632.6,1333.9,613.5,1074.4,1057.2,7535.9,11866.8,10017.94476,19593.6086,16006.8682,7363.2658200000005,12894.7978,12687.554970000001,90430.8404,71694.0,77.0,19.0,32.0,41.0
Oklahoma,40083,Logan County,17748,5901,24149,11847.0,0.7349372644830013,0.2443579444283407,0.4905793200546606,974.5,839.6,1688.3,1242.1,610.3,1141.6,1064.0,7560.9,11695.24625,10076.35831,20259.8834,14906.41734,7325.19922,13699.105599999999,12769.30868,90731.5202,96555.0,77.0,15.0,77.0,4.0
Oklahoma,40085,Love County,3510,689,4260,2821.0,0.823943661971831,0.1617370892018779,0.6622065727699531,963.4,893.1,1641.4,1293.7,624.9,900.0,995.6,7312.0,11560.8,10718.90879,19695.1317,15524.89453,7496.154149999999,10802.20168,11947.090760000001,87745.1808,73015.0,77.0,34.0,42.0,35.0
Oklahoma,40087,McClain County,17005,4031,21397,12974.0,0.7947375800345843,0.1883908959199887,0.6063466841145955,1049.7,844.6,1698.8,1366.3,637.3,1152.8,1152.3,7901.7,12596.89111,10134.77191,20385.201800000003,16395.26212,7648.21718,13833.62,13826.69581,94820.6612,97438.0,77.0,5.0,76.0,3.0
Oklahoma,40089,McCurtain County,9485,1696,11309,7789.0,0.8387125298434875,0.1499690511981607,0.6887434786453268,962.8,847.0,1569.0,1380.0,609.2,846.4,965.8,7180.1,11553.6,10163.978650000001,18830.312400000003,16560.61287,7307.021830000001,10156.187580000002,11590.615670000001,86162.3287,63988.0,77.0,52.0,19.0,57.0
Oklahoma,40091,McIntosh County,6387,1937,8439,4450.0,0.7568432278706008,0.22952956511435,0.5273136627562507,992.8,871.5,1518.0,1255.9,627.1,867.0,942.0,7074.2,11913.6,10456.04707,18215.3728,15071.767679999999,7526.4144400000005,10402.90552,11304.262780000001,84890.37139999999,57399.0,77.0,68.0,7.0,73.0
Oklahoma,40093,Major County,3087,327,3478,2760.0,0.8875790684301322,0.0940195514663599,0.7935595169637722,932.7,878.6,1760.4,1293.7,609.5,860.2,1003.0,7338.0,11192.4,10543.667669999999,21124.4305,15524.89453,7313.242509999999,10322.5386,12035.35357,88056.5287,79458.0,77.0,28.0,57.0,18.0
Oklahoma,40095,Marshall County,5348,1169,6589,4179.0,0.8116557899529518,0.1774169069661557,0.6342388829867961,943.5,851.9,1553.0,1380.0,604.1,890.0,967.7,7189.9,11322.0,10222.392530000001,18635.450399999998,16560.61287,7248.752280000001,10680.650140000002,11610.698079999998,86280.55679999999,59736.0,77.0,41.0,9.0,68.0
Oklahoma,40097,Mayes County,13514,3529,17374,9985.0,0.7778289397950962,0.2031196040059859,0.5747093357891102,951.9,837.2,1557.3,1255.9,602.1,901.2,929.0,7034.7,11422.8,10047.15166,18689.564300000002,15071.767679999999,7223.70589,10813.2855,11147.799210000001,84416.0741,70674.0,77.0,65.0,44.0,46.0
Oklahoma,40099,Murray County,4689,1080,5885,3609.0,0.7967714528462192,0.1835174171622769,0.6132540356839422,943.4,839.6,1624.0,1156.0,599.9,909.4,915.5,6988.0,11320.8,10076.35831,19488.741700000002,13874.21874,7199.2143,10910.443159999999,10985.66885,83855.4452,77516.0,77.0,59.0,62.0,24.0
Oklahoma,40101,Muskogee County,16550,7400,24357,9150.0,0.6794761259596831,0.3038140986164142,0.3756620273432689,959.1,861.6,1407.2,1255.9,612.4,878.2,885.1,6859.5,11509.2,10339.21989,16885.5315,15071.767679999999,7351.04409,10535.95968,10622.23496,82314.9573,66936.0,77.0,75.0,36.0,53.0
Oklahoma,40103,Noble County,3853,1009,4957,2844.0,0.777284647972564,0.2035505345975388,0.5737341133750252,1005.9,878.6,1644.8,1380.0,634.1,866.6,1034.6,7444.5,12070.8,10543.667669999999,19737.5825,16560.61287,7608.78602,10397.48332,12415.458900000001,89334.393,85197.0,77.0,30.0,69.0,11.0
Oklahoma,40105,Nowata County,3774,720,4561,3054.0,0.8274501205875905,0.1578601183950888,0.6695900021925016,956.7,895.7,1557.3,1255.9,623.3,871.6,947.5,7108.0,11480.4,10748.11575,18685.3617,15071.767679999999,7478.929910000001,10460.55184,11370.35044,85295.476,64107.0,77.0,57.0,21.0,56.0
Oklahoma,40107,Okfuskee County,3080,854,3988,2226.0,0.7723169508525577,0.2141424272818455,0.5581745235707122,948.3,820.4,1576.1,1293.7,595.1,849.0,918.5,7000.5,11379.6,9842.70386,18911.7565,15524.89453,7140.383379999999,10188.14,11019.316,84006.7932,60381.0,77.0,69.0,17.0,67.0
Oklahoma,40109,Oklahoma County,143618,138769,288923,4849.0,0.497080537028897,0.4802975187160593,0.0167830183128376,1168.3,912.7,1397.0,1242.1,700.2,1144.4,1089.4,7654.4,14021.22802,10952.563259999999,16764.4894,14906.41734,8402.59617,13732.0734,13072.54356,91851.9112,82710.0,77.0,12.0,59.0,12.0
Oklahoma,40111,Okmulgee County,10100,3979,14349,6121.0,0.7038818036100076,0.2773015541152693,0.4265802494947383,960.9,817.8,1479.7,1279.9,598.4,1079.2,968.6,7184.7,11530.8,9813.49677,17757.274599999997,15359.54369,7181.42863,12950.4856,11623.36341,86216.3935,68559.0,77.0,42.0,33.0,50.0
Oklahoma,40113,Osage County,14404,5867,20628,8537.0,0.6982741904207873,0.2844192359899166,0.4138549544308706,921.8,844.6,1607.7,1242.1,594.5,1099.4,1002.2,7311.9,11059.6181,10134.77191,19291.3206,14906.41734,7130.9913799999995,13193.2242,12027.14181,87743.4853,76931.0,77.0,31.0,51.0,26.0
Oklahoma,40115,Ottawa County,8490,2511,11178,5979.0,0.7595276435856146,0.2246376811594203,0.5348899624261944,928.7,805.6,1504.0,1255.9,583.6,870.2,875.3,6823.2,11144.4,9667.46257,18047.8959,15071.767679999999,7002.287679999999,10440.56446,10503.86572,81878.243,59215.0,77.0,77.0,16.0,69.0
Oklahoma,40117,Pawnee County,5405,1355,6880,4050.0,0.7856104651162791,0.1969476744186046,0.5886627906976745,957.8,851.9,1551.2,1279.9,609.0,1120.4,1023.8,7393.7,11493.6,10222.392530000001,18613.5126,15359.54369,7306.488090000001,13445.2836,12285.33033,88726.1515,72250.0,77.0,27.0,38.0,37.0
Oklahoma,40119,Payne County,17962,10560,29279,7402.0,0.6134772362444073,0.3606680556029919,0.2528091806414154,1095.1,873.7,1404.6,1255.9,662.4,872.4,951.9,7116.6,13141.2,10485.25404,16857.9764,15071.767679999999,7949.27549,10469.32124,11423.64538,85398.4421,73635.0,77.0,62.0,50.0,31.0
Oklahoma,40121,Pittsburg County,13841,3473,17572,10368.0,0.7876735715911678,0.1976439790575916,0.5900295925335761,943.1,861.6,1486.3,1255.9,607.3,894.6,908.8,6957.6,11317.2,10339.21989,17838.375099999997,15071.767679999999,7286.444440000001,10733.42662,10905.47739,83491.9109,69897.0,77.0,70.0,43.0,47.0
Oklahoma,40123,Pontotoc County,10967,3895,15174,7072.0,0.7227494398312904,0.256689073415052,0.4660603664162383,1011.5,825.1,1519.9,1156.0,618.0,902.6,903.8,6936.8,12138.0,9901.11721,18238.624900000003,13874.21874,7415.20567,10829.23964,10845.04946,83241.4531,77825.0,77.0,71.0,65.0,23.0
Oklahoma,40125,Pottawatomie County,20915,7266,28774,13649.0,0.726871481198304,0.2525196357823034,0.4743518454160005,980.4,881.1,1475.8,1255.9,626.3,916.2,941.0,7076.4,11764.8,10572.87434,17708.8043,15071.767679999999,7515.6570600000005,10990.76536,11292.18793,84916.8561,74978.0,77.0,61.0,55.0,29.0
Oklahoma,40127,Pushmataha County,4025,616,4702,3409.0,0.8560187154402382,0.1310080816673756,0.7250106337728626,995.4,847.0,1600.2,1293.7,620.0,844.4,963.1,7163.6,11944.8,10163.978650000001,19202.5029,15524.89453,7438.643709999999,10131.793679999999,11557.95901,85964.5739,57788.0,77.0,60.0,6.0,70.0
Oklahoma,40129,Roger Mills County,1548,160,1733,1388.0,0.8932487016733988,0.0923254472013848,0.8009232544720138,924.6,876.1,1768.8,1380.0,605.8,887.2,1040.7,7483.6,11095.2,10514.46091,21225.9162,16560.61287,7270.71207,10645.590119999999,12489.670240000001,89802.1623,71571.0,77.0,18.0,30.0,43.0
Oklahoma,40131,Rogers County,35942,10146,46902,25796.0,0.7663212656176709,0.2163233977229116,0.5499978678947592,1193.6,893.1,1629.8,1242.1,702.4,1163.0,1180.2,8004.5,14324.033740000003,10718.90879,19558.3186,14906.41734,8425.862579999999,13957.8422,14161.95275,96053.3352,93613.0,77.0,3.0,71.0,5.0
Oklahoma,40133,Seminole County,5951,1951,8044,4000.0,0.7398060666335157,0.242541024365987,0.4972650422675286,934.1,813.0,1520.1,1293.7,587.8,866.6,897.9,6913.1,11209.2,9755.0828,18240.8591,15524.89453,7053.57058,10398.87228,10774.88191,82957.3624,56047.0,77.0,72.0,5.0,77.0
Oklahoma,40135,Sequoyah County,12491,2907,15583,9584.0,0.8015786433934415,0.1865494449079124,0.6150291984855291,929.8,822.7,1507.0,1517.3,589.6,1078.4,1048.8,7493.5,11158.40382,9871.91054,18083.316899999998,18207.76942,7075.78711,12940.238200000002,12584.4368,89921.862,63665.0,77.0,21.0,12.0,58.0
Oklahoma,40137,Stephens County,15092,3236,18620,11856.0,0.8105263157894737,0.1737916219119226,0.636734693877551,1006.1,859.2,1526.4,1380.0,627.6,902.6,999.5,7301.6,12073.2,10310.01301,18317.522,16560.61287,7530.978840000001,10832.80996,11993.63371,87618.7702,75591.0,77.0,35.0,49.0,27.0
Oklahoma,40139,Texas County,4319,793,5206,3526.0,0.8296196696119862,0.1523242412600845,0.6772954283519017,1035.3,791.0,1688.5,1380.0,614.3,910.0,1030.2,7449.5,12423.6,9492.221679999999,20260.6238,16560.61287,7373.72191,10919.3019,12364.03959,89394.12019999999,73258.0,77.0,24.0,39.0,32.0
Oklahoma,40141,Tillman County,2006,500,2533,1506.0,0.7919463087248322,0.1973943939992104,0.5945519147256217,965.5,859.2,1619.6,1380.0,613.9,864.2,993.3,7295.7,11586.0,10310.01301,19434.449,16560.61287,7367.05723,10369.60826,11919.54756,87547.28770000002,61329.0,77.0,37.0,11.0,64.0
Oklahoma,40143,Tulsa County,145241,106105,256939,39136.0,0.5652742479732543,0.412957939433095,0.1523163085401593,1243.1,927.4,1377.8,1242.1,730.2,1148.8,1124.9,7793.9,14915.0059,11127.8045,16534.562100000003,14906.41734,8762.2745,13784.146600000002,13497.93749,93528.1469,87130.0,77.0,8.0,66.0,9.0
Oklahoma,40145,Wagoner County,28487,9330,38501,19157.0,0.7399028596659827,0.2423313680164151,0.4975714916495675,1231.0,849.4,1621.0,1242.1,700.0,1167.2,1175.3,7986.4,14774.299000000003,10193.185529999999,19452.502,14906.41734,8400.47374,14005.9716,14103.31979,95836.1691,93010.0,77.0,4.0,70.0,6.0
Oklahoma,40147,Washington County,16836,5793,23174,11043.0,0.7265038405109174,0.2499784240959696,0.4765254164149478,1004.6,888.5,1486.7,1255.9,636.9,898.6,953.6,7125.0,12055.2,10660.49495,17840.4416,15071.767679999999,7642.8447,10786.1581,11443.155340000001,85500.0644,81519.0,77.0,58.0,68.0,16.0
Oklahoma,40149,Washita County,4030,551,4652,3479.0,0.8662940670679278,0.1184436801375752,0.7478503869303526,949.1,888.5,1685.8,1380.0,618.2,878.2,1026.7,7426.2,11389.2,10660.49495,20229.2573,16560.61287,7418.76447,10535.95968,12320.662209999999,89114.952,72064.0,77.0,26.0,35.0,39.0
Oklahoma,40151,Woods County,2955,614,3638,2341.0,0.8122594832325454,0.1687740516767454,0.6434854315557998,973.5,861.6,1696.1,1380.0,617.4,886.4,1028.2,7443.5,11682.0,10339.21989,20352.789,16560.61287,7409.18368,10637.10546,12340.2905,89321.2016,82610.0,77.0,25.0,64.0,13.0
Oklahoma,40153,Woodward County,6231,967,7312,5264.0,0.8521608315098468,0.1322483588621444,0.7199124726477024,1061.9,866.6,1644.7,1380.0,648.5,906.8,1064.5,7573.4,12742.8,10397.6336,19736.7149,16560.61287,7785.750620000001,10881.13492,12775.42886,90880.07639999999,82379.0,77.0,17.0,61.0,15.0
Oregon,41001,Baker County,6984,2301,9523,4683.0,0.7333823374986874,0.2416255381707445,0.4917567993279429,1022.9,893.1,1526.6,1283.1,644.5,1061.6,1274.4,7706.7,12274.8,10718.90879,18321.2104,15396.8744,7736.384049999999,12737.96412,15293.16692,92479.3091,79569.0,36.0,33.0,22.0,19.0
Oregon,41003,Benton County,14041,33579,49336,-19538.0,0.2845994811091292,0.6806186152099887,-0.3960191341008594,1755.6,1012.5,1463.9,1202.5,931.4,1244.6,1725.2,9335.6,21067.2,12150.04392,17566.0612,14429.72633,11176.15956,14937.145999999999,20701.091099999998,112027.4288,113224.0,36.0,8.0,36.0,4.0
Oregon,41005,Clackamas County,103832,126979,237953,-23147.0,0.4363550785239102,0.5336305909150126,-0.0972755123911024,2339.0,1000.1,1486.5,1085.5,1123.7,1333.0,2016.7,10384.7,28071.3376,12004.00926,17837.2412,13023.257090000001,13483.61279,15996.6206,24200.5386,124616.6158,119052.0,36.0,2.0,33.0,2.0
Oregon,41007,Clatsop County,9829,12442,22989,-2613.0,0.427552307625386,0.5412153638696768,-0.1136630562442908,1390.3,944.4,1488.1,1253.2,785.5,1216.0,1518.6,8596.2,16683.6,11332.25229,17857.293400000002,15037.77582,9426.11722,14590.8312,18225.339010000003,103153.2104,89210.0,36.0,12.0,23.0,11.0
Oregon,41009,Columbia County,17184,12865,31094,4319.0,0.5526468128899467,0.4137454171222744,0.1389013957676722,1686.8,944.4,1665.6,1127.8,885.4,1040.8,1616.6,8967.1,20245.1872,11332.25229,19985.5842,13531.979819999999,10624.43671,12487.2222,19398.89,107605.5543,97279.0,36.0,11.0,30.0,8.0
Oregon,41011,Coos County,20587,13596,35166,6991.0,0.5854234203492009,0.3866234430984474,0.1987999772507535,1194.5,910.3,1437.1,1253.2,708.3,1110.8,1343.8,7957.5,14334.0,10923.35663,17244.360200000003,15037.77582,8498.00329,13326.7316,16125.07494,95489.3,76897.0,36.0,30.0,17.0,26.0
Oregon,41013,Crook County,11804,3731,15892,8073.0,0.7427636546690158,0.234772212433929,0.5079914422350869,1273.9,1504.2,1537.5,1283.1,934.6,1061.6,1718.0,9312.7,15286.8,18049.82421,18451.5165,15396.8744,11216.32587,12737.96412,20613.98918,111753.2947,90819.0,36.0,5.0,18.0,10.0
Oregon,41015,Curry County,7943,5685,14018,2258.0,0.5666286203452704,0.4055500071336853,0.1610786132115851,1287.1,951.6,1467.0,1253.2,753.3,1116.0,1422.9,8251.1,15445.2,11419.87276,17603.823800000002,15037.77582,9038.92996,13393.717499999999,17074.042110000002,99013.363,72161.0,36.0,20.0,6.0,30.0
Oregon,41017,Deschutes County,53318,65677,122417,-12359.0,0.4355440829296584,0.5365022831796238,-0.1009582002499653,1804.0,1019.8,1522.8,1180.1,950.0,1222.0,1756.2,9454.7,21648.0,12237.66443,18272.347,14160.40222,11401.05393,14664.0584,21073.60737,113457.1327,106366.0,36.0,6.0,31.0,5.0
Oregon,41019,Douglas County,41059,18181,60756,22878.0,0.6758015669234314,0.2992461649878201,0.3765554019356112,1240.0,910.3,1484.8,1283.1,723.4,1102.0,1391.8,8135.2,14880.0,10923.35663,17817.6293,15396.8744,8681.70865,13221.84676,16700.9975,97622.4136,72748.0,36.0,24.0,7.0,29.0
Oregon,41021,Gilliam County,805,291,1130,514.0,0.7123893805309734,0.2575221238938053,0.4548672566371681,1206.5,939.7,1693.4,1283.1,722.1,1061.6,1448.1,8354.1,14478.0,11273.838440000001,20320.3792,15396.8744,8664.375080000002,12737.96412,17376.15551,100247.5871,77734.0,36.0,18.0,11.0,23.0
Oregon,41023,Grant County,3483,813,4421,2670.0,0.7878308075096132,0.1838950463695996,0.6039357611400136,1065.6,893.1,1646.1,1283.1,659.2,1061.6,1339.0,7947.4,12787.2,10718.90879,19750.7366,15396.8744,7908.784389999999,12737.96412,16069.13516,95369.6037,69852.0,36.0,31.0,5.0,33.0
Oregon,41025,Harney County,3305,795,4227,2510.0,0.7818784007570381,0.1880766501064585,0.5938017506505796,1002.2,1260.8,1581.1,1283.1,761.3,1061.6,1471.0,8421.1,12026.4,15129.1408,18973.0793,15396.8744,9136.65986,12737.96412,17652.04203,101052.16140000001,64253.0,36.0,14.0,2.0,35.0
Oregon,41027,Hood River County,3854,8364,12620,-4510.0,0.3053882725832013,0.662757527733756,-0.3573692551505547,2020.0,983.2,1542.7,1116.0,1010.7,1146.2,1808.4,9626.9,24240.0,11799.56172,18509.5606,13391.907060000001,12125.74698,13755.087239999999,21701.8491,115523.71329999999,104946.0,36.0,4.0,29.0,6.0
Oregon,41029,Jackson County,61535,53907,118577,7628.0,0.5189454953321471,0.454615987923459,0.064329507408688,1546.0,961.3,1373.6,1264.8,843.7,1039.6,1497.0,8526.1,18552.0,11536.700200000001,16483.4703,15177.84858,10123.54063,12474.4818,17964.25529,102312.29569999999,87129.0,36.0,15.0,24.0,15.0
Oregon,41031,Jefferson County,7438,3921,11653,3517.0,0.6382905689522012,0.3364798764266712,0.3018106925255299,1211.6,954.2,1566.0,1283.1,728.7,1061.6,1411.7,8216.7,14539.2,11449.07962,18791.0124,15396.8744,8743.92701,12737.96412,16941.75419,98599.8109,78483.0,36.0,23.0,15.0,21.0
Oregon,41033,Josephine County,30696,16592,48521,14104.0,0.6326332928010552,0.3419550297809196,0.2906782630201355,1490.8,951.6,1392.3,1264.8,822.0,1037.2,1469.8,8428.3,17889.6,11419.87276,16707.6745,15177.84858,9861.36419,12447.221399999999,17636.715650000002,101140.2972,71624.0,36.0,19.0,3.0,32.0
Oregon,41035,Klamath County,24613,9829,35281,14784.0,0.6976276182647884,0.2785918766474873,0.419035741617301,1144.2,907.8,1405.3,1168.4,690.4,1061.6,1255.8,7633.4,13730.4,10894.14988,16861.052000000003,14020.32955,8285.09116,12737.96412,15071.975949999998,91600.9638,71653.0,36.0,35.0,12.0,31.0
Oregon,41037,Lake County,3367,670,4130,2697.0,0.8152542372881356,0.162227602905569,0.6530266343825666,1052.0,907.8,1577.7,1168.4,659.3,1061.6,1273.2,7699.7,12624.0,10894.14988,18933.9748,14020.32955,7912.83579,12737.96412,15275.620560000001,92398.8738,82414.0,36.0,34.0,26.0,16.0
Oregon,41039,Lane County,76149,123957,206547,-47808.0,0.3686763787418844,0.6001394355764064,-0.2314630568345219,1548.0,975.9,1325.8,1202.5,849.2,1212.4,1532.2,8646.1,18576.0,11711.9409,15910.119400000001,14429.72633,10190.57639,14550.6168,18386.15985,103755.1415,87993.0,36.0,13.0,21.0,13.0
Oregon,41041,Lincoln County,11645,17112,29671,-5467.0,0.3924707626975835,0.5767247480705066,-0.184253985372923,1412.4,971.1,1445.4,1303.0,801.8,1076.2,1491.6,8501.7,16948.8,11653.527030000001,17344.8089,15636.273420000001,9623.4405,12913.360560000001,17900.90065,102021.1128,76426.0,36.0,16.0,9.0,28.0
Oregon,41043,Linn County,43078,25749,71052,17329.0,0.6062883521927602,0.3623965546360412,0.243891797556719,1507.1,910.3,1481.3,1202.5,813.4,940.6,1423.4,8278.5,18085.2,10923.35663,17776.0232,14429.72633,9760.11918,11287.4462,17078.89952,99340.772,87508.0,36.0,21.0,25.0,14.0
Oregon,41045,Malheur County,7593,2830,10738,4763.0,0.7071149189793258,0.2635500093127211,0.4435649096666046,1040.7,834.8,1458.0,1283.1,631.1,1061.6,1228.2,7537.1,12488.4,10017.94476,17494.6277,15396.8744,7572.407300000001,12737.96412,14739.119620000001,90447.3394,65918.0,36.0,36.0,4.0,34.0
Oregon,41047,Marion County,77083,73967,155732,3116.0,0.4949721316107158,0.4749633986592351,0.0200087329514807,1509.7,917.5,1363.2,1157.6,816.9,1027.4,1402.5,8195.0,18119.4845,11010.97696,16359.190599999998,13891.0785,9801.13494,12331.127199999999,16829.49844,98342.4897,88229.0,36.0,26.0,27.0,12.0
Oregon,41049,Morrow County,3402,1132,4693,2270.0,0.7249094395908801,0.2412103132324739,0.4836991263584062,1014.4,861.6,1662.6,1283.1,631.1,1061.6,1303.0,7817.4,12172.8,10339.21989,19949.897100000002,15396.8744,7574.316710000001,12737.96412,15637.68402,93808.7536,79496.0,36.0,32.0,20.0,20.0
Oregon,41051,Multnomah County,70231,323969,408474,-253738.0,0.1719350558419874,0.793120247555536,-0.6211851917135485,2185.9,1044.1,1260.3,1085.5,1086.9,1533.8,1951.8,10147.9,26230.8652,12529.732520000001,15124.0848,13023.257090000001,13041.2572,18407.095999999998,23418.340000000004,121774.6343,113868.0,36.0,3.0,32.0,3.0
Oregon,41053,Polk County,23695,21908,47025,1787.0,0.5038809144072302,0.465879851143009,0.038001063264221,1438.3,951.6,1438.2,1157.6,804.1,946.8,1380.0,8116.9,17263.124900000003,11419.87276,17257.9677,13891.0785,9650.582769999999,11358.8924,16560.349540000003,97401.8669,95837.0,36.0,27.0,35.0,9.0
Oregon,41055,Sherman County,877,229,1138,648.0,0.7706502636203867,0.2012302284710017,0.569420035149385,1173.8,939.7,1697.4,1283.1,711.0,1061.6,1433.8,8300.4,14085.6,11273.838440000001,20369.7821,15396.8744,8532.349409999999,12737.96412,17205.04245,99601.4505,77500.0,36.0,17.0,10.0,24.0
Oregon,41057,Tillamook County,7944,7726,16130,218.0,0.4924984500929944,0.4789832610043397,0.0135151890886546,1305.5,942.1,1506.1,1253.2,756.2,1061.6,1419.5,8243.7,15666.0,11303.045329999999,18073.682099999998,15037.77582,9073.91216,12737.96412,17032.56482,98924.9455,77246.0,36.0,25.0,13.0,25.0
Oregon,41059,Umatilla County,20809,9170,30832,11639.0,0.6749156720290607,0.2974182667358588,0.3774974052932018,1171.6,861.6,1518.6,1283.1,683.9,1073.6,1333.1,7925.7,14059.2,10339.21989,18223.9364,15396.8744,8209.0084,12884.275220000001,15996.4961,95109.0101,79738.0,36.0,29.0,19.0,18.0
Oregon,41061,Union County,9872,4043,14364,5829.0,0.6872737399053188,0.2814675577833472,0.4058061821219715,1174.1,893.1,1481.9,1283.1,695.4,1061.6,1332.9,7922.3,14089.2,10718.90879,17782.1117,15396.8744,8346.85092,12737.96412,15995.19974,95067.1098,76661.0,36.0,28.0,16.0,27.0
Oregon,41063,Wallowa County,3366,1573,5082,1793.0,0.6623376623376623,0.3095238095238095,0.3528138528138528,1089.3,893.1,1696.5,1283.1,667.1,1104.6,1385.2,8118.8,13071.6,10718.90879,20357.534,15396.8744,8004.472599999999,13252.69554,16624.496659999997,97426.58200000001,78170.0,36.0,22.0,14.0,22.0
Oregon,41065,Wasco County,6754,6005,13185,749.0,0.5122487675388699,0.4554417899127796,0.0568069776260902,1742.4,939.7,1439.6,1235.7,902.3,1135.2,1645.4,9039.9,20908.8,11273.838440000001,17275.3954,14828.30159,10828.05977,13619.3538,19745.7863,108479.5349,80076.0,36.0,9.0,8.0,17.0
Oregon,41067,Washington County,92427,192641,295038,-100214.0,0.3132715107884408,0.652936231943004,-0.3396647211545632,2450.0,1017.4,1428.0,1085.5,1166.6,1450.2,2109.6,10706.5,29397.801799999997,12208.457250000001,17136.6669,13023.257090000001,13998.699340000001,17399.0454,25315.043299999998,128478.9706,123005.0,36.0,1.0,34.0,1.0
Oregon,41069,Wheeler County,616,210,863,406.0,0.7137891077636153,0.2433371958285052,0.47045191193511,1002.2,1324.0,1767.6,1283.1,782.6,1061.6,1577.6,8798.6,12026.4,15888.51875,21211.9399,15396.8744,9392.15753,12737.96412,18931.11407,105584.96809999998,60139.0,36.0,10.0,1.0,36.0
Oregon,41071,Yamhill County,29484,25971,57324,3513.0,0.5143395436466401,0.4530563114925685,0.0612832321540716,1902.4,1000.1,1600.2,1105.5,976.8,1129.0,1758.3,9472.5,22831.7962,12004.00926,19203.4459,13262.65606,11720.73533,13544.8804,21100.5778,113668.10049999999,101737.0,36.0,7.0,28.0,7.0
Pennsylvania,42001,Adams County,40248,19842,60650,20406.0,0.6636108821104699,0.3271558120362737,0.3364550700741962,1321.2,910.3,1600.6,1256.0,750.7,1338.4,1247.0,8424.0,15854.4,10923.35663,19207.3674,15068.10484,9009.55186,16060.3698,14964.13625,101087.28629999999,98269.0,67.0,10.0,38.0,13.0
Pennsylvania,42003,Allegheny County,283595,429916,720504,-146321.0,0.3936064199504791,0.5966878740437249,-0.2030814540932458,1342.6,1032.0,1278.9,848.4,798.9,1478.8,1117.8,7897.7,16111.65,12383.698540000001,15346.598600000001,10180.80916,9587.44679,17747.0598,13413.08111,94770.3419,106527.0,67.0,19.0,62.0,8.0
Pennsylvania,42005,Armstrong County,28296,8553,37119,19743.0,0.7623050189929685,0.2304210781540451,0.5318839408389234,973.2,832.3,1488.5,999.5,607.6,1302.0,935.6,7138.6,11678.4,9988.73777,17863.1862,11993.31612,7290.05052,15623.2582,11226.40881,85663.3541,82849.0,67.0,34.0,26.0,31.0
Pennsylvania,42007,Beaver County,56837,37196,94843,19641.0,0.599274590639267,0.3921849793869869,0.2070896112522801,1047.5,915.0,1480.5,905.0,660.3,1301.4,965.5,7276.0,12573.1783,10981.77023,17765.0566,10860.49921,7925.21658,15617.223800000002,11588.32787,87311.2713,90917.0,67.0,31.0,56.0,24.0
Pennsylvania,42009,Bedford County,23658,4336,28160,19322.0,0.8401278409090909,0.1539772727272727,0.6861505681818181,891.5,893.1,1561.3,893.9,600.6,855.6,774.5,6470.9,10698.0,10718.90879,18737.219399999998,10726.90562,7205.85946,10267.7903,9295.742269999999,77650.4259,78362.0,67.0,65.0,48.0,50.0
Pennsylvania,42011,Berks County,116677,91125,209838,25552.0,0.5560337021893079,0.4342635747576702,0.1217701274316377,1381.2,910.3,1419.7,1121.0,771.0,1338.0,1168.2,8109.5,16574.4,10923.35663,17037.8771,13449.795010000002,9251.80052,16057.3524,14019.100520000002,97313.68340000001,95578.0,67.0,16.0,40.0,16.0
Pennsylvania,42013,Blair County,46352,18127,64949,28225.0,0.7136676469229704,0.2790959060185684,0.4345717409044019,1040.4,876.1,1340.3,883.5,644.8,1119.4,838.9,6743.7,12484.8,10514.46091,16084.098399999999,10601.569529999999,7738.25222,13432.98504,10068.843640000001,80925.0096,83069.0,67.0,55.0,52.0,30.0
Pennsylvania,42015,Bradford County,22937,7990,31192,14947.0,0.7353488073865093,0.2561554244678122,0.479193382918697,956.9,847.0,1530.3,1018.0,607.0,993.8,851.7,6804.5,11482.8,10163.978650000001,18364.1956,12215.750839999999,7283.200750000001,11924.874,10218.974590000002,81653.7748,80450.0,67.0,54.0,42.0,40.0
Pennsylvania,42017,Bucks County,198722,198431,401028,291.0,0.4955314840858992,0.4948058489681518,0.0007256351177474,1957.8,993.1,1499.9,918.5,992.9,1736.0,1554.1,9651.9,23491.9704,11916.38911,17998.246600000002,11022.33027,11913.37473,20829.7538,18649.95251,115822.01740000001,135125.0,67.0,3.0,65.0,3.0
Pennsylvania,42019,Butler County,79773,40661,121440,39112.0,0.6568922924901186,0.3348237812911726,0.322068511198946,1230.4,946.8,1543.5,848.4,732.5,1499.6,1124.6,7925.5,14762.9696,11361.45907,18522.4048,10180.80916,8789.735550000001,17994.089799999998,13493.88774,95105.35750000001,113174.0,67.0,18.0,66.0,5.0
Pennsylvania,42021,Cambria County,49408,21177,71136,28231.0,0.6945569050832209,0.2976973684210526,0.3968595366621682,935.2,878.6,1380.7,999.5,610.3,1035.2,822.7,6662.1,11222.4,10543.667669999999,16569.2249,11993.31612,7323.336319999999,12421.2918,9872.84646,79946.084,79651.0,67.0,60.0,45.0,45.0
Pennsylvania,42023,Cameron County,1654,538,2219,1116.0,0.7453808021631365,0.2424515547543938,0.5029292474087427,872.7,832.3,1504.4,1285.0,573.8,972.6,880.0,6920.6,10472.4,9988.73777,18053.5777,15420.00437,6884.28407,11669.630959999999,10558.13297,83046.7674,61830.0,67.0,43.0,3.0,66.0
Pennsylvania,42025,Carbon County,23708,11394,35395,12314.0,0.6698121203559825,0.3219098742760277,0.3479022460799548,1128.0,864.2,1532.6,1007.5,670.3,1039.8,942.1,7184.2,13536.01055,10368.42663,18391.2897,12090.41501,8042.804730000001,12478.8064,11304.7199,86212.4735,80645.0,67.0,36.0,20.0,38.0
Pennsylvania,42027,Centre County,38829,41119,80792,-2290.0,0.4806045152985444,0.5089489058322606,-0.0283443905337161,1389.5,959.0,1511.4,1271.8,790.1,1484.4,1317.7,8724.1,16674.0,11507.49323,18136.176199999998,15262.302000000001,9481.84834,17811.646399999998,15813.949359999999,104687.4144,108006.0,67.0,6.0,53.0,6.0
Pennsylvania,42029,Chester County,137299,184281,324964,-46982.0,0.4225052621213426,0.5670812766952648,-0.1445760145739221,2154.0,1068.5,1534.1,918.5,1084.3,2002.0,1775.1,10536.5,25845.7535,12821.800959999999,18410.4052,11022.33027,13009.95208,24027.9492,21301.711499999998,126439.9013,151769.0,67.0,1.0,67.0,1.0
Pennsylvania,42031,Clarion County,15036,4562,19733,10474.0,0.7619723306136928,0.2311863376070541,0.5307859930066386,897.8,832.3,1499.1,1010.0,582.1,953.0,797.3,6571.3,10773.6,9988.73777,17988.2595,12118.65208,6985.62477,11434.58494,9565.31461,78854.7741,79395.0,67.0,63.0,46.0,46.0
Pennsylvania,42033,Clearfield County,30481,9647,40430,20834.0,0.75392035617116,0.2386099431115508,0.5153104130596092,927.5,851.9,1483.2,1206.8,598.7,836.2,838.4,6742.8,11130.0,10222.392530000001,17799.7376,14481.38451,7184.152619999999,10034.431139999999,10060.45753,80912.55649999999,75314.0,67.0,59.0,18.0,58.0
Pennsylvania,42035,Clinton County,12965,5395,18522,7570.0,0.6999784040600368,0.2912752402548321,0.4087031638052046,960.1,832.3,1485.9,1096.3,603.2,923.2,835.4,6736.5,11521.2,9988.73777,17830.4509,13154.370579999999,7237.15964,11080.06734,10025.18548,80837.17240000001,74200.0,67.0,57.0,13.0,61.0
Pennsylvania,42037,Columbia County,21190,11083,32576,10107.0,0.6504788801571709,0.3402197937131631,0.3102590864440078,1100.3,883.5,1444.3,1271.8,667.5,1126.0,1020.6,7514.2,13203.6,10602.08128,17334.052499999998,15262.302000000001,8009.5777499999995,13511.242300000002,12247.56262,90170.4182,77998.0,67.0,25.0,7.0,51.0
Pennsylvania,42039,Crawford County,29685,12858,42872,16827.0,0.6924099645456242,0.2999160291099085,0.3924939354357156,899.4,864.2,1502.5,1010.0,593.4,953.0,813.5,6635.5,10792.8,10368.42663,18029.942199999998,12118.65208,7119.8334,11434.58494,9761.651119999999,79625.8902,74138.0,67.0,61.0,16.0,62.0
Pennsylvania,42041,Cumberland County,80267,66255,148396,14012.0,0.5408973287689696,0.4464742984986118,0.0944230302703577,1393.0,946.8,1437.3,1256.0,787.5,1486.2,1292.8,8599.4,16720.5619,11361.45907,17249.1417,15068.10484,9448.37986,17831.445799999998,15512.82015,103191.9128,107950.0,67.0,7.0,57.0,7.0
Pennsylvania,42043,Dauphin County,69474,78327,149526,-8853.0,0.4646282251916054,0.5238353196099675,-0.059207094418362,1356.7,915.0,1361.0,1256.0,764.5,1401.6,1209.3,8264.3,16282.7772,10981.77023,16332.713200000002,15068.10484,9173.335640000001,16819.7528,14514.668609999999,99173.12289999999,94657.0,67.0,12.0,30.0,18.0
Pennsylvania,42045,Delaware County,123421,201324,328172,-77903.0,0.3760863205879843,0.6134709847275209,-0.2373846641395365,1674.9,1036.7,1405.3,918.5,912.4,1521.0,1342.3,8811.1,20098.8549,12442.11201,16863.880100000002,11022.33027,10948.62215,18249.135000000002,16107.87159,105732.80730000001,115573.0,67.0,4.0,60.0,4.0
Pennsylvania,42047,Elk County,12543,4483,17153,8060.0,0.7312423482772693,0.2613536990613886,0.4698886492158806,925.0,832.3,1572.4,1285.0,591.3,932.4,910.0,7048.6,11100.0,9988.73777,18869.341699999997,15420.00437,7095.4442,11189.439699999999,10919.93165,84582.8992,83190.0,67.0,42.0,39.0,29.0
Pennsylvania,42049,Erie County,68866,67456,137595,1410.0,0.5004978378574803,0.4902503724699298,0.0102474653875503,1032.3,912.7,1348.2,848.4,654.4,1246.6,884.6,6927.3,12387.6,10952.563259999999,16177.7074,10180.80916,7852.95117,14961.4996,10615.80564,83128.93659999999,81261.0,67.0,46.0,36.0,37.0
Pennsylvania,42051,Fayette County,43633,19548,63472,24085.0,0.6874369800857071,0.3079783211494832,0.3794586589362238,932.0,851.9,1502.0,905.0,600.1,1237.4,878.9,6907.1,11180.99177,10222.392530000001,18025.2776,10860.49921,7201.30894,14847.752600000002,10546.359339999999,82884.5835,75111.0,67.0,51.0,10.0,59.0
Pennsylvania,42053,Forest County,1902,724,2650,1178.0,0.7177358490566038,0.2732075471698113,0.4445283018867925,1012.1,832.3,1620.9,1010.0,620.4,1012.2,900.8,7009.1,12145.2,9988.73777,19449.6035,12118.65208,7447.1086,12148.39874,10809.25396,84106.95479999999,61276.0,67.0,40.0,1.0,67.0
Pennsylvania,42055,Franklin County,59604,23543,83884,36061.0,0.7105526679700539,0.2806613895379333,0.4298912784321205,1255.0,883.5,1544.8,1256.0,719.6,1129.8,1114.0,7902.3,15060.0,10602.08128,18536.1096,15068.10484,8634.17554,13558.385760000001,13366.9459,94825.8048,88785.0,67.0,21.0,23.0,25.0
Pennsylvania,42057,Fulton County,7039,1102,8177,5937.0,0.860829154946802,0.1347682524153112,0.7260609025314908,893.9,883.5,1595.1,1363.2,598.0,855.6,922.4,7111.8,10726.8,10602.08128,19139.6176,16358.62403,7176.24189,10267.7903,11069.602869999999,85340.7584,81904.0,67.0,35.0,29.0,32.0
Pennsylvania,42059,Greene County,12319,4592,17236,7727.0,0.7147249941981898,0.2664191227663031,0.4483058714318867,917.4,868.9,1471.9,1120.5,601.1,1497.4,1021.8,7498.9,11008.8,10426.840419999999,17661.398699999998,13445.666379999999,7212.161750000001,17968.6326,12261.501180000001,89985.0021,86188.0,67.0,22.0,19.0,26.0
Pennsylvania,42061,Huntingdon County,17627,5368,23156,12259.0,0.761228191397478,0.2318189670063914,0.5294092243910866,904.4,830.0,1528.1,1144.7,583.6,683.4,764.4,6439.1,10852.8,9959.53083,18337.9962,13736.96187,7002.44519,8202.9178,9174.63376,77267.2866,81780.0,67.0,66.0,58.0,34.0
Pennsylvania,42063,Indiana County,29215,12697,42229,16518.0,0.6918231547041133,0.3006701555802884,0.3911529991238248,934.8,876.1,1479.3,1120.5,609.2,1070.4,897.7,6988.5,11217.6,10514.46091,17752.6362,13445.666379999999,7311.89443,12848.21076,10771.86531,83862.3333,79656.0,67.0,44.0,21.0,44.0
Pennsylvania,42065,Jefferson County,18235,4707,23129,13528.0,0.7884041679277098,0.2035107440875092,0.5848934238402006,877.8,851.9,1515.3,1144.7,581.9,1099.8,891.2,6962.6,10533.6,10222.392530000001,18182.7543,13736.96187,6983.489809999999,13198.513379999999,10692.27935,83549.9899,70758.0,67.0,41.0,4.0,65.0
Pennsylvania,42067,Juniata County,9721,2290,12104,7431.0,0.8031229345670853,0.1891936549900859,0.6139292795769994,894.4,861.6,1575.8,1363.2,590.7,972.2,946.4,7204.7,10732.8,10339.21989,18910.6074,16358.62403,7089.8193,11667.943,11357.91449,86456.9288,78750.0,67.0,33.0,11.0,47.0
Pennsylvania,42069,Lackawanna County,56261,59510,116590,-3249.0,0.482554249935672,0.5104211338879835,-0.0278668839523114,1124.2,924.8,1327.0,1007.5,689.2,1299.0,988.1,7359.6,13488.956119999999,11098.59742,15923.544699999999,12090.41501,8272.64363,15585.638,11856.7016,88316.4964,84837.0,67.0,27.0,33.0,27.0
Pennsylvania,42071,Lancaster County,166261,120119,289257,46142.0,0.5747864355918785,0.415267391973228,0.1595190436186505,1423.1,954.2,1438.1,1121.0,799.9,1422.8,1241.1,8399.8,17077.2,11449.07962,17255.3155,13449.795010000002,9597.85382,17074.326399999998,14893.9189,100797.4891,100685.0,67.0,11.0,50.0,11.0
Pennsylvania,42073,Lawrence County,31347,15440,47110,15907.0,0.6654001273614943,0.3277435788579919,0.3376565485035024,956.9,917.5,1427.8,877.8,630.8,1342.8,924.2,7077.7,11482.8,11010.97696,17133.6211,10532.70854,7568.1788799999995,16113.5476,11090.321,84932.1526,81282.0,67.0,38.0,24.0,36.0
Pennsylvania,42075,Lebanon County,48282,24734,73692,23548.0,0.6551864517179612,0.3356402323182977,0.3195462193996634,1293.1,876.1,1425.3,1256.0,729.9,1334.6,1159.2,8074.0,15517.2,10514.46091,17103.067000000003,15068.10484,8758.52301,16013.604200000002,13911.221520000001,96886.18049999999,91891.0,67.0,17.0,22.0,23.0
Pennsylvania,42077,Lehigh County,91207,96317,189810,-5110.0,0.4805173594647279,0.5074390179653337,-0.0269216585006058,1533.9,954.2,1335.3,1231.4,837.1,1322.4,1259.5,8473.9,18408.9741,11449.07962,16023.8751,14776.80889,10045.937979999999,15868.403,15113.204269999998,101686.2822,94059.0,67.0,9.0,17.0,19.0
Pennsylvania,42079,Luzerne County,92444,62504,156150,29940.0,0.592020493115594,0.4002817803394172,0.1917387127761767,1107.0,917.5,1374.4,1007.5,681.3,1213.0,964.6,7264.9,13281.00698,11010.97696,16493.0248,12090.41501,8173.197340000001,14556.8785,11573.82423,87179.32430000001,80310.0,67.0,32.0,15.0,42.0
Pennsylvania,42081,Lycoming County,41961,17216,59685,24745.0,0.7030409650665996,0.2884476836726146,0.414593281393985,1157.0,903.1,1405.5,1085.8,693.2,883.2,905.2,7032.8,13884.0,10835.73602,16866.953700000002,13029.03433,8317.117320000001,10601.56424,10861.28627,84395.6915,80388.0,67.0,47.0,34.0,41.0
Pennsylvania,42083,McKean County,14401,5115,19682,9286.0,0.7316837719743928,0.2598821258002236,0.4718016461741692,896.2,868.9,1536.1,1120.5,593.8,932.4,851.5,6799.6,10754.4,10426.840419999999,18433.196399999997,13445.666379999999,7126.5671600000005,11189.439699999999,10217.89861,81594.0083,78413.0,67.0,53.0,27.0,49.0
Pennsylvania,42085,Mercer County,37761,20145,58410,17616.0,0.6464817668207499,0.344889573703133,0.3015921931176168,928.9,890.7,1442.1,867.3,612.3,1401.8,921.7,7064.7,11146.8,10689.70192,17305.3377,10407.372440000001,7347.034170000001,16820.922,11061.45518,84778.6257,78611.0,67.0,37.0,14.0,48.0
Pennsylvania,42087,Mifflin County,17184,4735,22071,12449.0,0.7785782248198995,0.2145349100629785,0.5640433147569209,920.2,820.4,1485.9,1282.2,585.6,972.2,888.9,6955.3,11042.4,9842.70386,17832.0843,15387.63841,7026.93027,11667.943,10665.27946,83464.978,71884.0,67.0,45.0,6.0,63.0
Pennsylvania,42089,Monroe County,42676,42007,85525,669.0,0.4989885998246127,0.491166325635779,0.0078222741888336,1606.2,905.5,1596.5,1007.5,845.1,1185.2,1233.0,8378.9,19274.4,10864.94279,19160.1338,12090.41501,10140.57958,14223.105160000001,14795.91733,100549.4936,96613.0,67.0,15.0,44.0,14.0
Pennsylvania,42091,Montgomery County,198311,317103,520906,-118792.0,0.3807040041773372,0.608752826805604,-0.2280488226282668,2053.2,1053.6,1439.3,918.5,1045.5,1953.0,1676.2,10139.5,24638.293400000002,12646.55991,17271.9692,11022.33027,12544.7333,23436.397,20113.17673,121673.4558,140263.0,67.0,2.0,63.0,2.0
Pennsylvania,42093,Montour County,5944,3862,9908,2082.0,0.5999192571659265,0.3897860314897053,0.2101332256762212,1207.9,839.6,1488.5,1271.8,689.0,1146.6,1070.3,7713.2,14494.8,10076.35831,17860.2134,15262.302000000001,8267.12732,13754.50126,12844.18822,92559.4908,92283.0,67.0,24.0,51.0,22.0
Pennsylvania,42095,Northampton County,89817,86655,178215,3162.0,0.5039811463681508,0.4862385321100917,0.017742614258059,1544.5,975.9,1417.1,1231.4,847.9,1304.6,1294.0,8615.7,18533.9215,11711.9409,17005.2671,14776.80889,10176.41905,15656.2588,15529.18776,103389.8053,106251.0,67.0,8.0,55.0,9.0
Pennsylvania,42097,Northumberland County,30240,12863,43522,17377.0,0.6948210100638758,0.2955516750149349,0.3992693350489408,881.2,839.6,1366.7,1282.2,579.1,910.4,823.6,6682.9,10574.4,10076.35831,16399.318,15387.63841,6948.08303,10925.21134,9883.32932,80194.338,77435.0,67.0,56.0,25.0,53.0
Pennsylvania,42099,Perry County,19073,6385,25725,12688.0,0.741418853255588,0.2482021379980563,0.4932167152575316,985.9,861.6,1633.9,1256.0,621.7,1328.2,1084.6,7771.8,11834.3168,10339.21989,19607.5625,15068.10484,7460.431699999999,15939.117800000002,13013.97934,93262.7321,93694.0,67.0,20.0,47.0,20.0
Pennsylvania,42101,Philadelphia County,144311,568571,721441,-424260.0,0.2000316034159411,0.7881046405735188,-0.5880730371575776,1685.2,1002.7,1075.4,918.5,904.4,1424.4,1189.6,8200.3,20221.1308,12033.21619,12905.621060000001,11022.33027,10852.18641,17094.1264,14275.266200000002,98403.8775,71024.0,67.0,14.0,2.0,64.0
Pennsylvania,42103,Pike County,21537,13132,34950,8405.0,0.6162231759656652,0.3757367668097282,0.240486409155937,1751.4,922.5,1595.7,1175.0,899.6,1226.0,1373.5,8943.6,21016.8,11069.39069,19148.5203,14097.119219999999,10795.60929,14713.39442,16481.568590000003,107322.4036,92712.0,67.0,5.0,9.0,21.0
Pennsylvania,42105,Potter County,7334,1675,9085,5659.0,0.8072647220693451,0.1843698403962575,0.6228948816730875,887.1,912.7,1612.0,1285.0,605.6,982.0,954.3,7238.7,10645.2,10952.563259999999,19344.228600000002,15420.00437,7266.70919,11785.49946,11450.94031,86865.1473,74818.0,67.0,30.0,5.0,60.0
Pennsylvania,42107,Schuylkill County,51665,20882,73184,30783.0,0.7059603191954525,0.2853355924792304,0.4206247267162221,927.4,864.2,1406.3,1241.8,602.7,866.6,839.3,6748.6,11128.8,10368.42663,16877.0015,14902.145199999999,7232.88291,10402.14824,10072.15173,80983.5549,80064.0,67.0,58.0,41.0,43.0
Pennsylvania,42109,Snyder County,14664,5239,20038,9425.0,0.7318095618325182,0.2614532388461922,0.4703563229863259,963.1,871.5,1517.3,1282.2,617.1,838.2,890.9,6980.2,11557.2,10456.04707,18205.729700000004,15387.63841,7406.501429999999,10058.00256,10692.14202,83763.2611,80553.0,67.0,48.0,35.0,39.0
Pennsylvania,42111,Somerset County,31993,8596,40881,23397.0,0.7825884885399085,0.2102688290403855,0.572319659499523,947.2,851.9,1510.9,893.9,605.3,759.6,737.0,6305.6,11366.4,10222.392530000001,18133.106,10726.90562,7263.690950000001,9114.4694,8841.59525,75668.5608,76899.0,67.0,67.0,54.0,54.0
Pennsylvania,42113,Sullivan County,2721,976,3721,1745.0,0.7312550389680194,0.2622950819672131,0.4689599570008062,945.7,847.0,1602.8,1018.0,603.0,1033.4,886.1,6936.4,11348.4,10163.978650000001,19232.7188,12215.750839999999,7237.981020000001,12405.065359999999,10632.10599,83235.99960000001,81806.0,67.0,52.0,43.0,33.0
Pennsylvania,42115,Susquehanna County,16114,6093,22404,10021.0,0.7192465631137297,0.2719603642206749,0.4472861988930548,972.7,975.9,1545.0,1018.0,655.7,993.8,917.0,7078.2,11672.4,11711.9409,18541.4378,12215.750839999999,7867.814939999999,11924.874,11004.73751,84938.9581,81291.0,67.0,39.0,28.0,35.0
Pennsylvania,42117,Tioga County,16272,5100,21587,11172.0,0.7537870014360495,0.2362533005975818,0.5175337008384676,914.9,832.3,1566.2,1096.3,587.8,1031.0,877.8,6906.4,10978.8,9988.73777,18793.528700000003,13154.370579999999,7054.665640000001,12371.30114,10535.83492,82877.2392,75851.0,67.0,50.0,12.0,57.0
Pennsylvania,42119,Union County,12969,8015,21188,4954.0,0.6120917500471965,0.3782801585803285,0.233811591466868,996.2,890.7,1496.3,1282.2,634.9,838.2,909.4,7048.1,11954.4,10689.70192,17955.5639,15387.63841,7618.75656,10058.00256,10913.31849,84577.38149999999,95927.0,67.0,49.0,64.0,15.0
Pennsylvania,42121,Venango County,18883,7624,26732,11259.0,0.7063818644321412,0.2852012569205446,0.4211806075115966,886.9,861.6,1489.8,877.8,588.3,1030.8,788.7,6524.1,10642.8,10339.21989,17880.1573,10532.70854,7059.53814,12368.0198,9465.581040000001,78288.0259,76833.0,67.0,64.0,37.0,55.0
Pennsylvania,42123,Warren County,14345,6212,20723,8133.0,0.692226029049848,0.299763547748878,0.3924624813009699,917.2,856.8,1501.1,1010.0,596.9,932.4,810.6,6624.6,11006.4,10280.805960000002,18011.5501,12118.65208,7162.220019999999,11189.439699999999,9727.029279999999,79496.0974,76027.0,67.0,62.0,31.0,56.0
Pennsylvania,42125,Washington County,75929,44910,121617,31019.0,0.6243288356068641,0.3692740324132317,0.2550548031936324,1114.1,954.2,1488.4,848.4,695.9,1482.0,1053.3,7636.3,13370.78474,11449.07962,17862.1483,10180.80916,8350.80592,17782.4174,12639.37226,91635.41589999999,102913.0,67.0,23.0,61.0,10.0
Pennsylvania,42127,Wayne County,20071,9150,29444,10921.0,0.6816668930851787,0.3107594076891726,0.370907485396006,1042.6,900.5,1558.0,1018.0,653.9,1264.2,1004.1,7441.2,12511.2,10806.5291,18694.9463,12215.750839999999,7845.40279,15171.607820000001,12049.225199999999,89294.66189999999,77621.0,67.0,26.0,8.0,52.0
Pennsylvania,42129,Westmoreland County,135008,74904,211450,60104.0,0.638486639867581,0.3542397729959801,0.2842468668716009,1018.7,937.2,1483.6,848.4,658.0,1400.0,979.6,7325.7,12225.13134,11244.63203,17804.6305,10180.80916,7896.5557,16801.838,11755.35624,87908.9537,94904.0,67.0,29.0,59.0,17.0
Pennsylvania,42131,Wyoming County,10222,4680,15052,5542.0,0.6791124103109222,0.3109221365931437,0.3681902737177784,1036.1,854.3,1590.1,1007.5,636.0,1254.0,987.6,7365.9,12435.3474,10251.599189999999,19081.537,12090.41501,7633.172199999999,15047.168,11850.31539,88389.55429999999,84795.0,67.0,28.0,32.0,28.0
Pennsylvania,42133,York County,154884,91926,249210,62958.0,0.621499939809799,0.3688696280245576,0.2526303117852414,1298.0,895.7,1486.2,1256.0,737.9,1399.8,1214.4,8287.7,15576.0,10748.11575,17834.3829,15068.10484,8856.9213,16797.124,14572.64282,99453.2914,99386.0,67.0,13.0,49.0,12.0
Rhode Island,44001,Bristol County,10048,17458,28117,-7410.0,0.3573638723903688,0.6209055020094605,-0.2635416296190916,1857.2,1170.7,1389.3,948.3,1018.8,1185.6,1318.7,8888.1,22287.3115,14048.488089999999,16670.0806,11378.35842,12225.4179,14224.039999999999,15824.485449999998,106658.1827,137813.0,5.0,2.0,5.0,1.0
Rhode Island,44003,Kent County,44526,46269,92648,-1743.0,0.480593213021328,0.4994063552370261,-0.0188131422156981,1741.6,946.8,1404.6,948.3,904.5,1194.0,1165.6,8305.2,20898.4881,11361.45907,16855.9582,11378.35842,10854.07101,14327.465399999997,13988.441719999999,99664.2405,114721.0,5.0,4.0,3.0,4.0
Rhode Island,44005,Newport County,16027,27332,44349,-11305.0,0.3613835712191932,0.6162934902703556,-0.2549099190511624,2897.5,1109.9,1405.4,948.3,1348.5,1259.0,1827.8,10796.2,34772.7828,13318.3172,16864.591800000002,11378.35842,16180.566200000001,15105.919,21933.7765,129554.3136,133248.0,5.0,1.0,2.0,2.0
Rhode Island,44007,Providence County,112558,151508,269989,-38950.0,0.4168984662338095,0.5611636029616022,-0.1442651367277926,1711.4,1014.9,1267.6,948.3,917.2,1162.6,1124.8,8146.5,20534.748,12179.25046,15211.3115,11378.35842,11006.839380000001,13947.4174,13500.296900000001,97758.2227,98747.0,5.0,5.0,1.0,5.0
Rhode Island,44009,Washington County,31247,42589,75556,-11342.0,0.4135608025835142,0.5636746254433798,-0.1501138228598655,1787.7,1058.8,1550.8,948.3,957.7,1186.0,1289.1,8778.4,21452.1975,12704.97347,18608.5925,11378.35842,11492.40408,14234.892800000001,15468.67627,105340.0956,128241.0,5.0,3.0,4.0,3.0
South Carolina,45001,Abbeville County,8509,3399,12048,5110.0,0.7062583001328021,0.2821215139442231,0.424136786188579,1013.4,810.5,1489.4,1113.0,613.7,1031.2,867.0,6938.4,12160.8,9725.87637,17874.937599999997,13356.35937,7363.915830000001,12372.64172,10405.55944,83260.091,67031.0,46.0,35.0,22.0,27.0
South Carolina,45003,Aiken County,53592,31298,86091,22294.0,0.622504094504652,0.3635455506382781,0.2589585438663739,1138.4,856.8,1469.2,1204.5,671.1,1178.4,1029.5,7548.0,13659.54078,10280.805960000002,17629.0219,14453.29069,8054.886909999999,14144.776600000001,12354.73133,90577.0548,82999.0,46.0,13.0,34.0,11.0
South Carolina,45005,Allendale County,813,2165,3023,-1352.0,0.2689381409196162,0.7161759841217333,-0.447237843202117,1021.8,727.6,1457.0,1193.9,588.7,973.0,825.7,6787.8,12261.6,8732.843859999999,17484.508,14327.345189999998,7063.718330000001,11673.39688,9907.78083,81451.1929,52257.0,46.0,42.0,4.0,43.0
South Carolina,45007,Anderson County,71828,25281,98296,46547.0,0.7307316676161797,0.2571925612435908,0.4735391063725889,1112.7,837.2,1472.4,1288.2,655.9,1178.4,1036.4,7581.8,13352.4,10047.15166,17669.329,15456.64257,7872.93255,14144.776600000001,12436.88208,90980.1139,78036.0,46.0,12.0,25.0,15.0
South Carolina,45009,Bamberg County,2376,3245,5694,-869.0,0.4172813487881981,0.5698981383912891,-0.152616789603091,1009.3,727.6,1499.9,1069.9,584.6,973.0,791.3,6655.4,12111.6,8732.843859999999,17997.4034,12838.49999,7013.24985,11673.39688,9496.37423,79863.3691,61554.0,46.0,46.0,16.0,33.0
South Carolina,45011,Barnwell County,5605,4082,9803,1523.0,0.5717637457921044,0.4164031418953381,0.1553606038967662,966.1,727.6,1471.7,1180.5,569.9,980.8,800.5,6697.4,11593.2,8732.843859999999,17661.543700000002,14165.513879999999,6838.8308099999995,11770.349720000002,9607.02034,80369.3039,56726.0,46.0,41.0,9.0,39.0
South Carolina,45013,Beaufort County,59123,44002,104403,15121.0,0.5662959876631898,0.4214629847801308,0.1448330028830589,1771.2,1012.5,1499.6,1288.2,936.5,1178.4,1475.5,9162.1,21254.4,12150.04392,17995.8421,15456.64257,11239.143979999999,14144.776600000001,17705.014000000003,109945.86429999999,100697.0,46.0,1.0,38.0,3.0
South Carolina,45015,Berkeley County,64777,46416,112834,18361.0,0.5740911427406633,0.4113653685945725,0.1627257741460907,1745.7,895.7,1550.5,1147.7,888.9,1178.4,1362.7,8770.3,20951.1292,10748.11575,18607.0249,13773.600320000001,10665.418730000001,14144.776600000001,16353.0293,105243.0975,94812.0,46.0,3.0,36.0,4.0
South Carolina,45017,Calhoun County,4474,3339,7914,1135.0,0.5653272681324235,0.4219105382865807,0.1434167298458427,1168.4,791.0,1642.7,1169.4,659.3,957.6,975.3,7363.9,14021.4274,9492.221679999999,19713.527,14032.529999999999,7911.321400000001,11491.25192,11703.480099999999,88365.7592,76938.0,46.0,18.0,31.0,20.0
South Carolina,45019,Charleston County,99265,111427,214521,-12162.0,0.4627285906741065,0.5194223409363186,-0.056693750262212,1732.3,1034.4,1387.9,1120.8,930.9,1194.6,1361.5,8762.0,20785.507999999998,12412.905340000001,16653.7189,13449.93836,11169.823789999999,14335.166000000001,16337.42698,105144.48300000001,112791.0,46.0,2.0,46.0,1.0
South Carolina,45021,Cherokee County,18697,5939,24839,12758.0,0.7527275655219614,0.2390998027295784,0.5136277627923829,990.1,786.3,1430.9,1353.0,597.8,973.0,884.8,7015.6,11881.2,9433.80801,17172.4116,16236.95086,7171.5742,11673.39688,10616.418549999999,84185.7601,66859.0,46.0,24.0,19.0,29.0
South Carolina,45023,Chester County,9030,6353,15556,2677.0,0.5804834147595783,0.4083954744150167,0.1720879403445616,1023.8,749.8,1474.0,1164.0,596.7,957.6,826.5,6792.0,12285.6,8995.70527,17686.4095,13967.79718,7160.23496,11491.25192,9917.45949,81504.4571,61343.0,46.0,43.0,15.0,34.0
South Carolina,45025,Chesterfield County,11682,6520,18391,5162.0,0.6352020009787396,0.3545212332118971,0.2806807677668425,970.8,778.8,1483.0,1269.4,588.6,1031.2,881.5,7003.5,11649.6,9346.187390000001,17795.5818,15233.59878,7064.1704199999995,12372.64172,10580.0187,84041.8,59566.0,46.0,26.0,10.0,37.0
South Carolina,45027,Clarendon County,9065,7064,16320,2001.0,0.555453431372549,0.432843137254902,0.122610294117647,973.3,742.5,1471.1,1293.4,577.2,957.6,843.4,6858.4,11679.6,8908.084780000001,17653.345800000003,15521.375089999998,6926.86174,11491.25192,10119.8857,82300.4057,65925.0,46.0,36.0,20.0,30.0
South Carolina,45029,Colleton County,10696,7376,18276,3320.0,0.5852484132195229,0.4035894068724009,0.1816590063471219,947.2,800.7,1471.6,1237.0,588.0,1031.2,862.2,6938.2,11366.4,9609.048859999999,17659.3248,14845.20445,7057.3274,12372.64172,10346.63941,83256.5864,61250.0,46.0,29.0,12.0,35.0
South Carolina,45031,Darlington County,17017,12977,30331,4040.0,0.5610431571659359,0.4278460980514985,0.1331970591144374,1002.3,783.8,1416.8,1293.4,601.0,912.2,837.0,6846.5,12027.6,9404.600900000001,17001.4503,15521.375089999998,7211.00467,10946.55346,10045.32087,82157.9061,62738.0,46.0,34.0,14.0,32.0
South Carolina,45033,Dillon County,6526,5241,11861,1285.0,0.550206559312031,0.4418683078998398,0.1083382514121911,949.7,761.7,1417.7,1145.3,575.9,1023.0,791.6,6664.8,11396.4,9141.7396,17010.870199999998,13744.7538,6910.19177,12275.688559999999,9497.76441,79977.4095,48608.0,46.0,40.0,2.0,45.0
South Carolina,45035,Dorchester County,43839,32489,77764,11350.0,0.5637441489635306,0.4177897227508873,0.1459544262126433,1588.3,939.7,1544.4,1134.3,850.5,1178.4,1296.5,8532.3,19060.2839,11273.838440000001,18532.9335,13611.769409999999,10206.11407,14144.776600000001,15557.570319999999,102387.2876,93301.0,46.0,5.0,37.0,5.0
South Carolina,45037,Edgefield County,9092,4659,13919,4433.0,0.6532078453911919,0.3347223220058912,0.3184855233853007,943.0,813.0,1584.7,1137.0,590.9,957.6,847.5,6873.4,11314.49919,9755.0828,19016.722700000002,13644.135579999998,7088.9990099999995,11491.25192,10169.691139999999,82480.38249999999,83677.0,46.0,33.0,44.0,10.0
South Carolina,45039,Fairfield County,4792,6277,11215,-1485.0,0.4272848863129737,0.5596968345965225,-0.1324119482835488,1069.9,859.2,1588.9,1177.5,649.0,957.6,944.9,7246.5,12836.51769,10310.01301,19066.6169,14129.62838,7787.80215,11491.25192,11338.54046,86960.3703,65224.0,46.0,19.0,13.0,31.0
South Carolina,45041,Florence County,32615,27706,61140,4909.0,0.533447824664704,0.4531566895649329,0.080291135099771,1074.3,834.8,1431.3,1169.4,642.3,1178.4,958.4,7289.3,12891.6,10017.94476,17175.7715,14032.529999999999,7708.06652,14144.776600000001,11502.081629999999,87472.7717,76991.0,46.0,17.0,29.0,19.0
South Carolina,45043,Georgetown County,22326,14965,37754,7361.0,0.591354558457382,0.3963818403347989,0.1949727181225831,1205.8,907.8,1474.4,1018.6,711.3,876.2,905.1,7099.3,14469.6,10894.14988,17692.9837,12223.542420000002,8533.80003,10514.88648,10861.378130000001,85190.3402,80033.0,46.0,27.0,41.0,12.0
South Carolina,45045,Greenville County,158541,100074,263316,58467.0,0.6020940618876179,0.3800528642391651,0.2220411976484528,1348.9,944.4,1469.3,1169.4,771.7,1194.6,1166.4,8064.6,16187.771799999999,11332.25229,17631.6676,14032.529999999999,9259.29261,14335.166000000001,13997.50233,96776.1849,92013.0,46.0,6.0,42.0,6.0
South Carolina,45047,Greenwood County,19715,10766,30888,8949.0,0.6382737632737633,0.3485495985495985,0.2897241647241647,1033.1,849.4,1383.1,1113.0,633.3,876.2,789.4,6677.5,12397.2,10193.185529999999,16595.4506,13356.35937,7600.68355,10514.88648,9473.01722,80130.7824,69847.0,46.0,44.0,28.0,25.0
South Carolina,45049,Hampton County,3801,4328,8233,-527.0,0.4616786104700595,0.5256892991619094,-0.0640106886918498,1013.2,800.7,1570.5,1148.1,610.1,1031.2,901.8,7075.6,12158.4,9609.048859999999,18845.6096,13777.11996,7323.8009,12372.64172,10820.07666,84906.6979,55914.0,46.0,30.0,5.0,42.0
South Carolina,45051,Horry County,141719,62325,205954,79394.0,0.688109966303155,0.3026161181623081,0.3854938481408469,1464.8,881.1,1399.1,1072.3,789.3,1178.4,1124.8,7909.9,17577.6,10572.87434,16789.0621,12867.34722,9471.411689999999,14144.776600000001,13495.66919,94918.742,77159.0,46.0,10.0,24.0,18.0
South Carolina,45053,Jasper County,9900,8144,18227,1756.0,0.5431502715751357,0.4468096779502935,0.0963405936248422,1351.2,956.5,1471.6,1215.1,776.4,912.2,1086.1,7769.5,16214.4,11478.28657,17659.677499999998,14582.75563,9317.38597,10946.55346,13034.17829,93233.2362,72745.0,46.0,15.0,21.0,23.0
South Carolina,45055,Kershaw County,21289,11826,33533,9463.0,0.6348671457966779,0.3526675215459398,0.2821996242507381,1038.9,820.4,1577.4,1164.0,625.6,912.2,883.5,7021.5,12466.8,9842.70386,18930.566499999997,13967.79718,7506.178969999999,10946.55346,10600.64964,84261.2488,77712.0,46.0,22.0,35.0,17.0
South Carolina,45057,Lancaster County,33623,20146,54427,13477.0,0.6177632425083139,0.3701471696033219,0.247616072904992,1111.9,890.7,1550.7,1155.9,673.8,1218.2,1064.7,7666.0,13342.8,10689.70192,18609.277899999997,13870.699299999998,8085.89274,14619.58736,12775.54698,91993.50720000001,91114.0,46.0,11.0,43.0,7.0
South Carolina,45059,Laurens County,21110,8769,30213,12341.0,0.6987058550954887,0.2902393009631615,0.4084665541323271,1029.3,769.2,1477.9,1164.0,604.9,912.2,818.9,6776.5,12351.6,9229.36033,17735.1512,13967.79718,7261.05558,10946.55346,9827.0491,81318.5667,70911.0,46.0,37.0,26.0,24.0
South Carolina,45061,Lee County,3078,4505,8076,-1427.0,0.3811292719167904,0.557825656265478,-0.1766963843486875,992.5,783.8,1478.7,1269.4,597.6,1031.2,896.3,7049.4,11910.0,9404.600900000001,17743.6646,15233.59878,7171.43712,12372.64172,10756.954679999999,84592.8972,60492.0,46.0,25.0,11.0,36.0
South Carolina,45063,Lexington County,96965,47815,146903,49150.0,0.6600614010605638,0.3254868859043042,0.3345745151562596,1310.6,883.5,1501.6,1293.4,738.4,1178.4,1171.1,8077.1,15728.261199999999,10602.08128,18018.6944,15521.375089999998,8859.01633,14144.776600000001,14050.722210000002,96924.9271,89968.0,46.0,7.0,39.0,8.0
South Carolina,45065,McCormick County,3565,2513,6153,1052.0,0.5793921664228832,0.4084186575654152,0.1709735088574679,1061.7,810.5,1467.1,1113.0,629.8,1031.2,880.9,6994.1,12740.4,9725.87637,17606.975599999998,13356.35937,7558.925990000001,12372.64172,10569.37541,83930.5524,79432.0,46.0,28.0,40.0,13.0
South Carolina,45067,Marion County,5906,7316,13388,-1410.0,0.441141320585599,0.5464595159844637,-0.1053181953988647,986.4,774.0,1433.9,1140.0,592.3,973.0,799.6,6698.9,11836.8,9287.77376,17207.7229,13680.02138,7107.50136,11673.39688,9595.70355,80388.9177,47288.0,46.0,45.0,1.0,46.0
South Carolina,45069,Marlboro County,4896,5137,10152,-241.0,0.4822695035460992,0.5060086682427108,-0.0237391646966115,933.8,747.2,1411.3,1269.4,565.5,973.0,801.0,6700.9,11205.6,8966.4985,16933.8486,15233.59878,6787.034819999999,11673.39688,9610.81079,80410.7884,50795.0,46.0,38.0,3.0,44.0
South Carolina,45071,Newberry County,12067,5841,18129,6226.0,0.6656186220971924,0.3221909647526063,0.343427657344586,1050.7,749.8,1486.4,1210.0,605.8,1023.0,880.1,7005.9,12608.4,8995.70527,17836.8571,14521.542449999999,7268.84292,12275.688559999999,10563.06135,84070.0965,73829.0,46.0,23.0,30.0,22.0
South Carolina,45073,Oconee County,31772,9987,42264,21785.0,0.751750899110354,0.2363003975014196,0.5154505016089344,1023.4,849.4,1459.1,1193.9,630.1,1023.0,903.7,7082.6,12280.8,10193.185529999999,17508.861800000002,14327.345189999998,7561.52001,12275.688559999999,10844.08141,84991.4823,76111.0,46.0,20.0,33.0,21.0
South Carolina,45075,Orangeburg County,13750,22832,36970,-9082.0,0.3719231809575331,0.6175818230998107,-0.2456586421422775,1014.8,783.8,1426.6,1056.4,605.1,1023.0,801.7,6711.3,12177.6,9404.600900000001,17118.942199999998,12676.669039999999,7261.472959999999,12275.688559999999,9620.04571,80535.0193,56567.0,46.0,39.0,7.0,40.0
South Carolina,45077,Pickens County,45728,13891,60451,31837.0,0.7564473705976742,0.2297894162214024,0.5266579543762717,1054.0,864.2,1507.6,1226.0,645.3,1178.4,1009.2,7484.9,12647.5417,10368.42663,18090.3623,14712.220370000001,7743.87346,14144.776600000001,12111.86305,89819.06580000001,78651.0,46.0,14.0,27.0,14.0
South Carolina,45079,Richland County,58019,121110,182411,-63091.0,0.3180674411082665,0.6639402229032241,-0.3458727817949575,1393.2,919.9,1375.3,1188.1,778.2,1194.6,1149.1,7998.4,16715.6853,11040.18372,16503.431,14259.09333,9338.64406,14335.166000000001,13789.574849999999,95981.7779,84362.0,46.0,8.0,32.0,9.0
South Carolina,45081,Saluda County,6452,2454,9014,3998.0,0.7157754603949412,0.272243177279787,0.4435322831151542,956.8,813.0,1657.7,1215.1,595.4,957.6,905.8,7101.8,11482.335439999999,9755.0828,19893.274100000002,14582.75563,7145.46887,11491.25192,10869.63668,85219.80559999999,66953.0,46.0,21.0,18.0,28.0
South Carolina,45083,Spartanburg County,103032,50710,155597,52322.0,0.6621721498486475,0.3259060264658059,0.3362661233828415,1235.6,830.0,1482.4,1374.4,695.0,1178.4,1128.0,7924.0,14827.2,9959.53083,17788.1793,16492.361100000002,8339.65819,14144.776600000001,13536.04303,95087.74960000001,77847.0,46.0,9.0,23.0,16.0
South Carolina,45085,Sumter County,21215,23425,45170,-2210.0,0.4696701350453841,0.5185964135488156,-0.0489262785034314,1201.9,807.9,1366.9,1174.6,676.3,1178.4,983.8,7390.5,14422.8,9696.66936,16404.2841,14097.26222,8115.15365,14144.776600000001,11805.076920000001,88686.0235,69653.0,46.0,16.0,17.0,26.0
South Carolina,45087,Union County,8102,4084,12289,4018.0,0.6592887948571894,0.3323297257710147,0.3269590690861746,954.6,747.2,1449.2,1282.9,572.6,1023.0,849.5,6879.2,11455.2,8966.4985,17389.8992,15395.429689999999,6871.0145,12275.688559999999,10194.83895,82548.57070000001,58513.0,46.0,32.0,8.0,38.0
South Carolina,45089,Williamsburg County,5524,8634,14330,-3110.0,0.3854849965108164,0.6025122121423587,-0.2170272156315422,941.3,820.4,1465.9,1180.5,592.7,1031.2,848.4,6879.9,11295.6,9842.70386,17590.773,14165.513879999999,7112.120919999999,12372.64172,10181.04152,82560.3939,56399.0,46.0,31.0,6.0,41.0
South Carolina,45091,York County,88239,59600,150059,28639.0,0.5880287087079082,0.3971771103366009,0.1908515983713073,1525.2,900.5,1546.8,1309.6,816.2,1178.4,1313.7,8590.9,18305.2215,10806.5291,18562.393099999998,15715.572250000001,9794.83971,14144.776600000001,15762.2305,103091.56509999999,107287.0,46.0,4.0,45.0,2.0
South Dakota,46003,Aurora County,1056,302,1393,754.0,0.7580760947595119,0.2167982770997846,0.5412778176597273,984.8,910.3,1773.7,1547.1,637.5,766.6,812.6,7432.8,11817.6,10923.35663,21284.3718,18565.340799999998,7651.343919999999,9198.85598,9750.9182,89191.7875,86818.0,66.0,39.0,29.0,40.0
South Dakota,46005,Beadle County,4826,2017,7010,2809.0,0.6884450784593438,0.2877318116975749,0.4007132667617689,1005.3,905.5,1497.0,1571.3,642.7,766.6,750.6,7139.0,12063.6,10864.94279,17962.097,18856.6367,7714.45852,9198.85598,9006.58497,85667.17809999999,82161.0,66.0,62.0,26.0,47.0
South Dakota,46007,Bennett County,676,389,1088,287.0,0.6213235294117647,0.3575367647058823,0.2637867647058823,1053.1,949.3,1658.7,1687.4,673.6,766.6,858.0,7646.5,12637.2,11390.66574,19903.7837,20248.3831,8084.33297,9198.85598,10294.57263,91757.7957,49805.0,66.0,9.0,5.0,61.0
South Dakota,46009,Bon Homme County,2236,697,2992,1539.0,0.7473262032085561,0.2329545454545454,0.5143716577540107,1004.5,910.3,1704.9,1547.1,644.1,766.6,804.4,7381.8,12054.0,10923.35663,20456.0206,18565.340799999998,7730.882159999999,9198.85598,9653.30086,88581.75899999999,83184.0,66.0,50.0,25.0,46.0
South Dakota,46011,Brookings County,8575,5978,14939,2597.0,0.5740009371443872,0.4001606533235156,0.1738402838208715,1127.7,934.6,1561.8,1571.3,693.8,734.4,814.3,7437.9,13532.4,11215.42506,18739.9122,18856.6367,8326.56798,8813.893979999999,9771.48788,89256.3235,104828.0,66.0,54.0,64.0,5.0
South Dakota,46013,Brown County,10645,6075,17043,4570.0,0.6245966085783019,0.3564513289913747,0.2681452795869271,1074.9,890.7,1476.4,1247.7,661.5,734.4,671.0,6756.9,12898.8,10689.70192,17718.6818,14972.69313,7936.506200000001,8813.893979999999,8051.95546,81082.2329,97594.0,66.0,66.0,66.0,13.0
South Dakota,46015,Brule County,1694,666,2423,1028.0,0.6991333058192324,0.2748658687577383,0.424267437061494,1002.2,910.3,1645.4,1547.1,643.4,766.6,786.8,7301.9,12026.4,10923.35663,19744.0897,18565.340799999998,7721.59597,9198.85598,9442.51802,87622.1574,101071.0,66.0,60.0,61.0,10.0
South Dakota,46017,Buffalo County,164,291,466,-127.0,0.351931330472103,0.6244635193133047,-0.2725321888412017,1092.1,890.7,1625.4,1547.1,667.1,766.6,801.9,7391.2,13105.2,10689.70192,19506.5544,18565.340799999998,8005.95081,9198.85598,9622.0592,88693.6643,53681.0,66.0,35.0,8.0,59.0
South Dakota,46019,Butte County,4024,942,5082,3082.0,0.7918142463597009,0.1853600944510035,0.6064541519086973,1094.1,949.3,1709.2,1687.4,687.5,766.6,888.2,7782.1,13129.2,11390.66574,20510.0734,20248.3831,8249.86961,9198.85598,10658.288219999999,93385.33660000001,96466.0,66.0,7.0,36.0,18.0
South Dakota,46021,Campbell County,706,120,836,586.0,0.8444976076555024,0.1435406698564593,0.7009569377990431,1002.2,959.0,1903.3,1571.3,659.9,766.6,883.2,7745.3,12026.4,11507.49323,22839.0021,18856.6367,7918.132739999999,9198.85598,10599.0124,92945.5341,94375.0,66.0,10.0,34.0,25.0
South Dakota,46023,Charles Mix County,2551,1000,3615,1551.0,0.7056708160442601,0.2766251728907331,0.429045643153527,1028.6,910.3,1709.5,1547.1,652.2,766.6,810.6,7424.9,12343.2,10923.35663,20511.543700000002,18565.340799999998,7828.18551,9198.85598,9728.66654,89099.1494,81875.0,66.0,53.0,23.0,48.0
South Dakota,46025,Clark County,1382,415,1842,967.0,0.750271444082519,0.2252985884907709,0.5249728555917481,934.6,905.5,1780.5,1571.3,619.2,766.6,799.1,7376.7,11215.2,10864.94279,21366.1991,18856.6367,7429.00879,9198.85598,9589.03453,88519.8775,77500.0,66.0,33.0,14.0,52.0
South Dakota,46027,Clay County,2574,2944,5657,-370.0,0.4550114901891462,0.5204171822520771,-0.0654056920629309,1087.7,910.3,1494.0,1471.5,672.1,734.4,748.4,7118.7,13052.4,10923.35663,17929.1509,17659.0878,8066.800630000001,8813.893979999999,8980.232610000001,85424.9209,96029.0,66.0,63.0,54.0,19.0
South Dakota,46029,Codington County,9349,3840,13510,5509.0,0.6920059215396003,0.2842339008142117,0.4077720207253886,1123.9,905.5,1508.9,1571.3,682.7,734.4,786.4,7313.6,13486.8,10864.94279,18108.4954,18856.6367,8193.30352,8813.893979999999,9438.63736,87762.71040000001,85609.0,66.0,57.0,31.0,43.0
South Dakota,46031,Corson County,631,495,1143,136.0,0.5520559930008749,0.4330708661417323,0.1189851268591426,932.2,959.0,1700.2,1571.3,636.3,766.6,797.2,7362.7,11186.4,11507.49323,20403.1405,18856.6367,7635.50927,9198.85598,9565.67078,88353.7076,48750.0,66.0,32.0,6.0,62.0
South Dakota,46033,Custer County,4313,1567,6001,2746.0,0.718713547742043,0.2611231461423096,0.4575904015997333,1273.8,949.3,1755.1,1687.4,747.9,766.6,976.5,8156.4,15285.6,11390.66574,21060.154499999997,20248.3831,8975.40457,9198.85598,11718.55133,97877.6173,93986.0,66.0,3.0,28.0,27.0
South Dakota,46035,Davison County,6208,2743,9177,3465.0,0.6764737931785987,0.2988994224692165,0.3775743707093821,1038.7,910.3,1453.3,1547.1,655.7,734.4,739.6,7079.3,12464.4,10923.35663,17440.071600000003,18565.340799999998,7868.964020000001,8813.893979999999,8874.09791,84950.1245,91672.0,66.0,64.0,49.0,34.0
South Dakota,46037,Day County,1876,1000,2932,876.0,0.6398362892223738,0.3410641200545702,0.2987721691678035,965.1,905.5,1740.3,1571.3,629.4,766.6,801.4,7379.6,11581.2,10864.94279,20883.4497,18856.6367,7552.15199,9198.85598,9617.89512,88555.1336,81726.0,66.0,40.0,19.0,50.0
South Dakota,46039,Deuel County,1717,528,2298,1189.0,0.747171453437772,0.2297650130548303,0.5174064403829417,1002.2,905.5,1788.7,1571.3,641.9,766.6,829.1,7505.2,12026.4,10864.94279,21465.0272,18856.6367,7701.94253,9198.85598,9950.38804,90064.1936,92821.0,66.0,36.0,40.0,30.0
South Dakota,46041,Dewey County,793,1032,1871,-239.0,0.4238375200427579,0.5515766969535008,-0.1277391769107428,981.9,903.1,1617.3,1571.3,634.2,766.6,772.9,7247.4,11782.8,10835.73602,19407.624499999998,18856.6367,7610.154670000001,9198.85598,9276.059879999999,86967.8694,62837.0,66.0,61.0,9.0,58.0
South Dakota,46043,Douglas County,1419,219,1658,1200.0,0.8558504221954162,0.132086851628468,0.7237635705669482,1072.5,910.3,1760.3,1547.1,667.3,766.6,841.9,7565.8,12870.0,10923.35663,21124.1328,18565.340799999998,8005.430989999999,9198.85598,10103.783070000001,90790.9001,92750.0,66.0,21.0,35.0,31.0
South Dakota,46045,Edmunds County,1618,384,2031,1234.0,0.7966518956179222,0.1890694239290989,0.6075824716888232,971.4,890.7,1899.8,1571.3,626.7,766.6,841.3,7567.6,11656.8,10689.70192,22796.149100000002,18856.6367,7518.627109999999,9198.85598,10094.87126,90811.6428,90602.0,66.0,22.0,32.0,36.0
South Dakota,46047,Fall River County,3135,1030,4274,2105.0,0.7335049134300421,0.2409920449227889,0.4925128685072532,1228.9,949.3,1622.0,1687.4,732.8,766.6,915.7,7902.5,14746.8,11390.66574,19464.2561,20248.3831,8794.12186,9198.85598,10987.89402,94830.9781,76887.0,66.0,4.0,11.0,54.0
South Dakota,46049,Faulk County,920,183,1130,737.0,0.8141592920353983,0.1619469026548672,0.652212389380531,993.1,890.7,1855.4,1571.3,633.9,766.6,837.5,7548.6,11917.2,10689.70192,22263.4975,18856.6367,7606.2403300000005,9198.85598,10050.669740000001,90582.80189999999,96615.0,66.0,23.0,46.0,17.0
South Dakota,46051,Grant County,2594,946,3630,1648.0,0.7146005509641873,0.2606060606060606,0.4539944903581266,1002.2,905.5,1724.9,1571.3,641.9,766.6,813.4,7425.8,12026.4,10864.94279,20698.7134,18856.6367,7701.94253,9198.85598,9760.62354,89108.1167,94097.0,66.0,46.0,44.0,26.0
South Dakota,46053,Gregory County,1790,426,2267,1364.0,0.7895897662108513,0.1879135421261579,0.6016762240846933,984.5,910.3,1759.8,1547.1,637.5,766.6,809.9,7415.7,11814.0,10923.35663,21116.171299999998,18565.340799999998,7650.132739999999,9198.85598,9720.24384,88988.101,76750.0,66.0,41.0,13.0,55.0
South Dakota,46055,Haakon County,1004,105,1125,899.0,0.8924444444444445,0.0933333333333333,0.7991111111111111,1085.0,949.3,1785.8,1687.4,684.5,766.6,909.6,7867.8,13020.0,11390.66574,21429.380400000002,20248.3831,8213.128690000001,9198.85598,10914.61445,94415.03030000001,84500.0,66.0,6.0,16.0,45.0
South Dakota,46057,Hamlin County,2560,610,3226,1950.0,0.7935523868567886,0.1890886546807191,0.6044637321760695,982.8,905.5,1795.8,1571.3,635.3,766.6,823.7,7480.9,11793.6,10864.94279,21549.9217,18856.6367,7623.615390000001,9198.85598,9883.40156,89770.97339999999,91875.0,66.0,28.0,37.0,33.0
South Dakota,46059,Hand County,1376,365,1764,1011.0,0.780045351473923,0.2069160997732426,0.5731292517006803,1004.7,890.7,1793.8,1547.1,637.7,766.6,820.1,7460.6,12056.4,10689.70192,21526.4005,18565.340799999998,7653.07513,9198.85598,9839.55761,89529.3335,105000.0,66.0,42.0,63.0,4.0
South Dakota,46061,Hanson County,1611,399,2046,1212.0,0.7873900293255132,0.1950146627565982,0.5923753665689149,997.5,954.2,1948.1,1547.1,656.6,766.6,880.8,7750.7,11970.0,11449.07962,23378.3832,18565.340799999998,7879.50288,9198.85598,10567.62292,93008.78719999999,98819.0,66.0,11.0,47.0,12.0
South Dakota,46063,Harding County,754,48,820,706.0,0.9195121951219511,0.0585365853658536,0.8609756097560975,1037.9,903.1,1711.4,1687.4,653.3,766.6,853.2,7612.6,12454.8,10835.73602,20537.0274,20248.3831,7836.25367,9198.85598,10237.93306,91348.9902,84853.0,66.0,13.0,22.0,44.0
South Dakota,46065,Hughes County,5379,2838,8435,2541.0,0.6377000592768227,0.3364552459988145,0.3012448132780082,1141.5,890.7,1560.2,1547.1,683.6,734.4,798.3,7356.3,13698.0,10689.70192,18723.0445,18565.340799999998,8205.4022,8813.893979999999,9579.236840000001,88274.6211,94620.0,66.0,58.0,48.0,23.0
South Dakota,46067,Hutchinson County,2918,755,3736,2163.0,0.7810492505353319,0.2020877944325481,0.5789614561027837,1008.9,910.3,1720.7,1547.1,645.7,766.6,804.5,7404.0,12106.8,10923.35663,20648.9305,18565.340799999998,7748.64718,9198.85598,9654.78594,88846.717,101625.0,66.0,31.0,56.0,8.0
South Dakota,46069,Hyde County,530,148,695,382.0,0.762589928057554,0.2129496402877697,0.5496402877697842,1037.9,890.7,1779.8,1547.1,648.9,766.6,826.7,7498.0,12454.8,10689.70192,21359.0061,18565.340799999998,7787.119479999999,9198.85598,9920.80984,89975.6353,101563.0,66.0,29.0,55.0,9.0
South Dakota,46071,Jackson County,753,357,1129,396.0,0.66696191319752,0.3162090345438441,0.3507528786536758,947.1,949.3,1688.3,1687.4,638.1,766.6,826.2,7502.8,11365.2,11390.66574,20259.332000000002,20248.3831,7656.36038,9198.85598,9914.84939,90033.64660000001,37386.0,66.0,19.0,2.0,65.0
South Dakota,46073,Jerauld County,708,276,999,432.0,0.7087087087087087,0.2762762762762762,0.4324324324324324,1037.9,934.6,1725.3,1547.1,663.6,766.6,829.1,7504.5,12454.8,11215.42506,20704.6894,18565.340799999998,7964.0024,9198.85598,9949.73424,90052.8499,93750.0,66.0,25.0,42.0,28.0
South Dakota,46075,Jones County,477,60,550,417.0,0.8672727272727273,0.109090909090909,0.7581818181818182,1037.9,949.3,1739.4,1687.4,668.7,766.6,878.4,7727.5,12454.8,11390.66574,20872.1459,20248.3831,8022.963400000001,9198.85598,10541.159790000002,92728.97390000001,85833.0,66.0,8.0,21.0,41.0
South Dakota,46077,Kingsbury County,1989,760,2801,1229.0,0.7101035344519815,0.2713316672616923,0.4387718671902892,1000.9,934.6,1775.6,1571.3,651.2,766.6,832.3,7532.5,12010.8,11215.42506,21307.504,18856.6367,7814.61566,9198.85598,9986.67053,90390.5076,94861.0,66.0,16.0,41.0,22.0
South Dakota,46079,Lake County,3819,1978,5906,1841.0,0.6466305452082628,0.3349136471385032,0.3117168980697596,1002.2,934.6,1749.3,1471.5,651.6,734.4,791.0,7334.8,12026.4,11215.42506,20991.519099999998,17659.0878,7819.864350000001,8813.893979999999,9490.84072,88017.0312,95347.0,66.0,59.0,50.0,21.0
South Dakota,46081,Lawrence County,9904,5074,15409,4830.0,0.6427412551106496,0.3292880783957427,0.3134531767149068,1142.8,949.3,1579.2,1687.4,704.0,734.4,864.9,7661.6,13713.6,11390.66574,18951.681099999998,20248.3831,8446.49494,8813.893979999999,10376.30162,91941.0198,88985.0,66.0,18.0,30.0,38.0
South Dakota,46083,Lincoln County,22621,12981,36393,9640.0,0.6215755777209903,0.3566894732503503,0.2648861044706399,1412.4,978.5,1594.5,1204.2,804.4,1230.8,994.2,8218.8,16947.0988,11741.14791,19132.806699999997,14450.28915,9652.34884,14770.305059999999,11931.16418,98625.1617,111030.0,66.0,2.0,58.0,1.0
South Dakota,46085,Lyman County,993,422,1447,571.0,0.686247408431237,0.2916378714581893,0.3946095369730476,929.8,890.7,1742.3,1547.1,612.7,766.6,774.7,7263.8,11157.6,10689.70192,20906.235500000003,18565.340799999998,7350.66807,9198.85598,9296.92475,87165.3275,68750.0,66.0,52.0,10.0,57.0
South Dakota,46087,McCook County,2227,733,3031,1494.0,0.7347410095677994,0.2418343780930386,0.4929066314747608,856.4,954.2,1813.6,1473.9,609.3,841.4,794.4,7342.9,10275.12033,11449.07962,21763.721100000002,17686.90908,7309.249740000001,10098.05178,9532.6582,88114.7882,96852.0,66.0,55.0,51.0,16.0
South Dakota,46089,McPherson County,1087,188,1299,899.0,0.8367975365665897,0.1447267128560431,0.6920708237105466,1002.2,890.7,1748.7,1571.3,636.9,766.6,815.2,7431.8,12026.4,10689.70192,20984.6508,18856.6367,7642.981419999999,9198.85598,9783.27462,89182.5031,77024.0,66.0,44.0,15.0,53.0
South Dakota,46091,Marshall County,1288,782,2109,506.0,0.6107159791370318,0.370791844476055,0.2399241346609767,1006.5,890.7,1804.5,1571.3,638.4,766.6,829.9,7507.8,12078.0,10689.70192,21655.073,18856.6367,7660.34262,9198.85598,9956.95637,90095.56629999999,103542.0,66.0,34.0,60.0,6.0
South Dakota,46093,Meade County,10887,3421,14672,7466.0,0.742025627044711,0.2331652126499454,0.5088604143947655,1247.2,903.1,1627.3,1689.8,723.2,841.4,932.3,7964.6,14966.4,10835.73602,19527.841500000002,20276.204680000003,8681.29788,10098.05178,11188.21112,95573.7416,92367.0,66.0,5.0,27.0,32.0
South Dakota,46095,Mellette County,434,285,740,149.0,0.5864864864864865,0.3851351351351351,0.2013513513513513,968.2,949.3,1715.3,1687.4,645.3,766.6,845.6,7577.5,11618.4,11390.66574,20584.159399999997,20248.3831,7741.55123,9198.85598,10148.899529999999,90930.9163,53090.0,66.0,14.0,7.0,60.0
South Dakota,46097,Miner County,841,293,1167,548.0,0.7206512425021423,0.2510711225364181,0.4695801199657241,971.4,934.6,1776.5,1547.1,641.4,766.6,817.9,7455.1,11656.8,11215.42506,21316.033600000002,18565.340799999998,7695.510090000001,9198.85598,9813.43531,89461.40160000001,102083.0,66.0,30.0,57.0,7.0
South Dakota,46099,Minnehaha County,51842,39923,93986,11919.0,0.5515927904155938,0.4247760304726236,0.1268167599429702,1089.1,954.2,1412.8,1204.2,687.5,1230.8,809.7,7388.3,13069.953749999999,11449.07962,16955.1867,14450.28915,8249.58959,14770.305059999999,9717.47331,88661.8792,99922.0,66.0,47.0,53.0,11.0
South Dakota,46101,Moody County,2068,1052,3189,1016.0,0.6484791470680464,0.3298839761680777,0.3185951708999687,994.6,934.6,1723.2,1471.5,649.1,766.6,793.1,7332.7,11935.2,11215.42506,20678.2821,17659.0878,7789.17957,9198.85598,9516.34589,87992.376,97381.0,66.0,56.0,52.0,14.0
South Dakota,46102,Oglala Lakota County,406,2567,3062,-2161.0,0.1325930764206401,0.8383409536250817,-0.7057478772044415,965.4,949.3,1624.5,1687.4,644.2,766.6,818.2,7455.6,11584.8,11390.66574,19494.3026,20248.3831,7730.24626,9198.85598,9818.92613,89466.1789,34894.0,66.0,27.0,1.0,66.0
South Dakota,46103,Pennington County,35009,20051,56580,14958.0,0.6187522092612231,0.3543831742665252,0.2643690349946978,1269.4,949.3,1427.8,1689.8,746.5,1118.0,990.5,8190.9,15232.8,11390.66574,17131.6749,20276.204680000003,8957.63979,13417.061619999999,11885.225150000002,98291.2715,90248.0,66.0,1.0,18.0,37.0
South Dakota,46105,Perkins County,1342,228,1591,1114.0,0.8434946574481458,0.1433060967944689,0.7001885606536769,996.6,939.7,1726.7,1687.4,651.4,766.6,856.5,7624.5,11959.2,11273.838440000001,20719.2752,20248.3831,7816.9082,9198.85598,10278.118559999999,91494.5811,85662.0,66.0,15.0,24.0,42.0
South Dakota,46107,Potter County,1059,214,1298,845.0,0.8158705701078582,0.1648690292758089,0.6510015408320493,1055.0,890.7,1745.2,1571.3,654.6,766.6,830.6,7514.4,12660.0,10689.70192,20944.2496,18856.6367,7856.160379999999,9198.85598,9966.9725,90172.5763,92829.0,66.0,26.0,39.0,29.0
South Dakota,46109,Roberts County,2514,1560,4149,954.0,0.6059291395516992,0.3759942154736081,0.2299349240780911,988.4,905.5,1694.1,1571.3,637.3,766.6,797.4,7360.7,11860.8,10864.94279,20330.1509,18856.6367,7646.2253,9198.85598,9569.51335,88327.12539999999,79271.0,66.0,49.0,17.0,51.0
South Dakota,46111,Sanborn County,929,259,1212,670.0,0.7665016501650165,0.2136963696369637,0.5528052805280528,1002.2,934.6,1745.5,1547.1,651.8,766.6,823.1,7470.7,12026.4,11215.42506,20945.302300000003,18565.340799999998,7819.86455,9198.85598,9877.49927,89648.68840000001,91528.0,66.0,38.0,38.0,35.0
South Dakota,46115,Spink County,2145,921,3139,1224.0,0.6833386428798981,0.2934055431666135,0.3899330997132845,933.1,890.7,1737.3,1571.3,613.8,766.6,780.9,7293.8,11197.2,10689.70192,20848.695,18856.6367,7363.99176,9198.85598,9370.39364,87525.4746,94521.0,66.0,48.0,45.0,24.0
South Dakota,46117,Stanley County,1260,447,1735,813.0,0.7262247838616714,0.2576368876080692,0.4685878962536022,1150.7,890.7,1678.4,1547.1,686.9,766.6,839.7,7560.2,13808.4,10689.70192,20141.7625,18565.340799999998,8242.54706,9198.85598,10075.11235,90721.7216,108636.0,66.0,24.0,65.0,2.0
South Dakota,46119,Sully County,716,168,901,548.0,0.7946725860155383,0.1864594894561598,0.6082130965593784,1037.9,890.7,1914.8,1547.1,648.9,766.6,864.0,7670.1,12454.8,10689.70192,22977.4164,18565.340799999998,7787.119479999999,9198.85598,10368.71552,92041.95,95673.0,66.0,12.0,43.0,20.0
South Dakota,46121,Todd County,497,1570,2126,-1073.0,0.2337723424270931,0.7384760112888052,-0.5047036688617121,997.7,949.3,1569.2,1687.4,655.2,766.6,817.8,7442.7,11972.4,11390.66574,18830.0216,20248.3831,7860.65689,9198.85598,9812.262050000001,89313.246,39972.0,66.0,37.0,3.0,64.0
South Dakota,46123,Tripp County,2150,470,2654,1680.0,0.8100979653353428,0.1770911831198191,0.6330067822155236,987.4,910.3,1760.4,1547.1,638.4,766.6,810.7,7420.8,11848.8,10923.35663,21123.3839,18565.340799999998,7661.84135,9198.85598,9726.20835,89047.7878,76224.0,66.0,43.0,12.0,56.0
South Dakota,46125,Turner County,3374,1044,4538,2330.0,0.743499338915822,0.2300572939620978,0.5134420449537241,850.3,978.5,1817.7,1473.9,615.3,841.4,802.7,7380.2,10206.61996,11741.14791,21813.5938,17686.90908,7384.47067,10098.05178,9631.32981,88562.1232,88764.0,66.0,51.0,33.0,39.0
South Dakota,46127,Union County,6160,2548,8876,3612.0,0.694006309148265,0.2870662460567823,0.4069400630914827,1138.6,881.1,1582.0,1473.9,679.6,944.8,834.1,7534.0,13664.4574,10572.87434,18983.8714,17686.90908,8154.80941,11335.9137,10009.14264,90407.978,107311.0,66.0,17.0,62.0,3.0
South Dakota,46129,Walworth County,1940,481,2466,1459.0,0.786699107866991,0.1950527169505271,0.5916463909164639,949.3,959.0,1639.6,1571.3,642.1,766.6,785.8,7313.5,11391.6,11507.49323,19675.1305,18856.6367,7704.5501300000005,9198.85598,9428.97986,87763.2468,81821.0,66.0,45.0,20.0,49.0
South Dakota,46135,Yankton County,6650,3883,10832,2767.0,0.6139217134416544,0.3584748892171344,0.2554468242245199,1006.7,910.3,1494.5,1547.1,644.9,734.4,739.1,7077.4,12080.4,10923.35663,17935.4046,18565.340799999998,7739.764630000001,8813.893979999999,8870.85849,84929.0175,97233.0,66.0,65.0,59.0,15.0
South Dakota,46137,Ziebach County,388,366,781,22.0,0.4967989756722151,0.4686299615877081,0.028169014084507,929.8,903.1,1741.6,1687.4,616.7,766.6,818.1,7463.1,11157.6,10835.73602,20900.730600000003,20248.3831,7399.80204,9198.85598,9815.93672,89557.04449999999,46719.0,66.0,20.0,4.0,63.0
Tennessee,47001,Anderson County,24582,11525,36548,13057.0,0.6725949436357667,0.3153387326255882,0.3572562110101784,1126.9,912.7,1492.0,1196.3,686.3,830.8,708.9,6954.1,13525.5964,10952.563259999999,17905.682800000002,14356.19191,8235.83741,9969.23498,8505.8825,83450.9902,83282.0,95.0,22.0,73.0,20.0
Tennessee,47003,Bedford County,15772,4122,20090,11650.0,0.7850671976107516,0.2051767048282727,0.5798904927824788,1085.3,825.1,1513.3,1342.2,642.7,724.8,677.0,6810.6,13023.6,9901.11721,18160.3039,16107.486120000001,7713.17163,8698.155900000002,8123.62429,81727.4594,72660.0,95.0,29.0,46.0,42.0
Tennessee,47005,Benton County,5886,1317,7260,4569.0,0.8107438016528926,0.1814049586776859,0.6293388429752067,899.8,827.6,1503.9,1315.2,581.4,724.8,606.2,6459.1,10797.6,9930.32415,18049.1242,15783.82421,6974.04602,8698.155900000002,7275.619099999999,77508.6933,68196.0,95.0,61.0,37.0,59.0
Tennessee,47007,Bledsoe County,5254,891,6191,4363.0,0.8486512679696333,0.1439185915037958,0.7047326764658375,958.2,871.5,1529.8,1220.9,615.6,724.8,627.3,6548.0,11498.4,10456.04707,18356.777000000002,14651.00729,7386.71768,8698.155900000002,7528.60176,78575.7069,59891.0,95.0,68.0,13.0,86.0
Tennessee,47009,Blount County,50699,17664,69224,33035.0,0.732390500404484,0.2551716167803074,0.4772188836241765,1223.4,924.8,1539.8,1196.3,722.9,830.8,758.8,7196.9,14680.9074,11098.59742,18476.1871,14356.19191,8673.6836,9969.23498,9107.442720000001,86362.2465,90224.0,95.0,13.0,85.0,12.0
Tennessee,47011,Bradley County,38836,9852,49246,28984.0,0.7886122730780165,0.2000568574097388,0.5885554156682776,1218.7,932.1,1428.4,1245.0,723.8,830.8,745.6,7124.7,14627.55127,11186.21814,17142.049099999997,14938.7837,8685.212029999999,9969.23498,8946.77098,85495.8212,79394.0,95.0,15.0,61.0,26.0
Tennessee,47013,Campbell County,13115,2305,15528,10810.0,0.8446032972694487,0.14844152498712,0.6961617722823287,976.9,851.9,1423.0,1196.3,615.4,598.8,556.0,6218.0,11722.8,10222.392530000001,17076.8092,14356.19191,7383.604020000001,7184.65876,6669.766959999999,74616.2233,67252.0,95.0,95.0,49.0,66.0
Tennessee,47015,Cannon County,5682,1132,6881,4550.0,0.8257520709199244,0.1645109722424066,0.6612410986775178,939.5,803.3,1717.3,1417.5,586.2,598.8,654.4,6716.8,11270.38768,9638.25564,20608.6479,17010.22032,7034.8503,7184.65876,7852.8607600000005,80599.8813,73441.0,95.0,42.0,51.0,40.0
Tennessee,47017,Carroll County,9547,2233,11882,7314.0,0.8034842619087695,0.1879313246928126,0.6155529372159569,931.0,807.9,1510.9,1315.2,585.1,724.8,611.3,6486.6,11172.0,9696.66936,18131.0546,15783.82421,7021.4008,8698.155900000002,7334.974859999999,77838.08009999999,73122.0,95.0,70.0,60.0,41.0
Tennessee,47019,Carter County,20167,4454,24852,15713.0,0.8114839851923387,0.1792209882504426,0.632262996941896,952.7,849.4,1399.1,1274.7,606.5,598.8,558.3,6238.7,11432.68497,10193.185529999999,16787.6436,15294.81187,7276.1659199999995,7184.65876,6697.21967,74866.3702,63514.0,95.0,91.0,28.0,77.0
Tennessee,47021,Cheatham County,14987,5464,20741,9523.0,0.7225784677691529,0.2634395641483052,0.4591389036208476,1531.7,861.6,1668.7,1231.5,805.4,830.8,890.2,7819.8,18384.7304,10339.21989,20022.3688,14776.9526,9664.36152,9969.23498,10681.93044,93838.7967,95330.0,95.0,6.0,83.0,8.0
Tennessee,47023,Chester County,6206,1286,7577,4920.0,0.8190576745413752,0.1697241652369011,0.6493335093044741,848.2,881.1,1569.8,1339.4,581.9,598.8,596.5,6415.5,10180.58584,10572.87434,18837.932500000003,16071.600320000001,6982.6378700000005,7184.65876,7156.63293,76986.9228,68614.0,95.0,80.0,48.0,57.0
Tennessee,47025,Claiborne County,11463,1971,13534,9492.0,0.8469779813802276,0.1456332200384217,0.7013447613418059,942.6,866.6,1452.2,1172.3,608.6,724.8,584.5,6352.0,11311.2,10397.6336,17427.322099999998,14068.415600000002,7304.07935,8698.155900000002,7016.135550000001,76222.9423,63456.0,95.0,83.0,22.0,78.0
Tennessee,47027,Clay County,3117,614,3760,2503.0,0.8289893617021277,0.1632978723404255,0.6656914893617021,960.2,871.5,1528.0,1393.5,616.2,724.8,673.2,6767.5,11522.4,10456.04707,18334.4986,16722.44367,7394.792730000001,8698.155900000002,8080.654619999999,81208.99279999999,61757.0,95.0,37.0,11.0,83.0
Tennessee,47029,Cocke County,13105,2415,15663,10690.0,0.8366851816382558,0.1541850220264317,0.6825001596118241,937.4,844.6,1445.3,1172.3,599.6,724.8,575.2,6299.3,11248.8,10134.77191,17343.1605,14068.415600000002,7194.64294,8698.155900000002,6903.16958,75591.1173,54527.0,95.0,85.0,7.0,91.0
Tennessee,47031,Coffee County,19174,5440,24932,13734.0,0.7690518209529922,0.2181934862826889,0.5508583346703033,1030.3,881.1,1483.0,1342.2,643.2,724.8,675.8,6780.8,12363.6,10572.87434,17796.905600000002,16107.486120000001,7717.1273,8698.155900000002,8109.994349999999,81366.1445,70731.0,95.0,40.0,39.0,51.0
Tennessee,47033,Crockett County,4674,1196,5921,3478.0,0.7893936834994089,0.2019929066036142,0.5874007768957946,1033.5,805.6,1560.3,1339.4,618.9,598.8,627.2,6583.3,12402.0,9667.46257,18724.2036,16071.600320000001,7425.415309999999,7184.65876,7524.279210000001,78999.6204,73958.0,95.0,53.0,59.0,38.0
Tennessee,47035,Cumberland County,27399,6996,34642,20403.0,0.7909185381906356,0.2019513884879626,0.588967149702673,993.4,905.5,1456.6,1393.5,638.9,724.8,678.2,6791.0,11920.8,10864.94279,17480.2561,16722.44367,7666.412630000001,8698.155900000002,8138.881509999999,81491.8921,69744.0,95.0,35.0,32.0,54.0
Tennessee,47037,Davidson County,102256,181862,290036,-79606.0,0.3525631300941952,0.6270325063095615,-0.2744693762153663,1785.9,1012.5,1339.5,1231.5,941.5,830.8,953.5,8095.0,21429.6106,12150.04392,16072.558299999999,14776.9526,11298.09513,9969.23498,11442.464759999999,97138.9613,96175.0,95.0,3.0,78.0,6.0
Tennessee,47039,Decatur County,4596,819,5466,3777.0,0.8408342480790341,0.1498353457738748,0.6909989023051593,936.6,820.4,1553.5,1315.2,591.1,698.4,624.4,6539.3,11239.2,9842.70386,18643.5666,15783.82421,7093.14466,8378.22934,7491.78968,78472.4584,62181.0,95.0,60.0,14.0,81.0
Tennessee,47041,DeKalb County,7599,1706,9396,5893.0,0.8087484035759898,0.1815666240953597,0.62718177948063,919.5,810.5,1518.5,1393.5,582.1,724.8,630.2,6579.3,11034.0,9725.87637,18222.1342,16722.44367,6984.79658,8698.155900000002,7563.63866,78951.04579999999,63622.0,95.0,46.0,15.0,75.0
Tennessee,47043,Dickson County,19002,5913,25204,13089.0,0.7539279479447707,0.2346056181558482,0.5193223297889225,1168.9,861.6,1661.1,1366.3,683.0,598.8,726.7,7066.6,14026.6541,10339.21989,19935.4266,16395.26212,8198.05815,7184.65876,8719.794839999999,84799.0735,84186.0,95.0,21.0,75.0,17.0
Tennessee,47045,Dyer County,11603,2707,14394,8896.0,0.8060997637904682,0.1880644713074892,0.618035292482979,966.2,847.0,1472.0,1315.2,610.0,724.8,631.8,6567.4,11594.4,10163.978650000001,17665.0276,15783.82421,7320.74924,8698.155900000002,7581.1802800000005,78807.3156,67403.0,95.0,65.0,33.0,65.0
Tennessee,47047,Fayette County,16756,6720,23696,10036.0,0.7071235651586766,0.2835921674544227,0.4235313977042539,1078.4,881.1,1664.1,1191.0,659.5,830.8,723.7,7028.8,12943.55892,10572.87434,19969.3178,14291.45949,7912.258220000001,9969.23498,8684.19708,84342.901,101049.0,95.0,20.0,94.0,4.0
Tennessee,47049,Fentress County,8555,1149,9771,7406.0,0.8755500972264866,0.1175928768805649,0.7579572203459216,912.2,868.9,1539.9,1393.5,599.3,724.8,655.6,6694.2,10946.4,10426.840419999999,18478.288399999998,16722.44367,7191.166899999999,8698.155900000002,7867.796520000001,80331.0929,57083.0,95.0,36.0,4.0,89.0
Tennessee,47051,Franklin County,15016,4529,19728,10487.0,0.7611516626115167,0.2295721816707218,0.5315794809407949,980.2,837.2,1531.5,1220.9,611.5,724.8,620.9,6527.2,11762.4,10047.15166,18379.3113,14651.00729,7337.96661,8698.155900000002,7450.68168,78326.6738,76785.0,95.0,67.0,69.0,32.0
Tennessee,47053,Gibson County,16346,5100,21648,11246.0,0.7550813008130082,0.2355875831485587,0.5194937176644494,967.2,805.6,1471.3,1339.4,596.6,598.8,585.3,6364.0,11606.4,9667.46257,17655.6138,16071.600320000001,7157.73054,7184.65876,7023.89675,76367.3634,71228.0,95.0,87.0,64.0,49.0
Tennessee,47055,Giles County,10394,2974,13487,7420.0,0.7706680507155038,0.2205086379476533,0.5501594127678505,952.2,813.0,1493.5,1342.2,593.9,724.8,622.2,6542.0,11426.4,9755.0828,17923.081400000003,16107.486120000001,7126.64896,8698.155900000002,7465.22659,78502.08249999999,82604.0,95.0,52.0,84.0,22.0
Tennessee,47057,Grainger County,9630,1432,11130,8198.0,0.8652291105121294,0.1286612758310871,0.7365678346810423,977.4,890.7,1531.3,1196.3,628.7,598.8,595.7,6419.1,11728.8,10689.70192,18376.629999999997,14356.19191,7542.85191,7184.65876,7149.598739999999,77028.4326,66264.0,95.0,81.0,35.0,70.0
Tennessee,47059,Greene County,25586,5145,31095,20441.0,0.8228332529345554,0.165460684997588,0.6573725679369674,964.7,900.5,1483.7,1250.5,627.6,861.2,673.1,6761.3,11576.4,10806.5291,17804.468,15007.03516,7530.8832999999995,10331.41476,8077.185190000001,81133.91679999999,71662.0,95.0,39.0,43.0,48.0
Tennessee,47061,Grundy County,5334,948,6328,4386.0,0.8429203539823009,0.1498103666245259,0.6931099873577751,916.9,842.1,1546.5,1220.9,591.8,724.8,602.1,6445.4,11002.8,10105.56494,18557.8595,14651.00729,7102.0479000000005,8698.155900000002,7226.44908,77343.8831,52772.0,95.0,73.0,3.0,93.0
Tennessee,47063,Hamblen County,20154,5132,25501,15022.0,0.7903219481588958,0.2012470099211795,0.5890749382377163,1095.1,844.6,1417.4,1196.3,652.6,598.8,591.7,6396.4,13139.153620000001,10134.77191,17008.6345,14356.19191,7830.66497,7184.65876,7102.72804,76756.80529999999,70052.0,95.0,86.0,56.0,53.0
Tennessee,47065,Hamilton County,97195,74437,174438,22758.0,0.5571893738749585,0.4267246815487451,0.1304646923262133,1426.8,997.9,1402.0,1245.0,815.9,830.8,832.6,7550.8,17120.985399999998,11974.80253,16822.9496,14938.7837,9789.468649999999,9969.23498,9991.40806,90607.6336,95586.0,95.0,9.0,87.0,7.0
Tennessee,47067,Hancock County,2558,334,2908,2224.0,0.8796423658872077,0.1148555708390646,0.7647867950481431,908.2,805.6,1526.0,1250.5,576.8,724.8,588.9,6380.7,10898.4,9667.46257,18311.904199999997,15007.03516,6919.51935,8698.155900000002,7066.043919999999,76568.5208,48165.0,95.0,77.0,2.0,94.0
Tennessee,47069,Hardeman County,5793,3527,9399,2266.0,0.6163421640600064,0.3752526864560059,0.2410894776040004,960.2,798.2,1503.2,1315.2,591.7,724.8,620.6,6514.1,11522.4,9579.84207,18038.120499999997,15783.82421,7099.987790000001,8698.155900000002,7446.483410000001,78168.8133,67892.0,95.0,72.0,38.0,61.0
Tennessee,47071,Hardin County,10293,1704,12094,8589.0,0.8510831817430131,0.140896312220936,0.7101868695220771,931.8,834.8,1499.3,1315.2,594.4,724.8,620.6,6521.1,11181.6,10017.94476,17991.172899999998,15783.82421,7132.72582,8698.155900000002,7447.77316,78253.1954,56576.0,95.0,59.0,6.0,90.0
Tennessee,47073,Hawkins County,22066,3987,26266,18079.0,0.8400974644026498,0.1517931927206274,0.6883042716820224,890.4,859.2,1483.2,1274.7,588.6,598.8,563.3,6258.2,10685.90696,10310.01301,17799.1064,15294.81187,7064.2148,7184.65876,6760.62715,75099.3387,66632.0,95.0,92.0,45.0,69.0
Tennessee,47075,Haywood County,3286,3311,6652,-25.0,0.4939867708959711,0.4977450390859891,-0.003758268190018,932.6,791.0,1475.3,1167.0,580.1,724.8,561.3,6231.9,11191.2,9492.221679999999,17703.3052,14003.683280000001,6959.07289,8698.155900000002,6734.238719999999,74781.8789,60900.0,95.0,93.0,18.0,85.0
Tennessee,47077,Henderson County,10083,1902,12047,8181.0,0.8369718602141613,0.1578816302813978,0.6790902299327634,943.5,820.4,1513.0,1315.2,593.4,724.8,620.3,6530.6,11322.0,9842.70386,18155.8763,15783.82421,7121.003449999999,8698.155900000002,7443.046619999999,78366.6096,71775.0,95.0,58.0,52.0,46.0
Tennessee,47079,Henry County,11629,3286,15076,8343.0,0.7713584505173786,0.217962324223932,0.5533961262934466,934.0,827.6,1478.3,1315.2,592.9,861.2,647.3,6656.2,11208.0,9930.32415,17739.7778,15783.82421,7112.12778,10331.41476,7767.94819,79873.4173,65316.0,95.0,33.0,17.0,72.0
Tennessee,47081,Hickman County,8265,1968,10309,6297.0,0.8017266466194587,0.1909011543311669,0.6108254922882917,977.0,864.2,1546.4,1342.2,619.4,748.2,672.7,6770.2,11724.0,10368.42663,18558.5325,16107.486120000001,7433.14185,8977.2533,8072.68255,81241.52249999999,67158.0,95.0,41.0,23.0,67.0
Tennessee,47083,Houston County,2989,773,3810,2216.0,0.784514435695538,0.2028871391076115,0.5816272965879264,913.7,861.6,1543.8,1342.2,597.4,748.2,646.1,6652.8,10964.4,10339.21989,18525.4682,16107.486120000001,7167.74255,8977.2533,7751.34081,79832.9113,71667.0,95.0,43.0,47.0,47.0
Tennessee,47085,Humphreys County,6400,1767,8264,4633.0,0.7744433688286544,0.2138189738625363,0.560624394966118,965.0,861.6,1576.7,1342.2,614.6,748.2,675.7,6784.0,11580.0,10339.21989,18922.435699999998,16107.486120000001,7374.865240000001,8977.2533,8107.37868,81408.6392,75629.0,95.0,38.0,62.0,34.0
Tennessee,47087,Jackson County,4586,1040,5676,3546.0,0.8079633544749824,0.1832276250880902,0.6247357293868921,891.4,903.1,1538.7,1393.5,603.6,748.2,665.7,6744.2,10696.8,10835.73602,18465.436999999998,16722.44367,7244.76296,8977.2533,7987.451660000001,80929.88470000001,59234.0,95.0,24.0,8.0,88.0
Tennessee,47089,Jefferson County,21068,4503,25815,16565.0,0.8161146620182065,0.1744334689134224,0.6416811931047841,1149.7,898.1,1521.2,1196.3,688.9,598.8,656.6,6709.8,13797.679869999998,10777.322339999999,18254.654199999997,14356.19191,8268.420629999999,7184.65876,7879.39682,80518.3248,77799.0,95.0,54.0,71.0,30.0
Tennessee,47091,Johnson County,6829,1212,8102,5617.0,0.8428783016539126,0.1495926931621821,0.6932856084917305,916.4,912.7,1481.9,1250.5,615.3,748.2,625.4,6550.5,10996.8,10952.563259999999,17783.4816,15007.03516,7385.00726,8977.2533,7503.50987,78605.6522,66747.0,95.0,49.0,25.0,68.0
Tennessee,47093,Knox County,130815,87516,221864,43299.0,0.5896179641582231,0.3944578660801212,0.1951600980781019,1385.4,966.2,1419.7,1196.3,791.2,830.8,799.6,7389.6,16625.211799999997,11595.11371,17036.2702,14356.19191,9494.913700000001,9969.23498,9596.29192,88673.2276,94921.0,95.0,11.0,89.0,9.0
Tennessee,47095,Lake County,1493,429,1939,1064.0,0.7699845281072718,0.2212480660134089,0.5487364620938628,930.0,847.0,1391.4,1315.2,597.9,724.8,595.9,6402.3,11160.0,10163.978650000001,16695.840799999998,15783.82421,7174.59262,8698.155900000002,7150.66786,76827.0599,39522.0,95.0,78.0,1.0,95.0
Tennessee,47097,Lauderdale County,5633,2571,8266,3062.0,0.6814662472780063,0.3110331478345028,0.3704330994435035,927.0,791.0,1454.3,1167.0,578.1,724.8,554.0,6196.2,11124.0,9492.221679999999,17450.3623,14003.683280000001,6936.462880000001,8698.155900000002,6647.41984,74352.3074,59853.0,95.0,94.0,16.0,87.0
Tennessee,47099,Lawrence County,16429,2939,19533,13490.0,0.8410894383863206,0.1504633184866635,0.6906261198996569,936.2,810.5,1511.2,1342.2,587.7,724.8,621.2,6533.7,11234.4,9725.87637,18134.6669,16107.486120000001,7052.22242,8698.155900000002,7453.12782,78405.9343,67842.0,95.0,50.0,30.0,62.0
Tennessee,47101,Lewis County,4852,991,5890,3861.0,0.8237691001697793,0.1682512733446519,0.6555178268251274,911.4,861.6,1521.4,1342.2,596.6,724.8,634.2,6592.3,10936.8,10339.21989,18256.601000000002,16107.486120000001,7158.45631,8698.155900000002,7610.938039999999,79107.6569,70610.0,95.0,48.0,42.0,52.0
Tennessee,47103,Lincoln County,13208,2782,16128,10426.0,0.8189484126984127,0.1724950396825396,0.646453373015873,977.0,817.8,1524.6,1342.2,603.8,724.8,644.1,6634.5,11724.0,9813.49677,18296.819,16107.486120000001,7246.43211,8698.155900000002,7727.708809999999,79614.0982,78186.0,95.0,55.0,72.0,28.0
Tennessee,47105,Loudon County,25226,7625,33209,17601.0,0.7596133578246861,0.2296064319913276,0.5300069258333584,1168.3,890.7,1558.8,1196.3,692.7,830.8,733.0,7070.4,14018.7169,10689.70192,18705.1044,14356.19191,8313.30959,9969.23498,8794.367549999999,84846.6274,93337.0,95.0,16.0,92.0,10.0
Tennessee,47107,McMinn County,19673,4207,24072,15466.0,0.8172565636424061,0.1747673645729478,0.6424891990694582,1026.8,873.7,1449.3,1220.9,639.5,724.8,628.5,6563.6,12321.6,10485.25404,17392.6129,14651.00729,7673.51562,8698.155900000002,7541.7659,78763.9105,71974.0,95.0,57.0,53.0,44.0
Tennessee,47109,McNairy County,9437,1727,11267,7710.0,0.8375787698588799,0.1532794887725215,0.6842992810863584,950.6,788.7,1536.4,1315.2,585.2,724.8,621.9,6522.7,11407.2,9463.01467,18437.5857,15783.82421,7021.9207,8698.155900000002,7460.04945,78271.7511,63921.0,95.0,69.0,20.0,74.0
Tennessee,47111,Macon County,8958,1277,10333,7681.0,0.8669311913287525,0.1235846317623149,0.7433465595664376,1003.1,788.7,1524.1,1417.5,602.7,598.8,621.5,6556.5,12037.2,9463.01467,18289.1711,17010.22032,7233.88818,7184.65876,7459.150530000001,78677.3026,71834.0,95.0,64.0,54.0,45.0
Tennessee,47113,Madison County,23385,16115,39964,7270.0,0.5851516364728255,0.4032379141227104,0.1819137223501151,1278.5,881.1,1394.3,1339.4,726.6,830.8,766.5,7216.8,15342.171330000001,10572.87434,16729.378,16071.600320000001,8719.28736,9969.23498,9197.70378,86602.2522,75841.0,95.0,14.0,44.0,33.0
Tennessee,47115,Marion County,10788,3026,13933,7762.0,0.7742768965764731,0.2171822292399339,0.5570946673365391,1030.1,847.0,1604.9,1245.0,631.8,598.8,628.1,6585.7,12365.97357,10163.978650000001,19256.9771,14938.7837,7580.3503599999995,7184.65876,7539.034299999999,79029.75700000001,67433.0,95.0,56.0,31.0,64.0
Tennessee,47117,Marshall County,12426,3390,15962,9036.0,0.7784738754542038,0.2123794010775592,0.5660944743766445,1081.7,805.6,1530.0,1342.2,635.0,724.8,677.2,6796.8,12980.4,9667.46257,18360.2135,16107.486120000001,7620.0219,8698.155900000002,8126.74823,81560.4884,88053.0,95.0,32.0,90.0,14.0
Tennessee,47119,Maury County,37376,14145,52090,23231.0,0.7175273564983682,0.2715492416970628,0.4459781148013054,1427.7,922.5,1488.9,1366.3,790.6,830.8,866.3,7693.2,17132.4,11069.39069,17868.0178,16395.26212,9488.67739,9969.23498,10395.43158,92318.4142,88563.0,95.0,7.0,65.0,13.0
Tennessee,47121,Meigs County,5085,968,6099,4117.0,0.8337432365961633,0.1587145433677652,0.6750286932283981,956.6,868.9,1499.5,1220.9,614.2,724.8,618.5,6503.4,11479.2,10426.840419999999,17995.2929,14651.00729,7370.43104,8698.155900000002,7420.842999999999,78041.7708,72191.0,95.0,74.0,58.0,43.0
Tennessee,47123,Monroe County,18526,3608,22323,14918.0,0.8299063745912287,0.1616270214576893,0.6682793531335394,932.5,854.3,1480.8,1172.3,601.4,724.8,586.2,6352.1,11190.0,10251.599189999999,17770.7124,14068.415600000002,7214.166739999999,8698.155900000002,7033.658160000001,76226.708,73828.0,95.0,82.0,66.0,39.0
Tennessee,47125,Montgomery County,47795,32736,81755,15059.0,0.5846125619228182,0.4004158767047887,0.1841966852180295,1473.2,919.9,1464.9,1255.6,805.3,830.8,848.7,7598.7,17679.0954,11040.18372,17577.7044,15068.24834,9662.78976,9969.23498,10185.48705,91182.74299999999,86662.0,95.0,10.0,67.0,15.0
Tennessee,47127,Moore County,3060,542,3654,2518.0,0.8374384236453202,0.1483305966064586,0.6891078270388615,954.5,839.6,1662.2,1342.2,603.8,724.8,679.1,6806.6,11454.0,10076.35831,19946.9706,16107.486120000001,7244.030280000001,8698.155900000002,8148.992759999999,81675.9934,83590.0,95.0,23.0,79.0,19.0
Tennessee,47129,Morgan County,7427,1054,8560,6373.0,0.8676401869158878,0.1231308411214953,0.7445093457943925,931.8,859.2,1541.2,1196.3,602.6,598.8,572.2,6301.9,11181.6,10310.01301,18494.1615,14356.19191,7230.994099999999,7184.65876,6865.6796,75623.2992,73988.0,95.0,89.0,70.0,37.0
Tennessee,47131,Obion County,10596,2221,12900,8375.0,0.8213953488372093,0.1721705426356589,0.6492248062015504,927.4,795.9,1462.4,1315.2,579.7,724.8,593.5,6399.1,11128.8,9550.6354,17548.403700000003,15783.82421,6957.73158,8698.155900000002,7122.103260000001,76789.65359999999,67717.0,95.0,79.0,40.0,63.0
Tennessee,47133,Overton County,9042,1931,11069,7111.0,0.8168759598879755,0.17445116993405,0.6424247899539254,920.0,868.9,1560.7,1393.5,601.9,724.8,663.2,6733.2,11040.0,10426.840419999999,18729.3162,16722.44367,7222.65925,8698.155900000002,7957.164879999999,80796.58,68565.0,95.0,31.0,27.0,58.0
Tennessee,47135,Perry County,3139,558,3716,2581.0,0.8447255113024758,0.1501614639397201,0.6945640473627557,939.2,861.6,1554.6,1342.2,605.9,724.8,651.6,6680.1,11270.4,10339.21989,18656.0011,16107.486120000001,7270.69826,8698.155900000002,7820.05414,80162.015,61712.0,95.0,34.0,10.0,84.0
Tennessee,47137,Pickett County,2441,487,2954,1954.0,0.8263371699390657,0.1648612051455653,0.6614759647935003,952.2,871.5,1539.1,1393.5,613.6,724.8,668.8,6763.1,11426.4,10456.04707,18467.4651,16722.44367,7362.49288,8698.155900000002,8024.180009999999,81157.1849,62788.0,95.0,26.0,12.0,80.0
Tennessee,47139,Polk County,7302,1356,8727,5946.0,0.8367136473014781,0.1553798556204881,0.68133379168099,849.2,932.1,1537.0,1245.0,599.4,598.8,581.1,6342.3,10188.951449999999,11186.21814,18444.828100000002,14938.7837,7191.81601,7184.65876,6972.128699999999,76107.3842,77435.0,95.0,84.0,80.0,31.0
Tennessee,47141,Putnam County,25554,8991,34939,16563.0,0.7313889922436246,0.2573342110535505,0.4740547811900741,1096.0,903.1,1412.8,1393.5,672.5,861.2,739.0,7078.1,13152.0,10835.73602,16955.9688,16722.44367,8070.831080000001,10331.41476,8868.718069999999,84937.1126,74175.0,95.0,18.0,41.0,36.0
Tennessee,47143,Rhea County,11974,2312,14444,9662.0,0.82899473829964,0.1600664635834948,0.6689282747161451,931.8,876.1,1483.5,1220.9,608.3,724.8,606.6,6452.2,11181.6,10514.46091,17805.196,14651.00729,7299.78208,8698.155900000002,7276.82945,77427.0313,63537.0,95.0,75.0,21.0,76.0
Tennessee,47145,Roane County,21011,6073,27412,14938.0,0.7664891288486794,0.2215453086239603,0.5449438202247191,1062.5,876.1,1530.2,1196.3,652.4,598.8,619.4,6535.4,12750.0,10514.46091,18361.235999999997,14356.19191,7827.48049,7184.65876,7431.88996,78425.9181,84015.0,95.0,66.0,88.0,18.0
Tennessee,47147,Robertson County,26260,8428,35070,17832.0,0.7487881380096949,0.2403193612774451,0.5084687767322498,1414.1,873.7,1663.7,1255.6,769.7,830.8,855.7,7663.6,16970.5203,10485.25404,19965.8331,15068.24834,9237.67535,9969.23498,10267.08648,91963.8536,90630.0,95.0,8.0,74.0,11.0
Tennessee,47149,Rutherford County,88811,56656,147656,32155.0,0.6014723411171913,0.3837026602373083,0.2177696808798829,1689.7,919.9,1556.8,1231.5,878.0,830.8,942.3,8048.9,20275.1532,11040.18372,18681.619899999998,14776.9526,10536.2509,9969.23498,11308.0379,96587.43539999999,96860.0,95.0,5.0,81.0,5.0
Tennessee,47151,Scott County,8608,942,9605,7666.0,0.8961998958875586,0.09807391983342,0.7981259760541385,957.9,810.5,1469.0,1172.3,595.0,724.8,576.4,6306.0,11494.8,9725.87637,17629.3242,14068.415600000002,7139.83569,8698.155900000002,6916.3732,75672.7806,53423.0,95.0,88.0,5.0,92.0
Tennessee,47153,Sequatchie County,6522,1292,7890,5230.0,0.8266159695817491,0.1637515842839036,0.6628643852978454,1032.9,997.9,1603.1,1245.0,683.3,598.8,682.1,6842.9,12395.41667,11974.80253,19235.8932,14938.7837,8199.52007,7184.65876,8185.43416,82114.50970000001,62179.0,95.0,27.0,9.0,82.0
Tennessee,47155,Sevier County,35207,8322,43970,26885.0,0.800705026154196,0.189265408232886,0.61143961792131,1167.0,959.0,1489.9,1172.3,715.2,861.2,742.5,7106.9,14004.0,11507.49323,17879.595500000003,14068.415600000002,8583.50919,10331.41476,8909.031299999999,85283.45989999999,77896.0,95.0,17.0,55.0,29.0
Tennessee,47157,Shelby County,118917,201759,326497,-82842.0,0.3642208044790611,0.6179505477845125,-0.2537297433054514,1429.3,934.6,1349.7,1169.4,795.2,830.8,778.2,7286.9,17150.581899999997,11215.42506,16193.6288,14032.529999999999,9543.92906,9969.23498,9338.69069,87444.0199,80849.0,95.0,12.0,63.0,25.0
Tennessee,47159,Smith County,7655,1595,9336,6060.0,0.8199443016281063,0.1708440445586975,0.6491002570694088,977.8,783.8,1582.1,1417.5,592.6,598.8,630.0,6582.8,11733.6,9404.600900000001,18986.0309,17010.22032,7112.086260000001,7184.65876,7560.055069999999,78991.25080000001,78868.0,95.0,62.0,76.0,27.0
Tennessee,47161,Stewart County,5389,1160,6620,4229.0,0.81404833836858,0.175226586102719,0.638821752265861,1066.5,917.5,1583.9,1366.3,667.6,598.8,696.6,6897.1,12798.0,11010.97696,19007.168899999997,16395.26212,8010.686470000001,7184.65876,8358.037919999999,82764.79000000001,82226.0,95.0,30.0,77.0,23.0
Tennessee,47163,Sullivan County,58154,16624,75541,41530.0,0.7698336002965277,0.2200659244648601,0.5497676758316675,1017.4,893.1,1372.2,1274.7,642.7,830.8,653.8,6684.6,12208.36121,10718.90879,16467.2078,15294.81187,7714.0303,9969.23498,7843.67115,80216.2262,74563.0,95.0,44.0,57.0,35.0
Tennessee,47165,Sumner County,68767,27874,97761,40893.0,0.7034195640388294,0.2851239246734383,0.4182956393653911,1610.5,951.6,1599.5,1255.6,862.0,830.8,943.6,8053.5,19322.727000000003,11419.87276,19193.8819,15068.24834,10343.54917,9969.23498,11324.04639,96641.5608,103326.0,95.0,4.0,91.0,3.0
Tennessee,47167,Tipton County,20303,6178,26733,14125.0,0.7594733101410241,0.2311001384057157,0.5283731717353084,1230.0,876.1,1648.5,1191.0,708.5,598.8,706.3,6959.5,14761.2274,10514.46091,19781.8327,14291.45949,8504.170979999999,7184.65876,8475.57285,83513.3826,84489.0,95.0,25.0,82.0,16.0
Tennessee,47169,Trousdale County,3359,856,4251,2503.0,0.7901670195248177,0.2013643848506233,0.5888026346741944,968.1,786.3,1748.2,1231.5,590.2,598.8,617.1,6539.8,11616.72496,9433.80801,20977.322500000002,14776.9526,7082.58995,7184.65876,7405.62608,78477.6836,82866.0,95.0,71.0,86.0,21.0
Tennessee,47171,Unicoi County,6876,1578,8541,5298.0,0.8050579557428873,0.1847558833860203,0.620302072356867,858.7,927.4,1412.0,1274.7,601.0,598.8,556.5,6228.3,10301.810099999999,11127.8045,16943.9787,15294.81187,7210.134230000001,7184.65876,6677.2789,74740.4764,63258.0,95.0,90.0,26.0,79.0
Tennessee,47173,Union County,7384,1216,8669,6168.0,0.8517706771253893,0.140269927327258,0.7115007497981313,996.5,885.9,1609.3,1196.3,633.5,598.8,620.5,6541.1,11961.699120000001,10631.288219999999,19311.3014,14356.19191,7601.558900000001,7184.65876,7446.82451,78493.5233,71211.0,95.0,63.0,50.0,50.0
Tennessee,47175,Van Buren County,2718,524,3265,2194.0,0.8324655436447167,0.160490045941807,0.6719754977029097,946.0,807.9,1573.7,1393.5,590.2,724.8,655.7,6692.0,11352.0,9696.66936,18883.3417,16722.44367,7081.96276,8698.155900000002,7869.70442,80304.2783,69262.0,95.0,45.0,34.0,55.0
Tennessee,47177,Warren County,13192,3647,17015,9545.0,0.7753158977372906,0.214340287981193,0.5609756097560975,929.8,810.5,1494.7,1393.5,585.6,724.8,627.5,6566.6,11157.6,9725.87637,17936.2271,16722.44367,7026.3825799999995,8698.155900000002,7531.56237,78798.24740000001,64962.0,95.0,47.0,19.0,73.0
Tennessee,47179,Washington County,42299,18131,61234,24168.0,0.6907763660711369,0.2960936734493908,0.394682692621746,1227.8,924.8,1325.6,1274.7,724.3,830.8,723.5,7031.1,14732.362900000002,11098.59742,15907.028400000001,15294.81187,8690.9959,9969.23498,8680.70226,84373.7344,82020.0,95.0,19.0,68.0,24.0
Tennessee,47181,Wayne County,6016,762,6831,5254.0,0.8806909676474893,0.1115502854633289,0.7691406821841604,892.2,810.5,1553.9,1342.2,572.9,724.8,616.6,6513.2,10706.4,9725.87637,18644.2864,16107.486120000001,6874.57334,8698.155900000002,7400.0497700000005,78156.829,68812.0,95.0,51.0,36.0,56.0
Tennessee,47183,Weakley County,10541,2725,13394,7816.0,0.7869941764969389,0.2034493056592504,0.5835448708376885,904.3,791.0,1510.9,1315.2,570.4,724.8,595.5,6412.3,10851.6,9492.221679999999,18130.7892,15783.82421,6844.81223,8698.155900000002,7146.5365600000005,76947.9399,66024.0,95.0,76.0,29.0,71.0
Tennessee,47185,White County,10717,2105,12931,8612.0,0.8287835434227825,0.162787100765602,0.6659964426571805,999.2,803.3,1552.0,1393.5,606.3,724.8,664.0,6743.1,11990.4,9638.25564,18624.9067,16722.44367,7277.10315,8698.155900000002,7968.36932,80919.6363,68157.0,95.0,28.0,24.0,60.0
Tennessee,47187,Williamson County,94562,47695,144668,46867.0,0.6536483534713966,0.3296859015124284,0.3239624519589681,2279.0,1097.7,1569.8,1231.5,1136.2,830.8,1257.4,9401.8,27346.2038,13172.28281,18837.7388,14776.9526,13632.710519999999,9969.23498,15088.0229,112823.14739999999,153397.0,95.0,1.0,95.0,1.0
Tennessee,47189,Wilson County,56425,23855,81254,32570.0,0.6944273512688606,0.2935855465577079,0.4008418047111526,1647.3,981.0,1627.6,1231.5,884.2,830.8,970.9,8173.3,19770.0789,11770.354819999999,19529.9603,14776.9526,10611.98568,9969.23498,11651.86572,98080.4323,109979.0,95.0,2.0,93.0,2.0
Texas,48001,Anderson County,15597,3635,19353,11962.0,0.805921562548442,0.1878261768201312,0.6180953857283108,1109.6,774.0,1518.5,1161.6,633.7,779.4,637.5,6614.3,13315.2,9287.77376,18223.839799999998,13938.95086,7604.918640000001,9351.63042,7651.083349999999,79373.3963,71192.0,254.0,223.0,106.0,169.0
Texas,48003,Andrews County,5205,806,6059,4399.0,0.8590526489519723,0.1330252516916983,0.726027397260274,1451.5,830.0,1606.4,1123.7,767.6,922.8,831.3,7533.3,17418.0,9959.53083,19274.3936,13485.82421,9211.34987,11077.01682,9975.35392,90401.4688,90072.0,254.0,44.0,182.0,56.0
Texas,48005,Angelina County,26049,8146,34419,17903.0,0.7568203608472065,0.2366716057991225,0.5201487550480839,1156.6,813.0,1471.4,1115.5,662.7,790.6,646.6,6656.5,13879.2,9755.0828,17656.6218,13388.72548,7951.90951,9486.06456,7759.463760000001,79877.0671,70020.0,254.0,220.0,97.0,181.0
Texas,48007,Aransas County,10090,2831,13028,7259.0,0.7744857230580289,0.2173011974209395,0.5571845256370893,1315.1,800.7,1485.4,1180.5,711.8,772.2,713.2,6978.6,15781.2,9609.048859999999,17824.202400000002,14165.513879999999,8542.71571,9263.49138,8557.16076,83743.3346,73212.0,254.0,112.0,87.0,156.0
Texas,48009,Archer County,4592,520,5132,4072.0,0.8947778643803586,0.1013250194855806,0.7934528448947779,915.2,847.0,1672.8,1495.7,592.7,849.6,746.8,7119.8,10981.39734,10163.978650000001,20072.6641,17948.839920000002,7114.50064,10195.627620000001,8960.26915,85437.2772,92292.0,254.0,77.0,213.0,49.0
Texas,48011,Armstrong County,1029,77,1109,952.0,0.927862939585212,0.0694319206492335,0.8584310189359784,1144.8,839.6,1732.0,1263.6,667.5,974.4,815.4,7437.6,13735.100590000002,10076.35831,20782.663200000003,15165.347020000001,8011.52132,11693.98902,9786.87748,89251.8569,83938.0,254.0,45.0,137.0,81.0
Texas,48013,Atascosa County,13142,5153,18442,7989.0,0.7126125149116148,0.2794165491812168,0.433195965730398,1200.2,744.7,1590.6,1188.1,654.4,1121.4,780.0,7279.7,14402.4,8937.29177,19085.712399999997,14259.09333,7852.792329999999,13456.7679,9361.77319,87355.83219999999,80391.0,254.0,53.0,114.0,108.0
Texas,48015,Austin County,12457,2816,15379,9641.0,0.8100006502373366,0.1831068339944079,0.6268938162429286,1043.2,776.4,1661.0,1266.5,612.2,1188.2,797.8,7345.2,12518.4,9316.98055,19930.7825,15197.713079999998,7346.657120000001,14258.921400000001,9573.28099,88142.7358,95354.0,254.0,54.0,214.0,34.0
Texas,48017,Bailey County,1395,332,1740,1063.0,0.8017241379310345,0.1908045977011494,0.610919540229885,1011.5,868.9,1688.1,1320.7,632.9,904.4,759.5,7186.0,12138.0,10426.840419999999,20257.5108,15848.55643,7592.08867,10854.444019999999,9114.31052,86231.7503,82917.0,254.0,81.0,160.0,92.0
Texas,48019,Bandera County,10939,2532,13592,8407.0,0.8048116539140671,0.1862860506180106,0.6185256032960564,1187.7,844.6,1652.0,1188.1,683.8,1121.4,830.9,7508.7,14252.67402,10134.77191,19824.1642,14259.09333,8205.31609,13456.7679,9971.44893,90104.236,89507.0,254.0,32.0,169.0,59.0
Texas,48021,Bastrop County,23301,15989,39788,7312.0,0.5856288328139138,0.4018548306021916,0.1837740022117221,1695.6,817.8,1739.5,1164.0,845.8,1309.2,1094.1,8666.0,20348.7474,9813.49677,20873.7102,13967.79718,10148.285249999999,15710.988000000001,13129.944640000002,103992.9712,94804.0,254.0,7.0,120.0,37.0
Texas,48023,Baylor County,1471,184,1670,1287.0,0.8808383233532934,0.1101796407185628,0.7706586826347305,1011.7,847.0,1587.3,1471.5,625.2,790.6,737.8,7071.3,12140.4,10163.978650000001,19046.1508,17661.06374,7504.454459999999,9486.06456,8853.019479999999,84855.1316,61089.0,254.0,94.0,20.0,222.0
Texas,48025,Bee County,6111,2606,8789,3505.0,0.695300944362271,0.2965069973830925,0.3987939469791784,1260.2,769.2,1482.5,1180.5,682.6,772.2,685.0,6832.0,15122.4,9229.36033,17790.6596,14165.513879999999,8193.30938,9263.49138,8221.04191,81985.7776,74774.0,254.0,191.0,127.0,149.0
Texas,48027,Bell County,75161,53973,130557,21188.0,0.5756949072052819,0.4134056389163354,0.1622892682889465,1281.1,774.0,1343.2,1306.9,691.4,882.4,724.5,7004.0,15373.855,9287.77376,16120.051500000001,15683.205890000001,8297.56673,10590.027039999999,8694.39186,84046.8711,79450.0,254.0,133.0,149.0,110.0
Texas,48029,Bexar County,337545,411389,757547,-73844.0,0.4455763140768823,0.5430540943334209,-0.0974777802565385,1535.3,781.4,1347.8,1093.8,779.6,1121.4,825.0,7483.8,18422.794,9375.39417,16172.350400000001,13126.276560000002,9352.88309,13456.7679,9900.464199999999,89806.93179999999,84936.0,254.0,38.0,141.0,75.0
Texas,48031,Blanco County,6447,1973,8518,4474.0,0.7568678093449166,0.2316271425217187,0.5252406668231979,1269.3,706.0,1670.9,1226.2,664.6,1213.8,850.5,7601.5,15231.6,8469.98235,20051.6224,14715.73951,7974.552890000001,14565.181900000001,10207.763770000001,91216.44320000001,97647.0,254.0,28.0,204.0,30.0
Texas,48033,Borden County,370,16,387,354.0,0.9560723514211886,0.041343669250646,0.9147286821705426,1100.1,771.5,1972.7,1123.7,629.6,922.8,784.8,7305.8,13201.2,9258.56683,23670.8115,13485.82421,7556.7357999999995,11077.01682,9419.08863,87669.2447,63750.0,254.0,72.0,24.0,214.0
Texas,48035,Bosque County,7969,1524,9571,6445.0,0.8326193710166127,0.1592310103437467,0.6733883606728659,1009.3,778.8,1544.1,1291.0,601.5,831.0,664.6,6720.6,12111.6,9346.187390000001,18528.6682,15492.52857,7219.613370000001,9973.05444,7974.9944000000005,80646.64820000001,82047.0,254.0,209.0,190.0,96.0
Texas,48037,Bowie County,27122,9282,36629,17840.0,0.7404515547790003,0.2534057713833301,0.4870457833956701,1066.3,807.9,1407.5,1342.0,630.7,805.2,661.0,6720.9,12796.82831,9696.66936,16889.7215,16103.966579999998,7568.08491,9662.34222,7932.18619,80649.8005,72976.0,254.0,187.0,105.0,157.0
Texas,48039,Brazoria County,95867,63976,161950,31891.0,0.591954306884841,0.3950355047854276,0.1969188020994133,1449.0,795.9,1609.8,1166.7,755.4,1188.2,914.0,7878.8,17388.0,9550.6354,19316.924,14000.163639999999,9063.68042,14258.921400000001,10968.06519,94546.3891,109768.0,254.0,23.0,233.0,17.0
Texas,48041,Brazos County,56671,33844,91847,22827.0,0.6170152536283167,0.3684823674153755,0.2485328862129411,1321.6,800.7,1333.0,1247.7,714.0,1011.2,764.5,7192.2,15856.166099999999,9609.048859999999,15994.402100000001,14971.14976,8567.938680000001,12134.68436,9173.19324,86306.5831,86562.0,254.0,90.0,187.0,65.0
Texas,48043,Brewster County,2545,1969,4576,576.0,0.5561625874125874,0.4302884615384615,0.1258741258741258,1115.8,781.4,1419.9,1207.4,638.3,761.0,623.8,6547.5,13389.6,9375.39417,17038.5468,14489.17599,7659.4315799999995,9133.508559999998,7483.43919,78569.0966,69295.0,254.0,228.0,94.0,185.0
Texas,48045,Briscoe County,666,72,744,594.0,0.8951612903225806,0.0967741935483871,0.7983870967741935,1015.4,788.7,1695.8,1239.7,607.1,915.4,719.6,6981.1,12184.8,9463.01467,20348.346100000002,14877.570319999999,7283.54921,10984.425959999999,8633.920470000001,83775.6274,63125.0,254.0,141.0,32.0,216.0
Texas,48047,Brooks County,1077,1308,2402,-231.0,0.448376353039134,0.5445462114904246,-0.0961698584512905,1015.4,778.8,1508.7,1024.0,603.6,941.4,617.4,6489.1,12184.8,9346.187390000001,18103.102600000002,12288.27478,7244.24199,11295.138579999999,7408.4094700000005,77870.15400000001,40523.0,254.0,243.0,4.0,250.0
Texas,48049,Brown County,14593,2132,16853,12461.0,0.8658992464249688,0.1265056666468877,0.7393935797780811,1133.1,834.8,1497.3,1374.6,662.2,768.4,717.8,6988.4,13597.2,10017.94476,17969.3812,16495.88014,7945.470169999999,9221.647579999999,8612.15679,83859.68149999999,70993.0,254.0,116.0,75.0,173.0
Texas,48051,Burleson County,7590,1705,9365,5885.0,0.810464495461826,0.182060864922584,0.6284036305392419,1035.3,800.7,1648.1,1247.7,617.9,1011.2,745.9,7106.7,12425.21952,9609.048859999999,19776.7241,14971.14976,7413.5742,12134.68436,8951.37531,85281.7769,87949.0,254.0,91.0,195.0,62.0
Texas,48053,Burnet County,21795,6114,28147,15681.0,0.7743276370483533,0.2172167548939496,0.5571108821544036,1273.2,822.7,1589.0,1140.0,705.3,1213.8,855.1,7598.8,15278.4,9871.91054,19068.239299999997,13680.02138,8461.987,14565.181900000001,10260.372220000001,91186.1104,92976.0,254.0,34.0,191.0,44.0
Texas,48055,Caldwell County,8880,6618,15686,2262.0,0.5661099069233712,0.4219048833354584,0.1442050235879127,1446.9,805.6,1663.6,1164.0,757.7,1309.2,968.5,8115.5,17361.6371,9667.46257,19963.0372,13967.79718,9094.11776,15710.988000000001,11621.146929999999,97386.189,80398.0,254.0,15.0,58.0,107.0
Texas,48057,Calhoun County,5939,1853,7832,4086.0,0.7582992849846782,0.2365934627170582,0.5217058222676201,1017.9,756.9,1630.8,1293.7,597.2,772.2,665.7,6734.2,12214.8,9083.326,19568.5222,15524.89453,7165.893979999999,9263.49138,7988.499309999999,80809.4278,84763.0,254.0,198.0,203.0,79.0
Texas,48059,Callahan County,6180,761,6985,5419.0,0.8847530422333572,0.1089477451682176,0.7758052970651396,981.3,825.1,1638.2,1398.5,607.6,816.6,718.1,6985.1,11773.740179999999,9901.11721,19656.913500000002,16783.65665,7292.64797,9796.77638,8616.14734,83821.0002,75941.0,254.0,105.0,102.0,133.0
Texas,48061,Cameron County,60991,54258,116122,6733.0,0.5252320834983897,0.4672499612476533,0.0579821222507363,1036.1,752.1,1380.9,940.1,601.6,1025.8,581.8,6318.6,12433.2,9024.91224,16570.6593,11281.403349999999,7219.72264,12310.96232,6981.167079999999,75822.0261,58672.0,254.0,247.0,40.0,230.0
Texas,48063,Camp County,4011,1201,5242,2810.0,0.7651659671880962,0.2291110263258298,0.5360549408622663,1011.2,766.7,1602.0,1334.2,598.3,779.4,672.6,6764.0,12134.4,9200.15311,19221.71,16010.38744,7178.15043,9351.63042,8071.0285,81167.4617,64505.0,254.0,201.0,49.0,207.0
Texas,48065,Carson County,2866,290,3172,2576.0,0.903530895334174,0.0914249684741488,0.8121059268600253,1057.3,832.3,1783.0,1263.6,635.7,974.4,795.1,7341.8,12687.96866,9988.73777,21395.8114,15165.347020000001,7629.726639999999,11693.98902,9541.31287,88102.89420000001,113929.0,254.0,57.0,246.0,15.0
Texas,48067,Cass County,11693,2406,14140,9287.0,0.826944837340877,0.1701555869872701,0.6567892503536068,978.9,788.7,1592.4,1318.0,594.8,757.0,654.9,6684.8,11746.8,9463.01467,19108.7321,15816.19057,7136.181200000001,9087.21342,7858.41443,80216.54620000001,65857.0,254.0,208.0,57.0,201.0
Texas,48069,Castro County,1594,418,2021,1176.0,0.7887184562097971,0.2068283028203859,0.5818901533894112,993.5,788.7,1716.8,1239.7,599.7,915.4,713.6,6967.3,11922.0,9463.01467,20602.6977,14877.570319999999,7195.128350000001,10984.425959999999,8563.79059,83608.6297,64795.0,254.0,139.0,42.0,206.0
Texas,48071,Chambers County,20567,4192,24971,16375.0,0.8236354170838173,0.167874734692243,0.6557606823915743,1654.7,764.3,1680.2,1266.5,813.8,1188.2,1031.0,8398.3,19853.686599999997,9170.9465,20163.0376,15197.713079999998,9765.52791,14258.921400000001,12370.598849999998,100780.4319,121384.0,254.0,13.0,241.0,10.0
Texas,48073,Cherokee County,16593,3744,20502,12849.0,0.8093356745683348,0.1826163301141352,0.6267193444541996,1068.8,774.0,1571.5,1161.6,620.0,779.4,643.3,6618.6,12825.6,9287.77376,18859.1913,13938.95086,7440.18962,9351.63042,7718.52402,79421.8601,66120.0,254.0,232.0,71.0,200.0
Texas,48075,Childress County,1991,263,2272,1728.0,0.8763204225352113,0.1157570422535211,0.7605633802816901,1100.4,805.6,1442.1,1239.7,641.2,915.4,684.3,6829.2,13204.8,9667.46257,17307.538,14877.570319999999,7695.52284,10984.425959999999,8212.16482,81949.48449999999,78828.0,254.0,143.0,144.0,117.0
Texas,48077,Clay County,5288,584,5906,4704.0,0.8953606501862512,0.0988824923806298,0.7964781578056214,985.7,847.0,1664.0,1495.7,616.7,849.6,769.8,7228.1,11827.22319,10163.978650000001,19965.432699999998,17948.839920000002,7399.084169999999,10195.627620000001,9238.68921,86738.87580000001,93254.0,254.0,69.0,212.0,43.0
Texas,48079,Cochran County,735,148,893,587.0,0.8230683090705487,0.1657334826427771,0.6573348264277716,943.8,793.4,1684.7,1320.7,584.5,904.4,706.1,6937.9,11325.6,9521.4285,20217.3815,15848.55643,7014.11939,10854.444019999999,8473.59401,83255.12269999999,53828.0,254.0,115.0,10.0,242.0
Texas,48081,Coke County,1623,179,1814,1444.0,0.8947078280044102,0.0986769570011025,0.7960308710033076,976.5,786.3,1607.7,1339.5,593.1,691.2,645.1,6639.3,11718.0,9433.80801,19292.2347,16075.11996,7116.664500000001,8293.96316,7741.79535,79671.5852,71208.0,254.0,203.0,98.0,167.0
Texas,48083,Coleman County,3712,428,4155,3284.0,0.89338146811071,0.1030084235860409,0.790373044524669,1146.2,834.8,1570.7,1374.6,666.4,768.4,738.4,7100.0,13754.4,10017.94476,18849.5501,16495.88014,7998.36115,9221.647579999999,8861.84166,85199.6255,64351.0,254.0,89.0,30.0,210.0
Texas,48085,Collin County,279534,222115,515167,57419.0,0.5426085133558632,0.4311514518593,0.1114570614965632,2173.9,917.5,1448.4,1134.3,1040.0,1220.6,1202.4,9137.6,26088.5508,11010.97696,17380.9265,13611.769409999999,12482.37956,14648.8695,14429.61212,109653.08399999999,140955.0,254.0,4.0,249.0,1.0
Texas,48087,Collingsworth County,1066,135,1201,931.0,0.88759367194005,0.11240632805995,0.7751873438801,980.2,805.6,1578.3,1239.7,600.9,915.4,679.0,6799.3,11762.4,9667.46257,18939.7875,14877.570319999999,7210.21781,10984.425959999999,8149.5364,81591.4012,64948.0,254.0,178.0,44.0,204.0
Texas,48089,Colorado County,7824,2108,9994,5716.0,0.7828697218330999,0.2109265559335601,0.5719431658995398,1074.2,744.7,1628.8,1242.4,612.1,1092.4,752.7,7147.6,12890.4,8937.29177,19546.3544,14909.93678,7344.0700400000005,13108.6642,9032.443,85769.1613,90342.0,254.0,67.0,196.0,55.0
Texas,48091,Comal County,74756,27680,103465,47076.0,0.722524525201759,0.2675300826366404,0.4549944425651186,1737.8,837.2,1521.4,1093.8,866.5,1121.4,974.1,8151.8,20850.6048,10047.15166,18257.0181,13126.276560000002,10395.75288,13456.7679,11687.918249999999,97821.4905,118240.0,254.0,17.0,239.0,11.0
Texas,48093,Comanche County,5679,834,6544,4845.0,0.8678178484107579,0.1274449877750611,0.7403728606356967,1100.1,737.4,1611.7,1374.6,618.2,768.4,701.0,6911.8,13201.2,8849.67121,19339.870300000002,16495.88014,7419.16014,9221.647579999999,8411.74342,82939.1738,82016.0,254.0,162.0,175.0,97.0
Texas,48095,Concho County,1038,153,1198,885.0,0.8664440734557596,0.1277128547579298,0.7387312186978297,1237.8,786.3,1662.0,1409.7,680.9,691.2,765.3,7233.1,14853.6,9433.80801,19944.1411,16916.64054,8171.65766,8293.96316,9184.5604,86798.3706,72391.0,254.0,70.0,62.0,159.0
Texas,48097,Cooke County,16975,3310,20432,13665.0,0.8308046202036022,0.1620007830853563,0.6688038371182459,1266.8,830.0,1580.8,1339.5,705.5,849.4,798.1,7369.9,15201.6,9959.53083,18968.7627,16075.11996,8465.627680000001,10191.1762,9575.97638,88437.7937,91182.0,254.0,52.0,194.0,53.0
Texas,48099,Coryell County,16688,6959,23911,9729.0,0.6979214587428381,0.2910375977583539,0.4068838609844841,1228.4,769.2,1431.0,1306.9,672.0,882.4,727.3,7017.8,14742.0529,9229.36033,17173.9934,15683.205890000001,8065.33893,10590.027039999999,8729.10483,84213.0835,78730.0,254.0,121.0,136.0,118.0
Texas,48101,Cottle County,565,89,657,476.0,0.8599695585996956,0.1354642313546423,0.7245053272450532,1100.1,805.6,1454.5,1393.5,641.2,790.6,696.2,6881.8,13201.2,9667.46257,17453.6839,16722.44367,7694.31149,9486.06456,8355.26064,82580.4274,77717.0,254.0,163.0,138.0,125.0
Texas,48103,Crane County,1195,186,1387,1009.0,0.8615717375630858,0.1341023792357606,0.7274693583273252,1123.1,781.4,1612.1,1123.7,640.8,922.8,697.3,6901.4,13477.2,9375.39417,19344.5507,13485.82421,7688.90512,11077.01682,8366.87064,82815.7616,75192.0,254.0,136.0,107.0,144.0
Texas,48105,Crockett County,1087,323,1417,764.0,0.7671136203246295,0.2279463655610444,0.5391672547635851,980.2,786.3,1649.7,1409.7,594.4,691.2,673.7,6784.9,11762.4,9433.80801,19797.0756,16916.64054,7131.60313,8293.96316,8084.258680000001,81419.75,107576.0,254.0,176.0,250.0,18.0
Texas,48107,Crosby County,1416,451,1880,965.0,0.7531914893617021,0.2398936170212766,0.5132978723404256,697.7,854.3,1650.8,1344.5,522.1,963.0,659.9,6693.2,8375.62261,10251.599189999999,19811.1665,16136.33284,6267.2509,11559.55516,7918.53085,80320.0569,68068.0,254.0,169.0,63.0,190.0
Texas,48109,Culberson County,451,319,781,132.0,0.5774647887323944,0.4084507042253521,0.1690140845070422,1100.1,805.6,1825.3,1207.4,641.2,761.0,732.3,7073.2,13201.2,9667.46257,21902.8516,14489.17599,7694.31149,9133.508559999998,8788.6474,84877.1574,61029.0,254.0,127.0,23.0,223.0
Texas,48111,Dallam County,1285,152,1447,1133.0,0.8880442294402211,0.1050449205252246,0.7829993089149965,1023.1,759.3,1614.2,1239.7,599.7,915.4,688.3,6840.0,12277.2,9112.53284,19371.875,14877.570319999999,7196.715789999999,10984.425959999999,8258.93814,82079.2599,82306.0,254.0,182.0,185.0,94.0
Texas,48113,Dallas County,322569,511118,848948,-188549.0,0.3799632015152872,0.6020604324410918,-0.2220972309258045,1782.1,842.1,1331.3,1134.3,882.9,1247.0,986.8,8206.8,21386.206299999998,10105.56494,15974.744400000001,13611.769409999999,10595.61303,14964.0334,11841.801640000001,98479.7331,85452.0,254.0,16.0,92.0,71.0
Texas,48115,Dawson County,2810,667,3511,2143.0,0.8003417829678154,0.1899743662774138,0.6103674166904016,967.1,830.0,1445.6,1123.7,604.6,922.8,621.0,6515.3,11605.2,9959.53083,17347.5996,13485.82421,7255.59512,11077.01682,7453.01978,78183.7855,67958.0,254.0,225.0,84.0,192.0
Texas,48117,Deaf Smith County,3233,1019,4286,2214.0,0.7543163789080728,0.2377508166122258,0.5165655622958469,1090.1,871.5,1505.4,1239.7,660.0,915.4,720.3,7002.2,13081.2,10456.04707,18063.2481,14877.570319999999,7919.26124,10984.425959999999,8642.68668,84024.4397,56354.0,254.0,99.0,14.0,237.0
Texas,48119,Delta County,2250,397,2658,1853.0,0.8465011286681715,0.1493604213694507,0.6971407072987208,996.8,783.8,1572.0,1334.2,599.0,757.0,657.8,6700.9,11961.6,9404.600900000001,18863.8957,16010.38744,7188.798519999999,9087.21342,7894.85797,80411.3552,84856.0,254.0,212.0,209.0,76.0
Texas,48121,Denton County,250521,191503,448729,59018.0,0.5582901929672475,0.4267676036093054,0.1315225893579421,1992.0,905.5,1491.1,1285.5,975.0,1210.6,1179.1,9038.2,23904.7997,10864.94279,17892.8359,15424.27641,11698.50771,14523.3383,14148.72482,108457.42520000001,132005.0,254.0,5.0,242.0,5.0
Texas,48123,DeWitt County,6515,1270,7824,5245.0,0.8326942740286298,0.162321063394683,0.6703732106339468,1164.4,739.8,1658.8,1293.7,640.6,772.2,714.4,6983.8,13972.8,8878.87802,19905.336199999998,15524.89453,7688.59706,9263.49138,8572.43752,83806.4336,71219.0,254.0,109.0,74.0,166.0
Texas,48125,Dickens County,844,146,993,698.0,0.8499496475327291,0.1470292044310171,0.702920443101712,980.2,854.3,1671.1,1320.7,617.1,904.4,740.3,7088.5,11762.4,10251.599189999999,20053.141200000002,15848.55643,7406.754489999999,10854.444019999999,8883.574270000001,85060.4708,68194.0,254.0,92.0,47.0,189.0
Texas,48127,Dimmit County,1653,1765,3427,-112.0,0.4823460752845054,0.5150277210388094,-0.032681645754304,1023.1,664.4,1480.0,1164.2,567.8,838.2,579.9,6317.9,12277.2,7973.46624,17760.2638,13971.316920000001,6813.4694,10056.742040000001,6960.81544,75813.27369999999,35246.0,254.0,253.0,1.0,252.0
Texas,48129,Donley County,1512,174,1712,1338.0,0.883177570093458,0.1016355140186915,0.7815420560747663,996.5,832.3,1576.0,1239.7,615.4,915.4,696.6,6872.4,11958.0,9988.73777,18913.3116,14877.570319999999,7384.12389,10984.425959999999,8360.77378,82466.9443,78091.0,254.0,167.0,143.0,123.0
Texas,48131,Duval County,2439,2003,4461,436.0,0.5467383994620041,0.4490024658148397,0.0977359336471643,1015.4,774.0,1574.1,1350.2,602.1,941.4,718.2,6975.5,12184.8,9287.77376,18888.6087,16204.5845,7224.588379999999,11295.138579999999,8619.56135,83705.05549999999,63165.0,254.0,138.0,31.0,215.0
Texas,48133,Eastland County,7397,918,8363,6479.0,0.8844912112878154,0.1097692215712065,0.7747219897166089,1022.6,737.4,1554.0,1374.6,592.0,768.4,660.6,6709.9,12271.2,8849.67121,18648.0807,16495.88014,7106.25563,9221.647579999999,7927.04696,80519.7834,68329.0,254.0,216.0,83.0,188.0
Texas,48135,Ector County,32429,9881,42615,22548.0,0.7609761820955063,0.2318667135984981,0.5291094684970081,1533.5,781.4,1448.7,1147.7,778.9,1000.6,829.6,7520.0,18402.0,9375.39417,17384.519900000003,13773.600320000001,9345.88673,12004.701640000001,9953.168090000001,90239.271,83095.0,254.0,35.0,125.0,88.0
Texas,48137,Edwards County,869,133,1005,736.0,0.8646766169154229,0.1323383084577114,0.7323383084577114,1100.1,688.9,1678.2,1164.2,601.9,838.2,665.4,6736.7,13201.2,8265.53435,20138.885700000003,13971.316920000001,7222.623570000001,10056.742040000001,7985.0234,80841.3266,49464.0,254.0,186.0,8.0,246.0
Texas,48139,Ellis County,64763,33850,99485,30913.0,0.6509825601849525,0.3402522993416093,0.3107302608433432,1757.9,781.4,1639.2,1172.1,854.2,1210.6,1043.5,8458.8,21095.0392,9375.39417,19670.7612,14064.89626,10251.97702,14523.3383,12522.68571,101504.0924,106294.0,254.0,12.0,210.0,23.0
Texas,48141,El Paso County,105124,143156,251371,-38032.0,0.4182025770673626,0.5695008572985746,-0.151298280231212,1276.0,805.6,1316.4,1075.0,700.5,812.6,645.5,6631.6,15312.0,9667.46257,15797.761499999999,12899.71313,8404.50387,9750.48116,7745.15564,79577.0785,65744.0,254.0,236.0,70.0,202.0
Texas,48143,Erath County,15349,2871,18350,12478.0,0.8364577656675749,0.1564577656675749,0.6799999999999999,1213.6,737.4,1541.6,1261.3,656.3,1110.8,790.7,7312.2,14563.2,8849.67121,18498.4918,15136.5,7877.414040000001,13331.237299999999,9489.50716,87746.0192,85301.0,254.0,73.0,167.0,73.0
Texas,48145,Falls County,4520,1713,6276,2807.0,0.7202039515615042,0.2729445506692161,0.4472594008922881,1008.4,774.0,1544.3,1315.1,599.7,886.4,683.8,6811.8,12100.8,9287.77376,18532.0584,15780.304769999999,7196.326029999999,10636.32218,8206.44779,81740.0328,70846.0,254.0,179.0,88.0,176.0
Texas,48147,Fannin County,13648,2607,16385,11041.0,0.8329569728410131,0.1591089411046689,0.6738480317363442,1112.1,803.3,1539.4,1339.5,644.4,849.4,726.7,7014.6,13345.2,9638.25564,18473.7634,16075.11996,7732.934510000001,10191.1762,8718.99167,84175.44029999999,83681.0,254.0,114.0,176.0,84.0
Texas,48149,Fayette County,10699,2515,13327,8184.0,0.8028063330081788,0.1887146394537405,0.6140916935544383,1134.3,793.4,1674.2,1140.0,648.6,1213.8,814.4,7418.8,13611.6,9521.4285,20088.551199999998,13680.02138,7783.258959999999,14565.181900000001,9774.32262,89024.3652,94478.0,254.0,42.0,206.0,40.0
Texas,48151,Fisher County,1487,330,1829,1157.0,0.8130125751776928,0.1804264625478403,0.6325861126298524,974.9,825.1,1626.2,1374.6,605.4,768.4,692.8,6867.8,11698.8,9901.11721,19514.586,16495.88014,7267.43392,9221.647579999999,8312.96471,82412.4292,75809.0,254.0,164.0,124.0,134.0
Texas,48153,Floyd County,1715,358,2089,1357.0,0.8209669698420297,0.1713738630923887,0.649593106749641,1048.9,788.7,1642.2,1320.7,618.2,904.4,730.8,7054.0,12586.8,9463.01467,19707.7506,15848.55643,7418.804679999999,10854.444019999999,8769.49326,84648.86319999999,61726.0,254.0,88.0,21.0,219.0
Texas,48155,Foard County,448,92,545,356.0,0.8220183486238533,0.1688073394495413,0.653211009174312,1100.1,805.6,1782.1,1471.5,641.2,790.6,802.2,7393.5,13201.2,9667.46257,21385.572,17661.06374,7694.31149,9486.06456,9625.59798,88721.27239999999,50417.0,254.0,59.0,5.0,244.0
Texas,48157,Fort Bend County,173592,179310,362259,-5718.0,0.479193063526372,0.4949773504592018,-0.0157842869328297,1891.7,854.3,1546.8,1166.7,923.8,1188.2,1093.1,8664.6,22700.920000000002,10251.599189999999,18561.7144,14000.163639999999,11087.091400000001,14258.921400000001,13116.2457,103976.65729999999,127048.0,254.0,10.0,244.0,8.0
Texas,48159,Franklin County,4473,813,5310,3660.0,0.8423728813559322,0.1531073446327683,0.6892655367231639,1145.0,766.7,1638.5,1318.0,643.1,757.0,713.9,6982.6,13740.0,9200.15311,19662.198800000002,15816.19057,7718.36504,9087.21342,8567.659459999999,83791.7799,76203.0,254.0,98.0,104.0,132.0
Texas,48161,Freestone County,7500,1499,9045,6001.0,0.8291873963515755,0.1657269209508015,0.6634604754007739,962.7,720.4,1566.4,1291.0,566.5,831.0,628.8,6566.8,11552.4,8645.223320000001,18797.7392,15492.52857,6795.62285,9973.05444,7546.444460000001,78803.012,81037.0,254.0,214.0,188.0,103.0
Texas,48163,Frio County,3060,1848,4933,1212.0,0.6203121832556254,0.3746199067504561,0.2456922765051693,1121.6,761.7,1583.1,1164.2,633.8,1048.0,728.9,7041.2,13459.2,9141.7396,18996.684100000002,13971.316920000001,7604.234350000001,12575.3788,8745.975,84494.527,64438.0,254.0,103.0,35.0,208.0
Texas,48165,Gaines County,5840,538,6416,5302.0,0.9102244389027432,0.0838528678304239,0.8263715710723193,983.5,830.0,1714.3,1123.7,610.1,922.8,693.4,6878.1,11802.0,9959.53083,20571.7631,13485.82421,7321.80972,11077.01682,8320.55072,82538.4968,92458.0,254.0,123.0,222.0,47.0
Texas,48167,Galveston County,100295,56732,158933,43563.0,0.6310520785488225,0.3569554466347454,0.274096631914077,1453.2,813.0,1461.6,1166.7,762.6,1188.2,879.8,7725.5,17442.5147,9755.0828,17538.9055,14000.163639999999,9150.810309999999,14258.921400000001,10559.28023,92705.6787,107271.0,254.0,29.0,236.0,20.0
Texas,48169,Garza County,1374,213,1599,1161.0,0.8592870544090057,0.1332082551594746,0.726078799249531,1015.4,854.3,1618.1,1320.7,629.1,904.4,740.8,7083.0,12184.8,10251.599189999999,19416.6798,15848.55643,7548.8736499999995,10854.444019999999,8889.13446,84994.08859999999,71250.0,254.0,106.0,73.0,165.0
Texas,48171,Gillespie County,13202,3160,16482,10042.0,0.8009950248756219,0.1917243053027545,0.6092707195728674,1413.3,706.0,1624.0,1242.4,713.0,1048.0,852.9,7599.4,16959.6,8469.98235,19487.7821,14909.93678,8555.94974,12575.3788,10234.05812,91192.68789999999,93583.0,254.0,37.0,199.0,41.0
Texas,48173,Glasscock County,623,38,663,585.0,0.9396681749622926,0.057315233785822,0.8823529411764706,1100.1,771.5,2026.2,1123.7,629.6,922.8,796.7,7371.2,13201.2,9258.56683,24313.8515,13485.82421,7556.7357999999995,11077.01682,9563.31782,88456.5126,139205.0,254.0,56.0,252.0,2.0
Texas,48175,Goliad County,3178,778,3984,2400.0,0.7976907630522089,0.1952811244979919,0.6024096385542169,858.2,769.2,1723.7,1317.5,547.5,823.8,655.6,6696.0,10300.18638,9229.36033,20685.7511,15812.67083,6570.844,9884.915420000001,7868.01592,80351.74399999999,88814.0,254.0,175.0,215.0,61.0
Texas,48177,Gonzales County,5981,1729,7755,4252.0,0.771244358478401,0.2229529335912314,0.5482914248871695,1011.6,739.8,1568.5,1164.2,589.2,772.2,608.4,6453.7,12139.2,8878.87802,18822.5078,13971.316920000001,7071.67028,9263.49138,7298.6237200000005,77445.6884,71391.0,254.0,242.0,126.0,163.0
Texas,48179,Gray County,6691,845,7580,5846.0,0.8827176781002638,0.1114775725593667,0.7712401055408971,1059.2,832.3,1480.1,1239.7,636.4,915.4,689.8,6853.2,12710.4,9988.73777,17762.500500000002,14877.570319999999,7637.273730000001,10984.425959999999,8276.96039,82237.8684,67128.0,254.0,118.0,48.0,197.0
Texas,48181,Grayson County,50556,14800,65888,35756.0,0.7673020883924235,0.2246236036911122,0.5426784847013113,1356.2,817.8,1502.2,1363.6,731.5,908.2,830.1,7509.8,16274.4,9813.49677,18026.6085,16362.89626,8777.44408,10900.73876,9961.5538,90117.13759999999,85605.0,254.0,43.0,154.0,70.0
Texas,48183,Gregg County,33026,13294,46699,19732.0,0.7072100044968843,0.2846741900254823,0.422535814471402,1248.7,815.2,1349.7,1101.9,694.6,827.2,658.7,6696.0,14985.6693,9784.28995,16194.819800000001,13223.375089999998,8334.01527,9926.75922,7903.58147,80352.50899999999,77425.0,254.0,229.0,168.0,127.0
Texas,48185,Grimes County,11197,2734,14043,8463.0,0.7973367514063946,0.1946877447838781,0.6026490066225165,1054.7,827.6,1601.5,1223.5,633.3,948.6,722.5,7011.7,12656.4,9930.32415,19218.2913,14683.37325,7599.451429999999,11383.2772,8668.69904,84139.8167,81727.0,254.0,84.0,150.0,100.0
Texas,48187,Guadalupe County,54691,29573,85097,25118.0,0.642690106584251,0.3475210641973277,0.2951690423869232,1712.4,810.5,1564.8,1104.6,849.0,1121.4,969.1,8131.7,20550.6992,9725.87637,18776.351199999997,13255.7413,10186.75224,13456.7679,11628.69593,97580.8822,106352.0,254.0,18.0,220.0,21.0
Texas,48189,Hale County,7283,1903,9278,5380.0,0.7849752101746066,0.2051088596680319,0.5798663505065746,992.7,788.7,1474.5,1320.7,599.4,904.4,670.4,6751.0,11912.4,9463.01467,17696.202100000002,15848.55643,7191.898389999999,10854.444019999999,8045.4863,81012.0022,62107.0,254.0,184.0,37.0,218.0
Texas,48191,Hall County,992,149,1149,843.0,0.8633594429939078,0.1296779808529155,0.7336814621409922,1000.9,832.3,1612.7,1239.7,616.9,915.4,708.3,6926.1,12010.8,9988.73777,19351.5357,14877.570319999999,7401.88882,10984.425959999999,8499.20532,83114.1635,54000.0,254.0,150.0,12.0,240.0
Texas,48193,Hamilton County,3809,625,4464,3184.0,0.8532706093189965,0.1400089605734767,0.7132616487455198,1027.9,737.4,1642.0,1282.9,594.1,827.2,674.0,6785.3,12334.8,8849.67121,19703.9398,15395.429689999999,7127.654240000001,9926.75922,8085.69811,81423.951,77388.0,254.0,152.0,133.0,128.0
Texas,48195,Hansford County,1842,146,1999,1696.0,0.9214607303651826,0.0730365182591295,0.848424212106053,1110.8,747.2,1606.6,1239.7,625.1,915.4,710.4,6955.3,13329.6,8966.4985,19279.836600000002,14877.570319999999,7501.668549999999,10984.425959999999,8523.96141,83463.5635,94765.0,254.0,122.0,228.0,38.0
Texas,48197,Hardeman County,1210,188,1405,1022.0,0.8612099644128114,0.1338078291814946,0.7274021352313167,989.4,805.6,1525.3,1471.5,604.0,790.6,696.9,6883.7,11872.8,9667.46257,18306.1408,17661.06374,7247.36259,9486.06456,8362.698480000001,82603.59229999999,69444.0,254.0,159.0,69.0,183.0
Texas,48199,Hardin County,24691,3347,28157,21344.0,0.8769044997691515,0.1188691977128245,0.758035302056327,1161.0,774.0,1591.3,1139.7,651.0,900.8,704.6,6922.4,13932.952299999999,9287.77376,19096.9061,13676.50179,7812.76572,10808.1484,8453.45459,83068.5031,93519.0,254.0,137.0,226.0,42.0
Texas,48201,Harris County,722695,808771,1556310,-86076.0,0.4643644261104793,0.5196721732816727,-0.0553077471711934,1441.8,817.8,1351.8,1021.1,760.2,1188.2,805.5,7386.3,17301.435699999998,9813.49677,16221.2937,12252.389149999999,9122.99696,14258.921400000001,9664.83819,88635.3731,86227.0,254.0,60.0,165.0,67.0
Texas,48203,Harrison County,22658,7369,30226,15289.0,0.749619532852511,0.2437967312909415,0.5058228015615694,1139.6,793.4,1516.8,1101.9,650.3,827.2,652.2,6681.8,13675.2,9521.4285,18202.1595,13223.375089999998,7804.65784,9926.75922,7827.12222,80180.7017,80735.0,254.0,199.0,179.0,105.0
Texas,48205,Hartley County,1843,163,2016,1680.0,0.914186507936508,0.0808531746031746,0.8333333333333333,1325.6,759.3,1617.8,1239.7,701.8,915.4,796.0,7355.4,15907.2,9112.53284,19414.747,14877.570319999999,8418.05312,10984.425959999999,9550.22319,88264.7528,91146.0,254.0,64.0,200.0,54.0
Texas,48207,Haskell County,1918,313,2246,1605.0,0.8539626001780944,0.1393588601959038,0.7146037399821906,1015.4,825.1,1629.5,1374.6,619.1,768.4,709.9,6942.3,12184.8,9901.11721,19553.1805,16495.88014,7430.95172,9221.647579999999,8518.60012,83306.1782,71182.0,254.0,160.0,85.0,170.0
Texas,48209,Hays County,58438,65528,125688,-7090.0,0.4649449430335434,0.5213544650245051,-0.0564095219909617,1790.4,847.0,1591.0,1164.0,887.3,1309.2,1099.9,8689.0,21485.9736,10163.978650000001,19092.6457,13967.79718,10648.83395,15710.988000000001,13198.644980000001,104268.8634,106301.0,254.0,6.0,193.0,22.0
Texas,48211,Hemphill County,1412,190,1612,1222.0,0.8759305210918115,0.1178660049627791,0.7580645161290323,1149.5,832.3,1714.6,1239.7,666.8,915.4,782.9,7301.7,13794.0,9988.73777,20576.7193,14877.570319999999,8001.85809,10984.425959999999,9394.69416,87618.0063,113816.0,254.0,65.0,247.0,16.0
Texas,48213,Henderson County,31379,6919,38528,24460.0,0.8144466362126246,0.1795836794019933,0.6348629568106312,1103.7,810.5,1503.2,1215.6,644.0,779.4,661.9,6718.4,13244.4,9725.87637,18039.408000000003,14586.27477,7728.50006,9351.63042,7943.040030000001,80619.1297,79355.0,254.0,210.0,172.0,111.0
Texas,48215,Hidalgo County,110760,104517,217194,6243.0,0.5099588386419515,0.4812149506892456,0.0287438879527058,1057.4,749.8,1414.2,969.9,607.8,952.4,583.3,6335.0,12688.8,8995.70527,16972.2847,11637.43155,7295.89408,11429.57242,6999.29125,76018.9788,57989.0,254.0,249.0,36.0,233.0
Texas,48217,Hill County,13669,2919,16703,10750.0,0.8183559839549781,0.1747590253247919,0.6435969586301862,1073.3,778.8,1533.7,1291.0,623.1,831.0,682.1,6813.2,12879.6,9346.187390000001,18403.0516,15492.52857,7478.01207,9973.05444,8186.36843,81758.8022,78513.0,254.0,174.0,155.0,120.0
Texas,48219,Hockley County,6616,1323,7987,5293.0,0.8283460623513209,0.1656441717791411,0.6627018905721798,1023.1,793.4,1547.4,1320.7,611.1,904.4,702.4,6902.7,12277.2,9521.4285,18568.784399999997,15848.55643,7334.291440000001,10854.444019999999,8428.82598,82833.5312,67500.0,254.0,149.0,55.0,194.0
Texas,48221,Hood County,30174,6070,36538,24104.0,0.8258251683179156,0.1661284142536537,0.6596967540642619,1389.7,793.4,1560.5,1261.3,734.5,1110.8,879.1,7729.5,16676.4,9521.4285,18725.611100000002,15136.5,8814.4313,13331.237299999999,10548.78602,92754.39300000001,102329.0,254.0,26.0,218.0,26.0
Texas,48223,Hopkins County,13754,2917,16773,10837.0,0.8200083467477494,0.1739104513205747,0.6460978954271747,1169.9,783.8,1534.5,1318.0,657.3,757.0,706.3,6927.0,14038.8,9404.600900000001,18412.981099999997,15816.19057,7887.68614,9087.21342,8476.50062,83123.9718,78992.0,254.0,172.0,159.0,114.0
Texas,48225,Houston County,7247,2065,9362,5182.0,0.7740867336039308,0.2205725272377697,0.5535142063661611,971.6,742.5,1554.0,1115.5,576.6,790.6,580.4,6331.1,11659.2,8908.084780000001,18647.9309,13388.72548,6919.997969999999,9486.06456,6964.99007,75974.99399999999,73477.0,254.0,245.0,157.0,155.0
Texas,48227,Howard County,7817,1759,9640,6058.0,0.8108921161825726,0.1824688796680497,0.6284232365145228,1240.9,771.5,1510.8,1123.7,677.1,922.8,709.7,6956.9,14890.8,9258.56683,18130.8027,13485.82421,8125.2129,11077.01682,8514.552039999999,83482.7763,86214.0,254.0,111.0,192.0,68.0
Texas,48229,Hudspeth County,759,275,1038,484.0,0.7312138728323699,0.2649325626204239,0.466281310211946,1093.7,805.6,1735.3,1231.5,639.1,812.6,727.3,7044.8,13124.4,9667.46257,20822.0319,14776.9526,7668.471739999999,9750.48116,8727.488730000001,84537.29000000001,55952.0,254.0,101.0,13.0,238.0
Texas,48231,Hunt County,36137,10212,46703,25925.0,0.7737618568400317,0.2186583302999807,0.555103526540051,1436.7,776.4,1599.6,1223.2,744.4,1210.6,920.1,7910.7,17237.078,9316.98055,19194.551,14679.85391,8934.28722,14523.3383,11041.82273,94927.9123,79310.0,254.0,21.0,67.0,112.0
Texas,48233,Hutchinson County,7273,913,8241,6360.0,0.8825385268778061,0.1107875257857056,0.7717510010921005,1119.5,844.6,1576.3,1239.7,660.8,915.4,743.6,7099.7,13434.0,10134.77191,18914.890900000002,14877.570319999999,7929.867990000001,10984.425959999999,8922.05181,85197.57879999999,89844.0,254.0,87.0,202.0,58.0
Texas,48235,Irion County,761,105,868,656.0,0.8767281105990783,0.1209677419354838,0.7557603686635944,1132.7,786.3,1689.7,1433.7,645.8,739.2,759.8,7187.4,13597.11783,9433.80801,20276.9038,17204.41722,7748.9059,8869.09196,9118.263620000002,86248.508,78125.0,254.0,75.0,109.0,121.5
Texas,48237,Jack County,3819,363,4201,3456.0,0.909069269221614,0.0864079980956915,0.8226612711259225,1015.4,766.7,1588.8,1312.6,599.7,790.6,668.7,6742.5,12184.8,9200.15311,19065.720999999998,15751.45825,7195.10785,9486.06456,8024.92669,80908.23079999999,75000.0,254.0,190.0,129.0,147.0
Texas,48239,Jackson County,5386,907,6329,4479.0,0.8510033180597251,0.143308579554432,0.7076947385052931,1123.4,739.8,1715.9,1293.7,626.9,772.2,715.0,6986.6,13480.8,8878.87802,20588.6898,15524.89453,7523.06015,9263.49138,8580.94204,83840.7547,74570.0,254.0,124.0,100.0,151.0
Texas,48241,Jasper County,13162,2615,15839,10547.0,0.8309868047225204,0.1650988067428499,0.6658879979796705,1064.4,783.8,1616.7,1115.5,621.8,790.6,644.1,6636.9,12772.8,9404.600900000001,19399.6519,13388.72548,7461.732000000001,9486.06456,7728.13848,79641.7151,64386.0,254.0,207.0,50.0,209.0
Texas,48243,Jeff Davis County,699,450,1169,249.0,0.5979469632164243,0.3849443969204448,0.2130025662959794,1100.1,781.4,1714.8,1207.4,632.9,761.0,698.3,6895.8,13201.2,9375.39417,20577.370000000003,14489.17599,7596.043210000001,9133.508559999998,8378.338899999999,82751.0311,75375.0,254.0,157.0,117.0,139.0
Texas,48245,Jefferson County,46596,38936,86272,7660.0,0.5401057121661721,0.451316765578635,0.088788946587537,1239.1,781.4,1340.5,1139.7,679.8,900.8,669.3,6750.3,14870.084700000001,9375.39417,16084.9801,13676.50179,8157.55048,10808.1484,8031.82778,81004.4884,75087.0,254.0,181.0,128.0,145.0
Texas,48247,Jim Hogg County,725,856,1585,-131.0,0.4574132492113564,0.5400630914826499,-0.0826498422712934,1015.4,774.0,1656.3,1350.2,602.1,790.6,697.5,6886.2,12184.8,9287.77376,19876.870600000002,16204.5845,7224.588379999999,9486.06456,8369.85433,82634.537,47072.0,254.0,177.0,6.0,247.0
Texas,48249,Jim Wells County,7636,5577,13268,2059.0,0.5755200482363582,0.4203346397347,0.1551854085016581,1046.2,774.0,1503.1,1180.5,612.4,941.4,663.4,6720.9,12554.4,9287.77376,18038.149100000002,14165.513879999999,7348.94275,11295.138579999999,7961.718159999999,80651.6361,60878.0,254.0,205.0,33.0,224.0
Texas,48251,Johnson County,60752,19247,80691,41505.0,0.7528968534285112,0.2385272211275111,0.5143696323010001,1649.0,769.2,1568.1,1110.0,813.6,1210.6,958.4,8078.2,19787.2529,9229.36033,18816.7332,13320.473619999999,9762.82949,14523.3383,11499.44466,96939.43119999999,91560.0,254.0,20.0,152.0,51.0
Texas,48253,Jones County,5988,907,6946,5081.0,0.8620788943276706,0.1305787503599193,0.7315001439677512,1044.8,825.1,1586.2,1398.5,629.2,816.6,727.4,7027.7,12535.49121,9901.11721,19036.3968,16783.65665,7548.944160000001,9796.77638,8731.044689999999,84333.4284,70951.0,254.0,95.0,65.0,174.0
Texas,48255,Karnes County,4001,1051,5075,2950.0,0.7883743842364532,0.2070935960591133,0.58128078817734,1177.7,752.1,1624.6,1258.6,649.3,1048.0,785.0,7295.3,14132.4,9024.91224,19495.6667,15104.13414,7791.42965,12575.3788,9419.1404,87543.0628,71879.0,254.0,61.0,56.0,161.0
Texas,48257,Kaufman County,44063,24726,69366,19337.0,0.6352247498774616,0.356457053888072,0.2787676959893896,1708.1,815.2,1677.8,1223.2,849.2,1210.6,1064.3,8548.2,20498.1469,9784.28995,20132.5443,14679.85391,10188.72445,14523.3383,12772.192420000001,102579.09169999999,98823.0,254.0,11.0,164.0,29.0
Texas,48259,Kendall County,22668,6355,29295,16313.0,0.773783922171019,0.2169312169312169,0.556852705239802,1811.3,849.4,1689.1,1188.1,895.3,1121.4,1088.1,8642.9,21735.6,10193.185529999999,20269.600700000003,14259.09333,10742.64936,13456.7679,13057.7941,103714.69,133906.0,254.0,9.0,248.0,4.0
Texas,48263,Kent County,390,50,445,340.0,0.8764044943820225,0.1123595505617977,0.7640449438202248,1100.1,825.1,1782.1,1374.6,647.6,768.4,777.8,7276.2,13201.2,9901.11721,21387.147,16495.88014,7772.9262499999995,9221.647579999999,9333.219990000001,87313.1392,95167.0,254.0,66.0,217.0,35.0
Texas,48265,Kerr County,21615,6315,28156,15300.0,0.7676871714732206,0.2242861201875266,0.5434010512856939,1266.8,783.8,1413.9,1242.4,689.9,1048.0,769.0,7213.7,15201.6,9404.600900000001,16967.7054,14909.93678,8278.91781,12575.3788,9226.53963,86564.68100000001,84820.0,254.0,79.0,170.0,78.0
Texas,48267,Kimble County,2126,261,2402,1865.0,0.8850957535387177,0.1086594504579517,0.776436303080766,959.5,783.8,1601.2,1409.7,586.7,691.2,652.2,6683.8,11514.0,9404.600900000001,19213.8286,16916.64054,7038.20056,8293.96316,7825.472879999999,80206.7077,92454.0,254.0,197.0,230.0,48.0
Texas,48269,King County,129,6,135,123.0,0.9555555555555556,0.0444444444444444,0.9111111111111112,1100.1,825.1,1825.6,1320.7,647.6,904.4,812.0,7435.8,13201.2,9901.11721,21906.8389,15848.55643,7772.9262499999995,10854.444019999999,9743.65173,89228.73449999999,59250.0,254.0,50.0,15.0,229.0
Texas,48271,Kinney County,1063,346,1419,717.0,0.7491190979563073,0.2438336856941508,0.5052854122621564,1100.1,686.4,1608.8,1164.2,601.0,838.2,646.7,6645.3,13201.2,8236.32774,19305.4634,13971.316920000001,7212.79678,10056.742040000001,7760.58119,79744.4271,72236.0,254.0,219.0,116.0,160.0
Texas,48273,Kleberg County,5612,4338,10010,1274.0,0.5606393606393606,0.4333666333666334,0.1272727272727272,1264.0,778.8,1405.1,1180.5,687.3,941.4,713.8,6970.9,15168.0,9346.187390000001,16861.4519,14165.513879999999,8247.95911,11295.138579999999,8566.10233,83650.353,69837.0,254.0,113.0,64.0,182.0
Texas,48275,Knox County,1156,214,1376,942.0,0.8401162790697675,0.1555232558139535,0.684593023255814,980.2,825.1,1659.8,1393.5,607.4,768.4,707.7,6942.2,11762.4,9901.11721,19916.7506,16722.44367,7288.832550000001,9221.647579999999,8492.00115,83305.1923,62604.0,254.0,142.0,29.0,217.0
Texas,48277,Lamar County,17044,4079,21236,12965.0,0.8025993595780749,0.1920794876624599,0.610519871915615,1010.2,795.9,1451.1,1334.2,607.7,757.0,636.7,6593.1,12122.4,9550.6354,17413.4702,16010.38744,7292.034849999999,9087.21342,7640.74691,79116.88739999999,75060.0,254.0,224.0,146.0,146.0
Texas,48279,Lamb County,3398,729,4151,2669.0,0.8185979282100698,0.175620332450012,0.6429775957600578,991.7,793.4,1635.8,1320.7,600.6,904.4,714.3,6961.2,11900.4,9521.4285,19629.6391,15848.55643,7207.51465,10854.444019999999,8572.02313,83534.0065,71478.0,254.0,131.0,82.0,162.0
Texas,48281,Lampasas County,8961,2232,11296,6729.0,0.7932896600566572,0.1975920679886685,0.5956975920679887,1138.0,744.7,1597.6,1306.9,633.5,882.4,728.9,7032.1,13656.0,8937.29177,19170.9774,15683.205890000001,7601.66115,10590.027039999999,8745.775669999999,84384.9384,94722.0,254.0,102.0,225.0,39.0
Texas,48283,La Salle County,1417,933,2360,484.0,0.6004237288135593,0.3953389830508474,0.2050847457627118,1027.9,769.2,1511.3,1164.2,604.6,838.2,627.6,6542.9,12334.8,9229.36033,18137.0333,13971.316920000001,7255.403110000001,10056.742040000001,7531.479949999999,78516.1362,57598.0,254.0,239.0,26.0,234.0
Texas,48285,Lavaca County,9215,1235,10486,7980.0,0.8787907686439062,0.117776082395575,0.7610146862483311,1111.7,739.8,1601.0,1293.7,622.9,772.2,680.2,6821.4,13340.4,8878.87802,19214.1632,15524.89453,7475.821730000001,9263.49138,8162.113719999999,81859.76180000001,86724.0,254.0,153.0,201.0,63.0
Texas,48287,Lee County,6724,1640,8413,5084.0,0.7992392725543801,0.1949364079400927,0.6043028646142874,1254.9,817.8,1699.6,1140.0,697.5,1213.8,871.0,7694.4,15058.8,9813.49677,20397.4228,13680.02138,8368.447250000001,14565.181900000001,10451.20913,92334.5803,75625.0,254.0,27.0,53.0,137.0
Texas,48289,Leon County,7982,1033,9060,6949.0,0.8810154525386313,0.1140176600441501,0.7669977924944812,997.1,720.4,1667.1,1223.5,578.0,948.6,685.7,6820.3,11965.2,8645.223320000001,20004.4384,14683.37325,6934.5121,11383.2772,8227.65266,81843.6782,75328.0,254.0,147.0,112.0,141.0
Texas,48291,Liberty County,25241,5952,31316,19289.0,0.8060097074977647,0.1900625878145357,0.615947119683229,1109.5,744.7,1617.8,1266.5,623.8,1188.2,796.9,7347.5,13312.74269,8937.29177,19413.5984,15197.713079999998,7486.17013,14258.921400000001,9564.25022,88170.6878,74812.0,254.0,49.0,72.0,148.0
Texas,48293,Limestone County,7081,1921,9069,5160.0,0.7807917080163194,0.2118204873745727,0.5689712206417467,987.4,720.4,1528.9,1291.0,574.7,831.0,628.2,6561.6,11848.8,8645.223320000001,18346.6571,15492.52857,6895.34857,9973.05444,7537.45592,78739.0667,66689.0,254.0,215.0,66.0,198.0
Texas,48295,Lipscomb County,1125,123,1259,1002.0,0.8935663224781573,0.0976965845909452,0.795869737887212,992.9,822.7,1932.2,1239.7,611.0,915.4,779.2,7293.0,11914.8,9871.91054,23187.2828,14877.570319999999,7330.281639999999,10984.425959999999,9350.099680000001,87516.371,85000.0,254.0,55.0,156.0,74.0
Texas,48297,Live Oak County,4307,761,5092,3546.0,0.8458366064414768,0.1494501178318931,0.6963864886095836,1043.1,769.2,1655.9,1180.5,609.6,941.4,703.7,6903.2,12517.2,9229.36033,19869.9877,14165.513879999999,7316.77273,11295.138579999999,8443.882309999999,82837.8568,71066.0,254.0,148.0,81.0,171.0
Texas,48299,Llano County,10902,2613,13622,8289.0,0.800323006900602,0.191822052562032,0.60850095433857,1218.6,666.9,1514.8,1226.2,634.2,1213.8,776.0,7250.8,14623.2,8002.672779999999,18176.6366,14715.73951,7612.623269999999,14565.181900000001,9313.06566,87009.1218,81256.0,254.0,47.0,119.0,102.0
Texas,48303,Lubbock County,86547,37148,124972,49399.0,0.6925311269724418,0.2972505841308453,0.3952805428415964,1242.6,854.3,1330.3,1344.5,705.4,963.0,769.1,7209.8,14910.4481,10251.599189999999,15964.3258,16136.33284,8465.93597,11559.55516,9229.2205,86517.4191,82282.0,254.0,76.0,148.0,95.0
Texas,48305,Lynn County,2175,371,2567,1804.0,0.8472925594078691,0.1445266848461238,0.7027658745617452,1006.7,854.3,1603.7,1344.5,626.1,963.0,756.9,7155.9,12080.4,10251.599189999999,19245.5398,16136.33284,7513.74768,11559.55516,9083.34388,85870.5183,75469.0,254.0,85.0,96.0,138.0
Texas,48307,McCulloch County,3033,455,3513,2578.0,0.8633646456020495,0.1295189296897239,0.7338457159123256,1080.6,834.8,1569.1,1339.5,644.5,691.2,684.2,6844.2,12967.2,10017.94476,18830.8116,16075.11996,7733.50275,8293.96316,8210.34129,82128.8826,75333.0,254.0,168.0,121.0,140.0
Texas,48309,McLennan County,64606,33863,99490,30743.0,0.6493717961604182,0.3403658659161724,0.3090059302442457,1347.8,774.0,1392.9,1123.5,714.0,886.4,710.5,6948.9,16173.6,9287.77376,16714.6881,13482.304769999999,8566.64628,10636.32218,8525.865549999999,83387.2009,83268.0,254.0,130.0,177.0,85.0
Texas,48311,McMullen County,448,37,487,411.0,0.919917864476386,0.0759753593429158,0.8439425051334702,1100.1,744.7,1808.6,1350.2,620.8,941.4,797.7,7363.4,13201.2,8937.29177,21703.9503,16204.5845,7448.64066,11295.138579999999,9570.49438,88361.3011,57188.0,254.0,48.0,11.0,235.0
Texas,48313,Madison County,4498,964,5489,3534.0,0.8194570960102022,0.1756239752231736,0.6438331207870286,1048.3,807.9,1619.9,1223.5,624.6,948.6,721.4,6994.2,12579.6,9696.66936,19438.1953,14683.37325,7494.99702,11383.2772,8654.37075,83930.4836,77742.0,254.0,119.0,131.0,124.0
Texas,48315,Marion County,3577,1101,4714,2476.0,0.7588035638523547,0.2335596096733135,0.5252439541790411,991.6,793.4,1525.5,1078.0,600.5,779.4,587.7,6356.0,11899.2,9521.4285,18306.528100000003,12935.59862,7207.110860000001,9351.63042,7051.0466400000005,76272.5436,60500.0,254.0,250.0,46.0,226.0
Texas,48317,Martin County,1825,247,2083,1578.0,0.8761401824291887,0.1185789726356217,0.757561209793567,1025.5,813.0,1678.5,1147.7,618.6,1000.6,724.2,7007.8,12306.0,9755.0828,20142.3424,13773.600320000001,7422.596179999999,12004.701640000001,8691.6631,84095.98730000001,92696.0,254.0,117.0,223.0,45.0
Texas,48319,Mason County,2076,434,2526,1642.0,0.8218527315914489,0.1718131433095803,0.6500395882818686,1051.9,706.0,1619.6,1409.7,591.6,691.2,663.5,6733.3,12622.8,8469.98235,19436.4606,16916.64054,7096.80499,8293.96316,7961.714749999999,80798.36809999999,84847.0,254.0,211.0,207.0,77.0
Texas,48321,Matagorda County,9957,3231,13308,6726.0,0.7481965734896303,0.2427862939585212,0.5054102795311091,1227.0,756.9,1493.6,1242.4,667.4,1092.4,777.7,7257.5,14724.0,9083.326,17921.974299999998,14909.93678,8010.13091,13108.6642,9330.68395,87088.7164,70918.0,254.0,71.0,54.0,175.0
Texas,48323,Maverick County,9285,6373,15743,2912.0,0.5897859366067458,0.4048148383408499,0.1849710982658959,999.1,664.4,1418.5,1164.2,559.8,838.2,553.5,6197.6,11989.2,7973.46624,17020.935999999998,13971.316920000001,6716.569939999999,10056.742040000001,6642.36636,74370.59760000001,61359.0,254.0,254.0,59.0,220.0
Texas,48325,Medina County,17464,6950,24598,10514.0,0.7099764208472233,0.2825432962029433,0.42743312464428,1230.4,761.7,1655.9,1188.1,670.2,1121.4,818.6,7446.6,14764.8,9141.7396,19870.6039,14259.09333,8043.51202,13456.7679,9824.20226,89360.7188,89969.0,254.0,39.0,180.0,57.0
Texas,48327,Menard County,861,170,1039,691.0,0.8286814244465832,0.163618864292589,0.6650625601539941,1015.4,786.3,1635.6,1409.7,606.1,691.2,685.2,6829.3,12184.8,9433.80801,19626.3434,16916.64054,7273.722380000001,8293.96316,8222.77378,81952.0536,77344.0,254.0,192.0,151.0,130.0
Texas,48329,Midland County,46944,11351,58800,35593.0,0.7983673469387755,0.1930442176870748,0.6053231292517007,1742.0,813.0,1510.2,1147.7,859.7,1000.6,938.8,8011.8,20904.0,9755.0828,18123.7264,13773.600320000001,10315.449550000001,12004.701640000001,11264.84176,96141.4033,114731.0,254.0,25.0,240.0,14.0
Texas,48331,Milam County,8691,2331,11093,6360.0,0.7834670512936086,0.2101325160010817,0.5733345352925269,1004.5,786.3,1547.3,1223.5,602.3,827.2,643.6,6634.7,12054.0,9433.80801,18565.7655,14683.37325,7229.71391,9926.75922,7722.1950799999995,79615.6143,76446.0,254.0,195.0,142.0,131.0
Texas,48333,Mills County,2418,310,2741,2108.0,0.8821597956950018,0.1130974097044874,0.7690623859905144,1015.4,834.8,1643.1,1282.9,622.7,827.2,708.8,6934.8,12184.8,10017.94476,19715.613,15395.429689999999,7470.25919,9926.75922,8506.43739,83217.24220000001,78125.0,254.0,140.0,135.0,121.5
Texas,48335,Mitchell County,2144,352,2513,1792.0,0.8531635495423796,0.1400716275368086,0.713091922005571,1088.7,771.5,1665.9,1374.6,626.0,768.4,724.9,7020.3,13064.4,9258.56683,19993.1609,16495.88014,7510.708680000001,9221.647579999999,8699.817050000001,84244.1807,96949.0,254.0,126.0,234.0,31.0
Texas,48337,Montague County,9825,1208,11097,8617.0,0.8853744255204109,0.1088582499774713,0.7765161755429395,1254.6,815.2,1520.6,1312.6,696.4,790.6,751.1,7141.3,15055.2,9784.28995,18246.064,15751.45825,8357.40928,9486.06456,9014.56151,85695.0468,79182.0,254.0,104.0,134.0,113.0
Texas,48339,Montgomery County,221964,82277,307134,139687.0,0.722694328859716,0.2678863297453229,0.454807999114393,1572.1,844.6,1527.1,1166.7,813.2,1188.2,956.9,8069.2,18866.132,10134.77191,18327.9064,14000.163639999999,9757.54445,14258.921400000001,11483.10607,96828.54579999999,114809.0,254.0,19.0,238.0,13.0
Texas,48341,Moore County,4458,860,5359,3598.0,0.8318716178391491,0.1604777010636312,0.6713939167755179,1110.8,759.3,1556.2,1239.7,629.4,915.4,700.2,6911.1,13329.6,9112.53284,18673.3113,14877.570319999999,7550.8025800000005,10984.425959999999,8403.38568,82931.6286,66430.0,254.0,128.0,45.0,199.0
Texas,48343,Morris County,4092,1312,5433,2780.0,0.7531750414135836,0.2414872078041597,0.5116878336094238,998.9,766.7,1567.8,1318.0,594.1,757.0,649.1,6651.7,11986.8,9200.15311,18812.4217,15816.19057,7128.48944,9087.21342,7788.59299,79819.86189999999,63929.0,254.0,218.0,52.0,212.0
Texas,48345,Motley County,612,35,650,577.0,0.9415384615384615,0.0538461538461538,0.8876923076923077,946.6,788.7,1662.7,1320.7,583.9,904.4,699.9,6907.1,11359.2,9463.01467,19953.1963,15848.55643,7005.77066,10854.444019999999,8399.16936,82883.3506,70156.0,254.0,125.0,68.0,180.0
Texas,48347,Nacogdoches County,17575,7690,25470,9885.0,0.6900274833137024,0.3019238319591676,0.3881036513545348,1152.4,807.9,1469.4,1115.5,659.5,790.6,644.1,6639.8,13828.8,9696.66936,17633.7432,13388.72548,7915.29831,9486.06456,7729.01402,79678.31539999999,67218.0,254.0,222.0,77.0,196.0
Texas,48349,Navarro County,14983,4708,19829,10275.0,0.7556104695143476,0.2374300267285289,0.5181804427858188,1125.2,725.3,1477.9,1148.1,622.7,1110.8,709.6,6919.6,13502.4,8703.63691,17735.3161,13777.11996,7471.366800000001,13331.237299999999,8516.26129,83037.3383,75198.0,254.0,155.0,113.0,143.0
Texas,48351,Newton County,4781,952,5749,3829.0,0.8316228909375544,0.1655940163506696,0.6660288745868848,985.8,783.8,1643.9,1115.5,595.3,790.6,624.5,6539.6,11829.6,9404.600900000001,19726.8993,13388.72548,7144.38612,9486.06456,7493.9655,78474.24279999999,60704.0,254.0,237.0,41.0,225.0
Texas,48353,Nolan County,4048,1020,5114,3028.0,0.79155260070395,0.1994524833789597,0.5921001173249902,1055.9,825.1,1479.6,1374.6,633.0,768.4,684.7,6821.4,12670.8,9901.11721,17755.6144,16495.88014,7594.469749999999,9221.647579999999,8217.468429999999,81856.9975,59552.0,254.0,189.0,25.0,228.0
Texas,48355,Nueces County,67201,53248,121614,13953.0,0.5525761836630652,0.4378443271333892,0.1147318565296759,1458.2,791.0,1340.0,1204.5,756.6,1004.0,795.6,7349.6,17495.9263,9492.221679999999,16080.193599999999,14453.29069,9080.33944,12046.54504,9548.09872,88196.61559999999,78933.0,254.0,62.0,103.0,115.0
Texas,48357,Ochiltree County,2723,269,3008,2454.0,0.905252659574468,0.0894281914893617,0.8158244680851063,1123.4,747.2,1574.2,1239.7,629.5,915.4,705.1,6934.6,13480.8,8966.4985,18891.9506,14877.570319999999,7552.54078,10984.425959999999,8461.896770000001,83215.68370000001,82616.0,254.0,107.0,166.0,93.0
Texas,48359,Oldham County,895,74,974,821.0,0.9188911704312116,0.0759753593429158,0.8429158110882957,1044.8,871.5,1766.5,1263.6,644.6,974.4,795.9,7361.6,12537.6,10456.04707,21197.3658,15165.347020000001,7736.36341,11693.98902,9551.43536,88338.1471,82981.0,254.0,40.0,130.0,91.0
Texas,48361,Orange County,30191,5945,36328,24246.0,0.8310669456066946,0.163647874917419,0.6674190706892755,1169.1,795.9,1532.9,1139.7,661.2,900.8,700.0,6899.4,14029.4222,9550.6354,18395.111100000002,13676.50179,7933.6649099999995,10808.1484,8398.83424,82792.3186,95784.0,254.0,144.0,232.0,33.0
Texas,48363,Palo Pinto County,11093,2143,13333,8950.0,0.8319957998949974,0.1607290182254556,0.6712667816695418,1101.9,766.7,1507.5,1261.3,628.8,1110.8,749.3,7126.3,13222.8,9200.15311,18089.163500000002,15136.5,7544.34973,13331.237299999999,8990.03372,85514.2367,75739.0,254.0,74.0,91.0,136.0
Texas,48365,Panola County,9500,1905,11437,7595.0,0.830637404913876,0.1665646585643088,0.6640727463495673,1004.7,759.3,1633.6,1078.0,593.6,779.4,605.3,6453.9,12056.4,9112.53284,19603.2914,12935.59862,7122.42631,9351.63042,7264.5816,77446.4621,83021.0,254.0,233.0,205.0,89.0
Texas,48367,Parker County,75168,14872,90802,60296.0,0.8278231757009757,0.1637849386577388,0.664038237043237,1768.0,825.1,1643.8,1285.5,872.5,1210.6,1103.2,8708.2,21216.413900000003,9901.11721,19725.374499999998,15424.27641,10469.69732,14523.3383,13236.283309999999,104496.5005,116107.0,254.0,8.0,227.0,12.0
Texas,48369,Parmer County,2123,368,2504,1755.0,0.8478434504792333,0.1469648562300319,0.7008785942492013,1024.7,868.9,1611.3,1239.7,637.1,915.4,723.3,7020.5,12296.4,10426.840419999999,19335.0592,14877.570319999999,7645.38328,10984.425959999999,8680.71378,84246.39300000001,80670.0,254.0,96.0,147.0,106.0
Texas,48371,Pecos County,3042,1144,4233,1898.0,0.7186392629340893,0.2702575005905976,0.4483817623434916,1079.9,781.4,1578.3,1123.7,626.2,922.8,679.3,6792.0,12958.8,9375.39417,18939.4091,13485.82421,7514.48609,11077.01682,8151.540889999999,81502.4711,77715.0,254.0,185.0,153.0,126.0
Texas,48373,Polk County,19216,4910,24285,14306.0,0.7912703314803377,0.2021824171299155,0.5890879143504221,1072.8,766.7,1548.7,1115.5,618.9,790.6,622.4,6535.4,12873.6,9200.15311,18584.4083,13388.72548,7426.85906,9486.06456,7467.68959,78427.5003,68025.0,254.0,238.0,89.0,191.0
Texas,48375,Potter County,23007,8748,32091,14259.0,0.7169299803683276,0.2725997943348602,0.4443301860334673,1120.8,839.6,1351.4,1263.6,659.6,974.4,707.2,6916.9,13449.51887,10076.35831,16215.6407,15165.347020000001,7915.435619999999,11693.98902,8486.2724,83002.56169999999,64237.0,254.0,129.0,39.0,211.0
Texas,48377,Presidio County,686,1289,1994,-603.0,0.3440320962888666,0.6464393179538616,-0.3024072216649949,1023.1,781.4,1450.9,1207.4,607.2,761.0,604.4,6435.2,12277.2,9375.39417,17411.431699999997,14489.17599,7285.15733,9133.508559999998,7252.37742,77224.2452,53021.0,254.0,246.0,18.0,243.0
Texas,48379,Rains County,5649,869,6554,4780.0,0.8619163869392737,0.1325907842538907,0.7293256026853829,1044.0,810.5,1638.5,1161.6,624.0,779.4,662.8,6720.8,12528.0,9725.87637,19663.197099999998,13938.95086,7487.46263,9351.63042,7955.126999999999,80650.2442,77377.0,254.0,204.0,158.0,129.0
Texas,48381,Randall County,53314,12935,66854,40379.0,0.7974691117958537,0.1934813174978311,0.6039877942980225,1268.2,871.5,1478.9,1263.6,719.8,974.4,803.9,7380.2,15217.40291,10456.04707,17745.0453,15165.347020000001,8638.00069,11693.98902,9648.08545,88563.9189,101382.0,254.0,58.0,231.0,27.0
Texas,48383,Reagan County,800,141,949,659.0,0.8429926238145417,0.1485774499473129,0.6944151738672287,1109.8,786.3,1600.5,1339.5,638.1,691.2,684.2,6849.2,13317.6,9433.80801,19207.1991,16075.11996,7654.8605,8293.96316,8210.1149,82192.6656,83111.0,254.0,161.0,181.0,87.0
Texas,48385,Real County,1625,315,1958,1310.0,0.8299284984678243,0.1608784473953013,0.669050051072523,1153.4,688.9,1624.6,1164.2,619.8,838.2,670.1,6759.0,13840.8,8265.53435,19496.2277,13971.316920000001,7437.82119,10056.742040000001,8040.765669999999,81109.20969999999,61188.0,254.0,200.0,34.0,221.0
Texas,48387,Red River County,4682,1103,5796,3579.0,0.8077984817115252,0.190303657694962,0.6174948240165632,950.7,795.9,1621.1,1318.0,587.7,757.0,651.2,6681.9,11408.4,9550.6354,19454.4578,15816.19057,7051.80493,9087.21342,7814.28095,80182.9835,58531.0,254.0,194.0,22.0,231.0
Texas,48389,Reeves County,2340,1070,3439,1270.0,0.6804303576621111,0.3111369584181448,0.3692933992439663,1116.3,781.4,1595.0,1123.7,638.5,922.8,695.1,6872.7,13395.6,9375.39417,19139.230199999998,13485.82421,7661.450419999999,11077.01682,8339.52169,82474.03719999999,55316.0,254.0,166.0,16.0,239.0
Texas,48391,Refugio County,2134,919,3072,1215.0,0.6946614583333334,0.2991536458333333,0.3955078125,983.5,800.7,1567.2,1180.5,600.4,772.2,621.3,6525.7,11802.0,9609.048859999999,18808.123499999998,14165.513879999999,7203.8879799999995,9263.49138,7456.03794,78308.1043,67316.0,254.0,226.0,80.0,195.0
Texas,48393,Roberts County,547,20,570,527.0,0.9596491228070176,0.0350877192982456,0.924561403508772,1100.1,832.3,2038.8,1239.7,650.1,915.4,854.6,7631.4,13201.2,9988.73777,24465.744899999998,14877.570319999999,7802.40662,10984.425959999999,10255.69358,91575.7804,83750.0,254.0,30.0,118.0,83.0
Texas,48395,Robertson County,6177,1926,8154,4251.0,0.7575423105224429,0.2362030905077262,0.5213392200147167,880.5,800.7,1689.5,1247.7,565.6,1011.2,701.7,6897.0,10566.221,9609.048859999999,20273.8756,14971.14976,6788.102000000001,12134.68436,8421.03352,82764.1151,78837.0,254.0,132.0,140.0,116.0
Texas,48397,Rockwall County,43542,18092,62251,25450.0,0.6994586432346468,0.2906298693996884,0.4088287738349584,2304.1,898.1,1601.3,1134.3,1077.4,1210.6,1290.0,9515.5,27646.293200000004,10777.322339999999,19218.9265,13611.769409999999,12927.87773,14523.3383,15478.648949999999,114184.1784,137781.0,254.0,1.0,243.0,3.0
Texas,48399,Runnels County,3580,452,4056,3128.0,0.8826429980276134,0.1114398422090729,0.7712031558185404,1071.5,786.3,1587.2,1374.6,624.9,768.4,699.6,6912.6,12858.0,9433.80801,19045.170000000002,16495.88014,7500.22507,9221.647579999999,8395.21522,82949.9454,70641.0,254.0,134.0,76.0,178.0
Texas,48401,Rusk County,17234,4337,21702,12897.0,0.7941203575707309,0.1998433324117592,0.5942770251589715,1072.1,761.7,1601.5,1101.9,617.0,827.2,641.4,6623.0,12865.2,9141.7396,19217.033199999998,13223.375089999998,7404.3792,9926.75922,7696.157020000001,79474.64300000001,83000.0,254.0,206.0,197.0,90.0
Texas,48403,Sabine County,4972,590,5581,4382.0,0.8908797706504211,0.1057158215373589,0.7851639491130622,1005.9,803.3,1628.5,1115.5,608.6,790.6,636.5,6588.9,12070.8,9638.25564,19541.6079,13388.72548,7304.154219999999,9486.06456,7637.86902,79067.4773,68998.0,254.0,234.0,95.0,186.0
Texas,48405,San Augustine County,2917,809,3747,2108.0,0.7784894582332532,0.2159060581798772,0.562583400053376,1100.1,776.4,1597.2,1115.5,631.3,790.6,649.7,6661.1,13201.2,9316.98055,19165.8744,13388.72548,7576.38955,9486.06456,7796.612180000001,79931.8465,50014.0,254.0,217.0,9.0,245.0
Texas,48407,San Jacinto County,10524,2175,12789,8349.0,0.8228946751114239,0.1700680272108843,0.6528266479005396,995.4,805.6,1598.4,1115.5,605.9,790.6,623.2,6535.0,11944.8,9667.46257,19179.966,13388.72548,7271.58746,9486.06456,7480.6780499999995,78419.2845,73595.0,254.0,230.0,132.0,154.0
Texas,48409,San Patricio County,17337,8025,25572,9312.0,0.6779680900985453,0.3138198029094322,0.3641482871891131,1475.7,781.4,1559.5,1204.5,759.5,1004.0,858.6,7643.1,17710.3375,9375.39417,18714.409,14453.29069,9113.17205,12046.54504,10303.133530000001,91716.2832,78520.0,254.0,31.0,86.0,119.0
Texas,48411,San Saba County,2412,276,2703,2136.0,0.8923418423973363,0.102108768035516,0.7902330743618202,1055.9,744.7,1616.4,1282.9,605.8,831.0,680.3,6816.7,12670.8,8937.29177,19395.5848,15395.429689999999,7270.18414,9968.60302,8162.93257,81800.8256,65062.0,254.0,165.0,43.0,203.0
Texas,48413,Schleicher County,906,192,1108,714.0,0.8176895306859205,0.1732851985559566,0.6444043321299638,1100.1,786.3,1736.6,1409.7,634.7,691.2,737.6,7095.8,13201.2,9433.80801,20839.0549,16916.64054,7615.696890000001,8293.96316,8850.95351,85151.31580000001,92147.0,254.0,97.0,216.0,50.0
Texas,48415,Scurry County,4945,734,5720,4211.0,0.8645104895104895,0.1283216783216783,0.7361888111888112,1086.4,771.5,1606.9,1374.6,625.1,768.4,709.0,6942.0,13036.8,9258.56683,19281.4444,16495.88014,7501.422529999999,9221.647579999999,8508.693580000001,83304.45629999999,81974.0,254.0,156.0,173.0,98.0
Texas,48417,Shackelford County,1565,146,1727,1419.0,0.9061957151129124,0.0845396641574985,0.8216560509554139,1100.1,825.1,1677.4,1374.6,647.6,768.4,749.4,7142.6,13201.2,9901.11721,20127.0806,16495.88014,7772.9262499999995,9221.647579999999,8992.73481,85712.588,88984.0,254.0,82.0,198.0,60.0
Texas,48419,Shelby County,8164,1741,9948,6423.0,0.8206674708484117,0.1750100522718134,0.6456574185765983,1023.1,776.4,1612.6,1115.5,605.4,790.6,627.8,6551.8,12277.2,9316.98055,19351.8003,13388.72548,7265.5038,9486.06456,7534.918919999999,78621.1919,57991.0,254.0,241.0,28.0,232.0
Texas,48421,Sherman County,817,48,872,769.0,0.9369266055045872,0.055045871559633,0.8818807339449541,998.6,759.3,1791.8,1239.7,591.5,915.4,725.5,7021.8,11983.2,9112.53284,21499.9574,14877.570319999999,7097.79754,10984.425959999999,8707.35728,84262.841,86275.0,254.0,108.0,189.0,66.0
Texas,48423,Smith County,74862,28041,103815,46821.0,0.7211096662332033,0.2701054760872706,0.4510041901459326,1339.9,844.6,1498.6,1185.6,735.3,827.2,760.2,7191.4,16078.8,10134.77191,17986.4735,14226.727069999999,8819.728169999998,9926.75922,9122.21414,86295.4738,86676.0,254.0,86.0,184.0,64.0
Texas,48425,Somervell County,4493,751,5285,3742.0,0.8501419110690633,0.1421002838221381,0.7080416272469252,1133.1,793.4,1561.2,1261.3,648.4,1110.8,788.0,7296.4,13597.2,9521.4285,18732.4555,15136.5,7778.41416,13331.237299999999,9456.90404,87554.1382,96810.0,254.0,63.0,221.0,32.0
Texas,48427,Starr County,9487,6862,16419,2625.0,0.5778062001339911,0.4179304464340094,0.1598757536999817,1009.3,752.1,1509.9,1024.0,592.7,897.0,593.9,6378.5,12111.6,9024.91224,18118.4216,12288.27478,7111.518099999999,10761.85318,7126.43838,76543.0184,44075.0,254.0,251.0,7.0,248.0
Texas,48429,Stephens County,3368,384,3761,2984.0,0.8955065142249402,0.1021005051847912,0.7934060090401489,1015.4,766.7,1596.7,1374.6,599.7,768.4,680.2,6801.6,12184.8,9200.15311,19161.6452,16495.88014,7195.10785,9221.647579999999,8160.24647,81619.48079999999,68860.0,254.0,193.0,79.0,187.0
Texas,48431,Sterling County,583,43,629,540.0,0.9268680445151032,0.068362480127186,0.8585055643879173,1235.0,771.5,1835.6,1433.7,675.1,739.2,827.6,7517.9,14820.0,9258.56683,22027.8138,17204.41722,8101.39176,8869.09196,9931.80254,90213.0847,128500.0,254.0,41.0,251.0,7.0
Texas,48433,Stonewall County,604,110,716,494.0,0.8435754189944135,0.1536312849162011,0.6899441340782123,1100.1,825.1,1700.1,1374.6,647.6,768.4,755.4,7171.6,13201.2,9901.11721,20402.3741,16495.88014,7772.9262499999995,9221.647579999999,9064.98414,86060.1309,95119.0,254.0,80.0,224.0,36.0
Texas,48435,Sutton County,1167,228,1400,939.0,0.8335714285714285,0.1628571428571428,0.6707142857142856,1010.3,786.3,1728.6,1409.7,604.4,691.2,707.8,6938.3,12123.6,9433.80801,20744.3249,16916.64054,7253.13126,8293.96316,8493.4956,83258.9644,70720.0,254.0,145.0,78.0,177.0
Texas,48437,Swisher County,1840,403,2265,1437.0,0.8123620309050773,0.177924944812362,0.6344370860927153,1014.8,788.7,1566.9,1239.7,606.9,915.4,685.3,6817.8,12177.6,9463.01467,18803.493899999998,14877.570319999999,7281.126700000001,10984.425959999999,8226.25044,81813.48240000001,60250.0,254.0,180.0,27.0,227.0
Texas,48439,Tarrant County,426626,384501,822680,42125.0,0.5185807361306948,0.4673761365293917,0.051204599601303,1776.9,847.0,1400.0,1110.0,882.7,1283.8,1014.0,8314.1,21319.549,10163.978650000001,16801.261,13320.473619999999,10592.83938,15404.727799999999,12166.68036,99769.5104,99287.0,254.0,14.0,183.0,28.0
Texas,48441,Taylor County,41198,13624,55386,27574.0,0.7438341819232297,0.2459827393204058,0.4978514426028238,1237.5,825.1,1354.8,1398.5,694.0,816.6,733.9,7060.3,14847.4752,9901.11721,16258.825099999998,16783.65665,8326.82603,9796.77638,8807.53036,84722.206,83956.0,254.0,100.0,174.0,80.0
Texas,48443,Terrell County,314,91,405,223.0,0.7753086419753087,0.2246913580246913,0.5506172839506174,1100.1,686.4,1842.9,1123.7,601.0,922.8,719.9,6997.2,13201.2,8236.32774,22114.292999999998,13485.82421,7212.79678,11077.01682,8639.09661,83966.554,63906.0,254.0,135.0,38.0,213.0
Texas,48445,Terry County,2815,587,3419,2228.0,0.8233401579409184,0.1716876279613922,0.6516525299795262,1033.2,793.4,1564.4,1320.7,614.6,904.4,711.2,6941.9,12398.4,9521.4285,18773.2003,15848.55643,7375.07,10854.444019999999,8533.17814,83304.27709999999,56811.0,254.0,154.0,17.0,236.0
Texas,48447,Throckmorton County,823,73,900,750.0,0.9144444444444444,0.0811111111111111,0.8333333333333333,965.1,825.1,1726.4,1374.6,602.3,768.4,712.9,6974.9,11581.2,9901.11721,20715.8626,16495.88014,7227.86642,9221.647579999999,8554.40078,83697.976,74688.0,254.0,93.0,93.0,150.0
Texas,48449,Titus County,7861,2275,10208,5586.0,0.7700822884012539,0.2228644200626959,0.547217868338558,1005.9,766.7,1544.4,1318.0,596.6,757.0,643.0,6631.8,12070.8,9200.15311,18534.8628,15816.19057,7156.7518,9087.21342,7715.670050000001,79581.6414,71038.0,254.0,221.0,101.0,172.0
Texas,48451,Tom Green County,33399,11585,45438,21814.0,0.7350455565825961,0.254962806461552,0.480082750121044,1240.2,786.3,1409.5,1433.7,681.6,739.2,723.5,7013.7,14880.114070000001,9433.80801,16914.7573,17204.41722,8180.578659999999,8869.09196,8681.544839999999,84164.3128,83170.0,254.0,110.0,171.0,86.0
Texas,48453,Travis County,170787,398981,580285,-228194.0,0.2943157241700199,0.6875604228956461,-0.3932446987256262,2108.8,932.1,1364.1,1164.0,1023.3,1493.2,1254.0,9339.9,25307.0493,11186.21814,16368.960700000001,13967.79718,12278.39935,17918.913399999998,15049.5968,112076.9369,126667.0,254.0,2.0,229.0,9.0
Texas,48455,Trinity County,6136,1195,7374,4941.0,0.8321128288581503,0.1620558719826417,0.6700569568755086,1050.1,742.5,1524.9,1115.5,603.0,790.6,599.2,6425.8,12601.2,8908.084780000001,18297.864999999998,13388.72548,7236.94005,9486.06456,7189.5302599999995,77108.4103,70391.0,254.0,240.0,111.0,179.0
Texas,48457,Tyler County,8286,1249,9577,7037.0,0.8651978698966274,0.1304166231596533,0.7347812467369741,942.6,764.3,1662.1,1115.5,574.4,790.6,605.3,6454.6,11311.2,9170.9465,19945.6659,13388.72548,6891.35249,9486.06456,7262.95965,77456.9136,71200.0,254.0,227.0,108.0,168.0
Texas,48459,Upshur County,16939,2820,19882,14119.0,0.8519766623076149,0.1418368373403078,0.7101398249673071,1182.6,778.8,1596.5,1101.9,659.9,827.2,686.2,6833.0,14188.857500000002,9346.187390000001,19158.307,13223.375089999998,7918.51988,9926.75922,8235.17857,81997.1836,75792.0,254.0,202.0,139.0,135.0
Texas,48461,Upton County,1149,146,1303,1003.0,0.8818112049117421,0.1120491174213353,0.7697620874904068,987.9,781.4,1603.0,1123.7,595.4,922.8,651.5,6665.9,11854.8,9375.39417,19237.5271,13485.82421,7143.038060000001,11077.01682,7816.49331,79990.0931,74000.0,254.0,196.0,123.0,152.0
Texas,48463,Uvalde County,6482,3218,9769,3264.0,0.6635274849012182,0.3294093561265226,0.3341181287746955,1150.3,688.9,1542.0,1164.2,618.8,838.2,648.7,6650.9,13803.6,8265.53435,18503.8367,13971.316920000001,7425.30499,10056.742040000001,7784.748819999999,79811.08540000001,64830.0,254.0,235.0,60.0,205.0
Texas,48465,Val Verde County,9162,5282,14578,3880.0,0.628481273151324,0.362326793798875,0.2661544793524489,1094.1,686.4,1421.6,1164.2,599.0,838.2,596.4,6399.8,13129.2,8236.32774,17059.697,13971.316920000001,7188.571890000001,10056.742040000001,7156.355710000001,76798.21089999999,69392.0,254.0,244.0,110.0,184.0
Texas,48467,Van Zandt County,24351,3450,27935,20901.0,0.8717021657419008,0.1235009844281367,0.7482011813137641,1161.7,810.5,1595.5,1161.6,663.6,779.4,695.4,6867.5,13940.4,9725.87637,19146.3514,13938.95086,7962.673819999999,9351.63042,8344.85663,82410.7413,81732.0,254.0,173.0,178.0,99.0
Texas,48469,Victoria County,25010,9998,35239,15012.0,0.709725020573796,0.2837197423309401,0.4260052782428559,1364.6,739.8,1468.6,1317.5,708.0,823.8,755.2,7177.9,16375.0203,8878.87802,17624.244700000003,15812.67083,8496.83978,9884.915420000001,9061.70868,86134.276,83877.0,254.0,78.0,163.0,82.0
Texas,48471,Walker County,17515,7461,25170,10054.0,0.6958680969408025,0.2964243146603099,0.3994437822804926,1236.6,807.9,1423.4,1242.4,687.9,1092.4,778.4,7269.8,14839.2,9696.66936,17083.3851,14909.93678,8255.25426,13108.6642,9343.51906,87236.6272,71342.0,254.0,51.0,51.0,164.0
Texas,48473,Waller County,17077,10183,27545,6894.0,0.6199673261935016,0.3696859684153203,0.2502813577781812,1292.8,825.1,1649.5,1266.5,712.7,1188.2,905.5,7840.7,15518.708300000002,9901.11721,19794.02,15197.713079999998,8552.666990000002,14258.921400000001,10866.45863,94089.6065,85383.0,254.0,24.0,115.0,72.0
Texas,48475,Ward County,3115,627,3764,2488.0,0.827577045696068,0.1665781083953241,0.6609989373007439,1168.9,781.4,1560.5,1123.7,656.1,922.8,703.5,6917.1,14026.8,9375.39417,18726.6603,13485.82421,7873.82185,11077.01682,8441.11571,83006.6333,73765.0,254.0,151.0,99.0,153.0
Texas,48477,Washington County,14020,4058,18208,9962.0,0.7699912126537786,0.2228690685413005,0.5471221441124781,1296.0,754.3,1570.0,1269.4,690.0,948.6,788.8,7317.1,15552.0,9054.11901,18840.077,15233.59878,8278.890159999999,11383.2772,9465.13203,87807.095,92645.0,254.0,68.0,208.0,46.0
Texas,48479,Webb County,33384,31952,65845,1432.0,0.5070088845014807,0.4852608398511656,0.0217480446503151,1164.1,769.2,1360.3,1374.4,650.5,838.4,686.6,6842.9,13969.2,9229.36033,16323.122200000002,16492.361100000002,7805.30769,10061.19338,8236.883160000001,82117.4265,67929.0,254.0,170.0,61.0,193.0
Texas,48481,Wharton County,12439,3910,16452,8529.0,0.7560782883539995,0.2376610746413809,0.5184172137126185,1110.8,710.7,1507.8,1242.4,613.0,1092.4,726.8,7004.0,13329.6,8528.39612,18095.1168,14909.93678,7354.26602,13108.6642,8721.5391,84047.51920000001,81036.0,254.0,120.0,161.0,104.0
Texas,48483,Wheeler County,2093,169,2272,1924.0,0.9212147887323944,0.0743838028169014,0.846830985915493,973.1,832.3,1590.9,1239.7,607.6,915.4,687.9,6846.7,11677.2,9988.73777,19090.6329,14877.570319999999,7289.646919999999,10984.425959999999,8253.00774,82161.2233,72500.0,254.0,146.0,90.0,158.0
Texas,48485,Wichita County,31818,12237,44497,19581.0,0.7150594422095872,0.2750073038631818,0.4400521383464054,1160.8,847.0,1360.1,1495.7,675.7,849.6,752.5,7141.9,13934.619349999999,10163.978650000001,16321.4867,17948.839920000002,8108.13152,10195.627620000001,9029.63298,85702.3172,81529.0,254.0,83.0,145.0,101.0
Texas,48487,Wilbarger County,3566,860,4463,2706.0,0.7990141160654268,0.1926954963029352,0.6063186197624916,960.8,805.6,1456.0,1471.5,594.3,790.6,665.7,6744.9,11529.6,9667.46257,17473.6287,17661.06374,7131.8906799999995,9486.06456,7989.56561,80939.27609999999,75298.0,254.0,171.0,122.0,142.0
Texas,48489,Willacy County,2856,2673,5563,183.0,0.5133920546467733,0.4804961351788603,0.0328959194679129,979.7,725.3,1545.1,1042.9,573.7,897.0,586.4,6349.9,11756.4,8703.63691,18540.7481,12514.83799,6883.9136,10761.85318,7036.18599,76197.5776,53833.0,254.0,248.0,19.0,241.0
Texas,48491,Williamson County,155310,147766,308163,7544.0,0.5039865266109169,0.4795059757336214,0.0244805508772954,2173.5,885.9,1576.4,1164.0,1029.3,1309.2,1266.3,9404.7,26080.3625,10631.288219999999,18917.1184,13967.79718,12351.875839999999,15710.988000000001,15196.348629999999,112855.77960000001,129273.0,254.0,3.0,235.0,6.0
Texas,48493,Wilson County,20894,6247,27270,14647.0,0.7661899523285662,0.2290795746241291,0.5371103777044371,1272.1,752.1,1680.9,1188.1,681.1,1121.4,834.9,7530.6,15266.641399999999,9024.91224,20171.8999,14259.09333,8173.0525099999995,13456.7679,10015.71444,90368.0837,107326.0,254.0,33.0,237.0,19.0
Texas,48495,Winkler County,1646,283,1932,1363.0,0.8519668737060041,0.1464803312629399,0.7054865424430641,1100.1,781.4,1491.0,1123.7,632.9,922.8,662.0,6714.3,13201.2,9375.39417,17893.3357,13485.82421,7596.043210000001,11077.01682,7943.32844,80572.1421,102958.0,254.0,188.0,245.0,25.0
Texas,48497,Wise County,32385,5605,38230,26780.0,0.8471095997907403,0.1466126078995553,0.700496991891185,1331.7,815.2,1609.1,1333.9,722.4,1210.6,933.2,7955.8,15980.4,9784.28995,19307.7867,16006.8682,8668.69881,14523.3383,11197.01389,95468.39499999999,103720.0,254.0,22.0,219.0,24.0
Texas,48499,Wood County,20621,3618,24381,17003.0,0.8457815512079078,0.1483942414174972,0.6973873097904105,1121.9,825.1,1571.6,1161.6,655.0,779.4,675.3,6789.9,13462.8,9901.11721,18858.5307,13938.95086,7860.943120000001,9351.63042,8104.77815,81478.75080000001,80153.0,254.0,158.0,162.0,109.0
Texas,48501,Yoakum County,2039,342,2393,1697.0,0.8520685332218972,0.1429168407856247,0.7091516924362725,1215.4,830.0,1687.8,1320.7,688.4,904.4,815.2,7461.7,14584.8,9959.53083,20252.7098,15848.55643,8258.101050000001,10854.444019999999,9783.3606,89541.50409999999,91396.0,254.0,36.0,186.0,52.0
Texas,48503,Young County,7298,962,8309,6336.0,0.8783247081477915,0.1157780719701528,0.7625466361776386,1040.7,766.7,1537.5,1312.6,608.1,790.6,661.7,6717.7,12488.4,9200.15311,18450.4618,15751.45825,7297.25597,9486.06456,7938.54638,80612.3397,86090.0,254.0,183.0,211.0,69.0
Texas,48505,Zapata County,2970,1877,4871,1093.0,0.6097310613836995,0.3853418189283514,0.224389242455348,942.2,752.1,1470.3,1350.2,570.1,790.6,611.6,6487.2,11306.4,9024.91224,17642.885499999997,16204.5845,6840.6034,9486.06456,7340.549400000001,77845.9988,40678.0,254.0,231.0,3.0,249.0
Texas,48507,Zavala County,1482,1984,3492,-502.0,0.4243986254295532,0.56815578465063,-0.1437571592210767,1015.4,688.9,1501.5,1164.2,573.4,838.2,591.6,6372.8,12184.8,8265.53435,18015.9575,13971.316920000001,6880.649090000001,10056.742040000001,7100.46281,76475.4627,38734.0,254.0,252.0,2.0,251.0
Utah,49001,Beaver County,2781,394,3212,2387.0,0.8658156911581569,0.12266500622665,0.7431506849315068,999.7,844.6,1645.5,1586.5,620.5,1077.8,1205.2,7980.0,11996.4,10134.77191,19745.9292,19036.09135,7446.17806,12936.810679999999,14461.58217,95757.765,95682.0,29.0,21.0,20.0,11.0
Utah,49003,Box Elder County,22853,5274,28909,17579.0,0.7905150645127815,0.1824345359576602,0.6080805285551213,1070.4,861.6,1619.5,1150.5,650.1,1219.2,1132.7,7703.7,12844.8,10339.21989,19434.1123,13805.10507,7800.415460000001,14629.35498,13591.4339,92444.4409,90848.0,29.0,28.0,19.0,13.0
Utah,49005,Cache County,39457,18718,60229,20739.0,0.6551163060983911,0.3107805210114728,0.3443357850869182,1192.3,861.6,1515.7,1376.8,691.0,1219.2,1236.4,8092.8,14306.909179999999,10339.21989,18188.824,16521.5027,8292.351700000001,14629.35498,14835.67941,97113.8407,88982.0,29.0,19.0,15.0,14.0
Utah,49007,Carbon County,6719,2525,9445,4194.0,0.7113816834303864,0.2673372154579142,0.4440444679724722,947.5,813.0,1608.9,1445.0,592.3,1072.8,1094.6,7574.1,11370.0,9755.0828,19308.0308,17338.342849999997,7107.67273,12872.9232,13136.446899999999,90888.5006,73060.0,29.0,29.0,5.0,27.0
Utah,49009,Daggett County,443,101,550,342.0,0.8054545454545454,0.1836363636363636,0.6218181818181818,1050.7,842.1,1929.2,1445.0,636.9,1077.8,1276.5,8258.4,12608.4,10105.56494,23151.4899,17338.342849999997,7642.26261,12936.810679999999,15317.36233,99100.2325,86875.0,29.0,13.0,13.0,16.0
Utah,49011,Davis County,101293,59895,166492,41398.0,0.6083955985873195,0.3597470148715854,0.248648583715734,1602.4,890.7,1542.6,1106.8,838.7,1219.2,1362.5,8562.7,19225.8009,10689.70192,18511.3613,13280.34653,10065.26699,14629.35498,16348.57878,102750.4096,119893.0,29.0,8.0,26.0,4.0
Utah,49013,Duchesne County,7815,1009,8967,6806.0,0.8715289394446303,0.1125236980037916,0.7590052414408386,1056.4,842.1,1648.5,1445.0,638.9,1077.8,1179.6,7888.5,12676.8,10105.56494,19783.5761,17338.342849999997,7665.27617,12936.810679999999,14154.64443,94661.01580000001,82935.0,29.0,24.0,11.0,20.0
Utah,49015,Emery County,4341,603,5011,3738.0,0.8662941528636998,0.1203352624226701,0.7459588904410297,1005.9,813.0,1678.0,1445.0,612.0,1077.8,1151.9,7783.6,12070.8,9755.0828,20136.132,17338.342849999997,7343.4616,12936.810679999999,13823.46306,93404.0945,88278.0,29.0,27.0,17.0,15.0
Utah,49017,Garfield County,2211,541,2811,1670.0,0.7865528281750267,0.1924581999288509,0.5940946282461758,941.9,844.6,1753.8,1586.5,601.0,1077.8,1210.6,8016.2,11302.8,10134.77191,21044.6999,19036.09135,7212.811629999999,12936.810679999999,14528.004449999999,96195.9897,77473.0,29.0,14.0,6.0,24.0
Utah,49019,Grand County,2327,2828,5300,-501.0,0.4390566037735849,0.5335849056603773,-0.0945283018867924,1326.5,932.1,1529.4,1586.5,759.8,1077.8,1368.1,8580.5,15918.0,11186.21814,18350.3054,19036.09135,9119.39186,12936.810679999999,16416.03626,102962.85339999999,83819.0,29.0,5.0,8.0,19.0
Utah,49021,Iron County,21571,5683,27876,15888.0,0.773819773281676,0.203867125843019,0.5699526474386569,1199.9,844.6,1571.3,1645.5,687.7,1072.8,1296.0,8317.8,14398.8,10134.77191,18853.0854,19746.05865,8254.48119,12872.9232,15552.31118,99812.4326,82149.0,29.0,10.0,9.0,22.0
Utah,49023,Juab County,5671,734,6518,4937.0,0.8700521632402578,0.1126112304387849,0.7574409328014728,911.3,878.6,1769.3,1456.6,602.3,1219.2,1227.3,8064.3,10934.47551,10543.667669999999,21231.5729,17478.415,7226.462219999999,14629.35498,14727.81747,96771.7674,98022.0,29.0,17.0,21.0,10.0
Utah,49025,Kane County,3277,1137,4486,2140.0,0.7304948729380294,0.2534551939366919,0.4770396790013375,1389.0,844.6,1675.1,1586.5,751.6,1077.8,1404.8,8729.2,16668.0,10134.77191,20100.8164,19036.09135,9017.968429999999,12936.810679999999,16856.655300000002,104751.1106,103321.0,29.0,3.0,18.0,8.0
Utah,49027,Millard County,5558,713,6385,4845.0,0.8704776820673453,0.1116679718089271,0.7588097102584181,1002.4,817.8,1775.2,1586.5,612.5,1077.8,1239.1,8111.3,12028.8,9813.49677,21303.3973,19036.09135,7348.9839999999995,12936.810679999999,14868.046100000001,97335.6272,78140.0,29.0,15.0,7.0,23.0
Utah,49029,Morgan County,5300,1256,6757,4044.0,0.7843717626165458,0.1858813082729021,0.5984904543436437,1578.1,890.7,1849.8,1150.5,830.5,1219.2,1479.2,8997.6,18934.1163,10689.70192,22196.779499999997,13805.10507,9967.12802,14629.35498,17749.09771,107971.28540000001,132965.0,29.0,4.0,28.0,2.0
Utah,49031,Piute County,854,94,963,760.0,0.8868120456905504,0.0976116303219107,0.7892004153686397,1008.9,817.8,1893.9,1586.5,614.7,1077.8,1286.6,8285.9,12106.8,9813.49677,22726.9939,19036.09135,7375.22767,12936.810679999999,15437.67801,99433.0988,63125.0,29.0,11.0,2.0,29.0
Utah,49033,Rich County,1211,214,1447,997.0,0.8369039391845197,0.1478921907394609,0.6890117484450587,1008.9,861.6,1802.5,1365.1,629.4,1077.8,1193.8,7939.3,12106.8,10339.21989,21629.9144,16381.42983,7552.1106199999995,12936.810679999999,14325.63559,95271.9224,85688.0,29.0,23.0,14.0,18.0
Utah,49035,Salt Lake County,221555,273658,509492,-52103.0,0.4348547180328641,0.5371193267018913,-0.1022646086690272,1755.5,905.5,1407.4,1106.8,895.2,1219.2,1398.1,8687.6,21066.0,10864.94279,16888.4695,13280.34653,10743.37509,14629.35498,16777.78742,104250.2765,111905.0,29.0,6.0,23.0,5.0
Utah,49037,San Juan County,3613,2581,6328,1032.0,0.5709544879898862,0.4078697850821745,0.1630847029077117,1003.9,927.4,1727.4,1586.5,649.9,1077.8,1273.8,8246.6,12046.8,11127.8045,20727.481399999997,19036.09135,7797.24767,12936.810679999999,15287.52608,98959.7613,63207.0,29.0,7.0,1.0,28.0
Utah,49039,Sanpete County,10653,1906,12943,8747.0,0.8230703855365835,0.147261067758634,0.6758093177779495,1030.3,822.7,1742.1,1596.7,623.5,1077.8,1244.4,8137.4,12363.6,9871.91054,20904.649400000002,19159.56385,7481.283259999999,12936.810679999999,14933.99113,97651.8095,73186.0,29.0,12.0,3.0,26.0
Utah,49041,Sevier County,9526,1236,10926,8290.0,0.8718652754896576,0.1131246567819879,0.7587406187076697,985.8,817.8,1698.1,1586.5,606.8,1077.8,1202.1,7975.0,11829.6,9813.49677,20377.3056,19036.09135,7281.96192,12936.810679999999,14425.701319999998,95700.968,82150.0,29.0,18.0,10.0,21.0
Utah,49043,Summit County,10783,14612,25876,-3829.0,0.4167181944659143,0.56469315195548,-0.1479749574895656,1932.7,1243.7,1676.1,1095.0,1068.8,1072.8,1686.4,9775.5,23192.4,14924.692869999999,20112.2175,13140.273619999998,12824.745939999999,12872.9232,20237.1751,117304.43100000001,156048.0,29.0,1.0,29.0,1.0
Utah,49045,Tooele County,23484,9560,33988,13924.0,0.6909497469695186,0.2812757443803695,0.409674002589149,1235.2,815.2,1628.8,1106.8,690.1,1219.2,1176.4,7871.5,14822.4,9784.28995,19545.840799999998,13280.34653,8279.0822,14629.35498,14117.784340000002,94459.09760000001,111591.0,29.0,26.0,25.0,6.0
Utah,49047,Uintah County,13599,1952,15831,11647.0,0.8590108015918135,0.1233023814035752,0.7357084201882382,1004.3,842.1,1699.1,1445.0,621.2,1072.8,1170.6,7855.0,12051.6,10105.56494,20388.2572,17338.342849999997,7454.92359,12872.9232,14048.04622,94259.65770000001,86458.0,29.0,25.0,16.0,17.0
Utah,49049,Utah County,203476,84937,297944,118539.0,0.6829337056628091,0.2850770614612142,0.3978566442015949,1432.1,878.6,1500.0,1153.0,777.4,1219.2,1271.1,8231.3,17182.7467,10543.667669999999,18001.5154,13835.973430000002,9328.73397,14629.35498,15253.723310000001,98775.7147,106263.0,29.0,20.0,24.0,7.0
Utah,49051,Wasatch County,11495,6459,18354,5036.0,0.6262939958592133,0.3519123896698267,0.2743816061893865,1611.8,942.1,1688.0,1095.0,859.2,1072.8,1387.3,8655.9,19341.6,11303.045329999999,20254.6558,13140.273619999998,10310.59196,12872.9232,16647.214490000002,103870.30600000001,126215.0,29.0,9.0,27.0,3.0
Utah,49053,Washington County,73165,22327,97243,50838.0,0.7523934884773197,0.2296000740413191,0.5227934144360005,1495.3,888.5,1466.4,1657.5,802.0,1219.2,1484.9,9013.2,17943.6,10660.49495,17596.845999999998,19886.1315,9624.03521,14629.35498,17818.011019999998,108158.4724,94340.0,29.0,2.0,12.0,12.0
Utah,49055,Wayne County,1238,381,1651,857.0,0.7498485766202302,0.2307692307692307,0.5190793458509995,936.5,817.8,1789.9,1586.5,590.3,1077.8,1208.1,8006.9,11238.0,9813.49677,21477.678,19036.09135,7082.914139999999,12936.810679999999,14496.892570000002,96081.8838,74972.0,29.0,16.0,4.0,25.0
Utah,49057,Weber County,67549,41238,112017,26311.0,0.6030245409178964,0.3681405500950748,0.2348839908228215,1341.1,881.1,1537.8,1150.5,747.6,1219.2,1242.3,8119.4,16093.3652,10572.87434,18454.442199999998,13805.10507,8972.03122,14629.35498,14905.053769999999,97432.2269,99029.0,29.0,22.0,22.0,9.0
Vermont,50001,Addison County,6841,14879,22396,-8038.0,0.3054563314877657,0.6643597070905519,-0.3589033756027862,1437.1,1070.9,1674.0,1795.1,843.8,1451.6,1628.8,9901.1,17245.2,12851.00794,20088.920000000002,21540.34511,10126.066560000001,17416.947999999997,19545.61976,118814.1064,107490.0,14.0,6.0,13.0,3.0
Vermont,50003,Bennington County,7697,12326,20552,-4629.0,0.3745134293499416,0.5997469832619696,-0.225233553912028,1347.4,1012.5,1541.8,1795.1,794.1,1275.0,1422.9,9188.7,16168.8,12150.04392,18501.1002,21540.34511,9528.06072,15299.8362,17077.56643,110265.7513,101123.0,14.0,12.0,14.0,6.0
Vermont,50005,Caledonia County,6927,8977,16482,-2050.0,0.4202766654532217,0.544654774905958,-0.1243781094527363,1165.3,1056.4,1606.2,1795.1,747.5,1371.2,1413.9,9155.3,13983.6,12675.76669,19273.822500000002,21540.34511,8969.71878,16456.7612,16965.962340000002,109865.97630000001,89400.0,14.0,11.0,8.0,11.0
Vermont,50007,Chittenden County,20937,72656,96405,-51719.0,0.2171775322856698,0.7536538561277942,-0.5364763238421244,2080.6,1075.8,1468.1,1784.7,1062.0,2385.4,2233.3,12089.7,24968.8145,12909.421119999999,17618.4163,21415.00903,12744.38084,28621.5652,26798.1646,145075.7722,127076.0,14.0,1.0,11.0,1.0
Vermont,50009,Essex County,1890,1344,3410,546.0,0.5542521994134897,0.3941348973607038,0.1601173020527858,1059.4,949.3,1752.0,1795.1,675.8,1393.6,1371.7,8996.6,12712.8,11390.66574,21021.8244,21540.34511,8109.76918,16722.3744,16460.65418,107958.4331,65547.0,14.0,13.0,1.0,14.0
Vermont,50011,Franklin County,12490,13280,26552,-790.0,0.4703977101536607,0.5001506477854776,-0.0297529376318168,1523.1,983.2,1760.3,1784.7,843.4,1949.0,1846.8,10690.4,18279.057299999997,11799.56172,21122.5086,21415.00903,10120.14822,23386.0076,22162.1091,128284.4,98129.0,14.0,3.0,2.0,7.0
Vermont,50013,Grand Isle County,1893,2940,4967,-1047.0,0.3811153613851419,0.5919065834507751,-0.2107912220656331,1879.2,934.6,1806.1,1784.7,946.7,2279.8,2144.7,11776.0,22550.451399999998,11215.42506,21673.1236,21415.00903,11360.750750000001,27359.8576,25736.6967,141311.314,116250.0,14.0,2.0,7.0,2.0
Vermont,50015,Lamoille County,4505,9788,14757,-5283.0,0.3052788507149149,0.6632784441282104,-0.3579995934132954,1391.2,1090.3,1653.8,1795.1,834.9,1491.8,1624.6,9881.7,16694.4,13084.66238,19846.3266,21540.34511,10019.36079,17901.696799999998,19494.306699999997,118581.1,90926.0,14.0,5.0,3.0,9.0
Vermont,50017,Orange County,6683,10220,17536,-3537.0,0.3811017335766423,0.5828010948905109,-0.2016993613138685,1335.9,1058.8,1678.4,1795.1,805.7,1463.6,1574.5,9711.8,16030.8,12704.97347,20140.8134,21540.34511,9668.33947,17563.0262,18893.30648,116541.60419999999,95651.0,14.0,7.0,9.0,8.0
Vermont,50019,Orleans County,7233,7006,14655,227.0,0.4935516888433982,0.4780620948481747,0.0154895939952234,1172.2,949.3,1657.4,1795.1,713.8,1277.6,1343.7,8909.1,14066.4,11390.66574,19888.166,21540.34511,8565.19676,15332.209599999998,16124.72996,106907.71470000001,85316.0,14.0,14.0,4.0,13.0
Vermont,50021,Rutland County,15586,17375,33883,-1789.0,0.459994687601452,0.5127940265029661,-0.052799338901514,1312.8,1024.8,1536.5,1795.1,786.5,1322.4,1427.7,9205.9,15753.6,12296.07779,18439.4434,21540.34511,9437.49804,15869.913400000001,17132.98633,110469.86559999999,89128.0,14.0,10.0,6.0,12.0
Vermont,50023,Washington County,9327,24527,35058,-15200.0,0.2660448399794626,0.6996120714244966,-0.4335672314450339,1523.1,1068.5,1549.6,1795.1,871.8,1463.6,1628.9,9900.6,18277.2,12821.800959999999,18595.015,21540.34511,10463.46277,17564.8498,19546.056090000002,118808.72989999999,102232.0,14.0,4.0,10.0,5.0
Vermont,50025,Windham County,6928,17904,25718,-10976.0,0.2693833112994789,0.6961661093397621,-0.4267827980402831,1404.7,1068.5,1520.8,1795.1,832.2,1215.8,1449.5,9286.5,16856.4,12821.800959999999,18248.6182,21540.34511,9985.425169999999,14590.454399999999,17394.007569999998,111437.0521,89405.0,14.0,9.0,5.0,10.0
Vermont,50027,Windsor County,10458,22569,34018,-12111.0,0.3074254806279028,0.6634428831794932,-0.3560174025515903,1427.5,1095.4,1572.3,1795.1,848.9,1425.8,1584.0,9748.6,17130.0,13143.075939999999,18866.3905,21540.34511,10185.57494,17108.873799999998,19008.73128,116982.9916,102294.0,14.0,8.0,12.0,4.0
Virginia,51001,Accomack County,9659,7374,17144,2285.0,0.5634041063929072,0.4301213252449836,0.1332827811479235,1052.6,825.1,1471.2,1032.1,631.9,753.0,865.3,6631.2,12631.2,9901.11721,17654.3453,12385.37339,7581.14596,9035.122879999999,10384.30712,79572.6116,72766.0,133.0,116.0,52.0,99.0
Virginia,51003,Albemarle County,21513,44279,66740,-22766.0,0.3223404255319149,0.6634551992807911,-0.3411147737488762,1937.7,1002.7,1505.7,991.4,989.2,1542.2,1655.7,9624.3,23250.2494,12033.21619,18068.485399999998,11896.36111,11871.353500000001,18505.6426,19865.7226,115491.03330000001,132018.0,133.0,9.0,112.0,12.0
Virginia,51005,Alleghany County,6093,2114,8277,3979.0,0.7361362812613266,0.25540654826628,0.4807297329950465,970.2,900.5,1486.8,1032.1,629.5,718.6,855.8,6594.1,11644.487640000001,10806.5291,17841.513199999998,12385.37339,7553.79186,8625.27652,10270.07399,79127.0466,72101.0,133.0,110.0,44.0,101.0
Virginia,51007,Amelia County,5776,2214,8032,3562.0,0.7191235059760956,0.2756474103585657,0.4434760956175299,1158.0,854.3,1790.6,988.5,677.1,847.6,1048.7,7365.3,13898.4085,10251.599189999999,21487.1554,11863.99498,8125.42838,10172.14156,12584.89537,88383.6235,79526.0,133.0,78.0,46.0,86.0
Virginia,51009,Amherst County,11742,5429,17303,6313.0,0.6786106455527943,0.3137606195457435,0.3648500260070507,1069.3,822.7,1568.9,1056.0,636.5,901.2,966.9,7021.9,12829.374240000001,9871.91054,18829.2914,12673.149959999999,7637.996119999999,10815.17344,11604.02178,84260.9174,89565.0,133.0,87.0,97.0,59.0
Virginia,51011,Appomattox County,7243,2324,9642,4919.0,0.7511926986102468,0.2410288321924912,0.5101638664177557,1121.0,822.7,1638.7,1056.0,654.0,777.4,966.9,7037.1,13454.0829,9871.91054,19664.5014,12673.149959999999,7848.1834,9328.4472,11604.06141,84444.3361,79838.0,133.0,90.0,65.0,85.0
Virginia,51013,Arlington County,25223,100446,128362,-75223.0,0.1964989638678113,0.7825213069288419,-0.5860223430610305,2500.9,1221.8,1092.1,953.6,1252.6,3365.2,2575.5,12961.7,30011.711300000003,14661.831549999999,13105.4866,11443.23416,15030.706100000001,40381.6294,30904.610999999997,155539.21060000002,194878.0,133.0,1.0,120.0,3.0
Virginia,51015,Augusta County,32429,11403,44223,21026.0,0.7333061981321937,0.2578522488297944,0.4754539493023992,1354.2,871.5,1602.6,1056.0,748.7,1163.6,1228.0,8024.3,16248.324700000001,10456.04707,19231.9214,12673.149959999999,8984.86096,13962.89956,14734.163270000001,96291.36510000001,93909.0,133.0,44.0,78.0,50.0
Virginia,51017,Bath County,1976,588,2582,1388.0,0.7652982184353214,0.2277304415182029,0.5375677769171185,989.4,837.2,1647.6,1007.5,614.7,1019.0,986.6,7102.3,11872.8,10047.15166,19772.4948,12094.07759,7375.111289999999,12225.948439999998,11841.255280000001,85228.8369,85536.0,133.0,83.0,79.0,64.0
Virginia,51019,Bedford County,38017,12414,50830,25603.0,0.7479244540625615,0.2442258508754672,0.5036986031870943,1212.4,883.5,1604.2,1056.0,705.2,810.0,1036.0,7307.7,14551.131400000002,10602.08128,19250.9061,12673.149959999999,8462.96346,9717.54062,12433.16765,87690.9407,92268.0,133.0,80.0,99.0,54.0
Virginia,51021,Bland County,2998,524,3548,2474.0,0.8449830890642616,0.1476888387824126,0.6972942502818489,1017.5,810.5,1644.0,1032.1,615.0,804.8,921.0,6844.6,12210.0,9725.87637,19726.029000000002,12385.37339,7380.46949,9657.339,11050.94874,82136.0355,67375.0,133.0,100.0,19.0,111.0
Virginia,51023,Botetourt County,15796,5915,21893,9881.0,0.7215091581784132,0.270177682364226,0.4513314758141872,1132.2,900.5,1680.4,1018.4,684.0,1059.6,1114.6,7589.7,13587.474400000001,10806.5291,20165.0729,12220.02292,8207.522560000001,12714.85204,13374.689730000002,91076.1644,94948.0,133.0,60.0,92.0,49.0
Virginia,51025,Brunswick County,3523,4184,7738,-661.0,0.4552856035151202,0.5407081933316102,-0.08542258981649,1017.5,820.4,1550.5,1032.1,618.3,700.4,856.3,6595.3,12210.0,9842.70386,18607.5204,12385.37339,7419.77665,8403.166159999999,10275.27593,79143.8175,61782.0,133.0,123.0,15.0,121.0
Virginia,51027,Buchanan County,7939,1355,9327,6584.0,0.8511847324970516,0.1452771523533826,0.705907580143669,977.9,795.9,1539.8,1032.1,596.8,814.8,864.7,6622.3,11734.8,9550.6354,18478.5549,12385.37339,7161.6243,9777.89344,10377.74186,79466.6225,49167.0,133.0,108.0,1.0,133.0
Virginia,51029,Buckingham County,4847,2988,7915,1859.0,0.6123815540113708,0.3775110549589387,0.2348704990524321,1070.1,827.6,1575.8,1032.1,638.4,701.8,887.8,6733.2,12841.2,9930.32415,18909.235699999997,12385.37339,7661.62861,8418.229940000001,10651.81979,80797.8135,78130.0,133.0,103.0,70.0,91.0
Virginia,51031,Campbell County,23032,7890,31171,15142.0,0.7388919187706522,0.2531198870745244,0.4857720316961278,1083.0,820.4,1545.2,1056.0,640.3,807.8,928.5,6881.5,12996.979299999999,9842.70386,18541.3852,12673.149959999999,7684.56116,9695.28316,11142.45416,82576.51729999999,78469.0,133.0,98.0,66.0,90.0
Virginia,51033,Caroline County,9511,7957,17653,1554.0,0.5387752789894069,0.4507449158783209,0.0880303631110859,1327.8,903.1,1712.7,964.7,750.7,1108.0,1215.8,7982.2,15933.6,10835.73602,20552.307099999998,11576.21858,9006.71878,13295.990019999997,14587.80892,95788.3792,100162.0,133.0,48.0,98.0,40.0
Virginia,51035,Carroll County,13152,2925,16160,10227.0,0.8138613861386138,0.1810024752475247,0.632858910891089,1013.0,851.9,1577.9,1032.1,627.5,745.8,895.6,6743.5,12156.26946,10222.392530000001,18934.0613,12385.37339,7529.44755,8948.8888,10745.49533,80921.927,67491.0,133.0,106.0,26.0,110.0
Virginia,51036,Charles City County,1917,2384,4341,-467.0,0.4416033172080166,0.5491822160792444,-0.1075788988712278,1282.1,919.9,1756.2,988.5,740.9,978.0,1171.4,7837.5,15385.481099999999,11040.18372,21075.3024,11863.99498,8891.08816,11736.80398,14057.101130000001,94049.9539,90129.0,133.0,52.0,69.0,57.0
Virginia,51037,Charlotte County,3963,2008,6006,1955.0,0.6598401598401599,0.3343323343323343,0.3255078255078255,950.5,827.6,1564.0,1032.1,598.3,711.0,835.8,6518.7,11406.0,9930.32415,18767.745,12385.37339,7178.74626,8530.48708,10027.05379,78225.7295,70992.0,133.0,117.0,43.0,103.0
Virginia,51041,Chesterfield County,94030,112869,209730,-18839.0,0.4483383397701807,0.5381633528822772,-0.0898250131120965,1837.5,937.2,1569.4,988.5,933.7,1455.8,1564.0,9285.8,22048.71,11244.63203,18833.3879,11863.99498,11201.76285,17469.413800000002,18767.221700000002,111429.12090000001,118200.0,133.0,14.0,100.0,23.0
Virginia,51043,Clarke County,5641,3993,9782,1648.0,0.5766714373338786,0.4081987323655694,0.1684727049683091,1494.9,903.1,1718.2,953.6,807.0,1203.2,1324.3,8404.6,17941.0663,10835.73602,20618.7241,11443.23416,9682.1441,14441.227000000003,15892.18762,100854.3179,135417.0,133.0,31.0,130.0,11.0
Virginia,51045,Craig County,2562,542,3121,2020.0,0.8208907401473886,0.1736622877282922,0.6472284524190964,866.9,900.5,1653.5,1056.0,594.6,849.0,921.4,6841.8,10401.34703,10806.5291,19842.5611,12673.149959999999,7135.529149999999,10187.10758,11056.598600000001,82102.8226,83958.0,133.0,97.0,81.0,71.0
Virginia,51047,Culpeper County,17685,10557,28553,7128.0,0.6193744965502749,0.3697334780933702,0.2496410184569046,1335.2,917.5,1635.3,1056.0,757.9,1220.8,1273.1,8195.9,16022.4,11010.97696,19622.9048,12673.149959999999,9095.55691,14651.309299999999,15275.840830000001,98352.1387,106515.0,133.0,35.0,103.0,32.0
Virginia,51049,Cumberland County,3335,2117,5486,1218.0,0.6079110462996719,0.3858913598250091,0.2220196864746627,1052.9,827.6,1582.4,964.7,632.7,711.0,862.2,6633.1,12634.8,9930.32415,18989.2467,11576.21858,7592.183950000001,8530.48708,10345.44581,79598.707,64831.0,133.0,104.0,17.0,117.0
Virginia,51051,Dickenson County,5701,1316,7047,4385.0,0.8089967361998013,0.1867461331062863,0.6222506030935149,945.1,861.6,1533.7,1032.1,607.9,745.8,851.1,6577.2,11341.2,10339.21989,18403.8301,12385.37339,7294.51943,8948.8888,10212.87053,78925.9023,53162.0,133.0,109.0,3.0,132.0
Virginia,51053,Dinwiddie County,9549,5942,15589,3607.0,0.6125473089999358,0.3811662069407915,0.2313811020591442,1480.1,856.8,1711.1,988.5,786.1,1038.6,1243.0,8104.3,17759.077,10280.805960000002,20533.749499999998,11863.99498,9434.20282,12462.30282,14916.39444,97250.5276,97563.0,133.0,43.0,86.0,45.0
Virginia,51057,Essex County,3245,2775,6064,470.0,0.5351253298153035,0.4576187335092348,0.0775065963060686,1112.1,903.1,1514.9,1032.1,678.0,955.4,1011.7,7207.3,13345.2,10835.73602,18179.0833,12385.37339,8135.83445,11467.03612,12140.85493,86489.11779999999,73065.0,133.0,79.0,23.0,97.0
Virginia,51059,Fairfax County,181895,386438,584387,-204543.0,0.3112577795193938,0.6612706990401909,-0.350012919520797,2451.6,1122.0,1376.6,953.6,1202.3,2007.6,2070.7,11184.1,29418.071799999998,13464.35116,16519.506400000002,11443.23416,14428.072460000001,24089.075,24849.042999999998,134211.3544,178683.0,133.0,6.0,128.0,4.0
Virginia,51061,Fauquier County,26825,17180,44537,9645.0,0.6023081931876867,0.3857466825336237,0.2165615106540629,1716.2,978.5,1712.4,953.6,906.5,1112.4,1434.8,8814.3,20592.6504,11741.14791,20549.624,11443.23416,10878.91861,13348.76668,17217.4274,105771.76999999999,148586.0,133.0,22.0,131.0,7.0
Virginia,51063,Floyd County,6551,2968,9625,3583.0,0.6806233766233766,0.3083636363636363,0.3722597402597402,992.3,939.7,1626.1,1032.1,650.0,753.0,942.9,6935.7,11907.6,11273.838440000001,19512.1077,12385.37339,7799.547049999999,9033.82274,11316.17892,83228.4672,81781.0,133.0,91.0,73.0,79.0
Virginia,51065,Fluvanna County,8777,7731,16678,1046.0,0.5262621417436143,0.4635447895431107,0.0627173522005036,1400.2,934.6,1726.7,991.4,785.7,1099.2,1272.6,8210.6,16803.784200000002,11215.42506,20720.362,11896.36111,9427.24672,13192.280340000001,15273.120740000002,98528.5778,101856.0,133.0,34.0,89.0,38.0
Virginia,51067,Franklin County,22319,8321,30912,13998.0,0.7220173395445134,0.2691834886128364,0.452833850931677,975.8,849.4,1584.2,1056.0,614.2,995.4,974.2,7049.3,11709.6,10193.185529999999,19010.8265,12673.149959999999,7369.33577,11945.39014,11690.94415,84592.4313,84085.0,133.0,84.0,72.0,69.0
Virginia,51069,Frederick County,33117,18331,52040,14786.0,0.6363758647194466,0.3522482705611068,0.2841275941583397,1584.8,937.2,1576.8,1056.0,848.5,1137.6,1350.2,8490.9,19016.787,11244.63203,18920.247,12673.149959999999,10181.65288,13651.065419999999,16202.39504,101889.9291,111801.0,133.0,28.0,107.0,27.0
Virginia,51071,Giles County,7102,2069,9234,5033.0,0.7691141433831492,0.2240632445310807,0.5450508988520684,988.4,813.0,1550.7,1056.0,606.0,954.0,935.5,6903.7,11860.8,9755.0828,18608.0055,12673.149959999999,7272.805619999999,11449.95994,11223.38916,82843.1942,80086.0,133.0,95.0,68.0,84.0
Virginia,51073,Gloucester County,15918,7034,23149,8884.0,0.6876322951315391,0.3038576180396561,0.3837746770918829,1352.2,871.5,1620.1,999.4,747.9,1253.0,1242.8,8086.6,16222.304399999999,10456.04707,19441.615100000003,11993.4596,8976.10637,15036.1646,14914.27615,97039.973,97636.0,133.0,41.0,84.0,44.0
Virginia,51075,Goochland County,11521,7875,19616,3646.0,0.5873266721044046,0.4014579934747145,0.1858686786296901,1867.1,922.5,1700.2,988.5,938.7,1315.8,1564.6,9297.3,22406.1791,11069.39069,20403.2723,11863.99498,11263.07508,15787.4912,18774.9386,111568.3402,138526.0,133.0,15.0,125.0,10.0
Virginia,51077,Grayson County,6544,1503,8104,5041.0,0.807502467917078,0.1854639684106614,0.6220384995064167,1016.7,827.6,1588.4,1032.1,620.6,745.8,890.1,6721.1,12200.4,9930.32415,19059.9719,12385.37339,7446.0273799999995,8948.8888,10681.34023,80652.3269,58638.0,133.0,107.0,6.0,127.0
Virginia,51079,Greene County,7432,4456,12038,2976.0,0.6173783020435288,0.3701611563382622,0.2472171457052666,1793.3,837.2,1739.6,991.4,884.9,1099.2,1424.1,8769.7,21516.866,10047.15166,20875.491199999997,11896.36111,10619.920549999999,13192.280340000001,17090.009,105238.0791,92248.0,133.0,24.0,37.0,55.0
Virginia,51081,Greensville County,1936,2334,4296,-398.0,0.4506517690875233,0.5432960893854749,-0.0926443202979516,1001.1,807.9,1551.9,1032.1,608.6,975.2,943.5,6920.2,12010.444930000001,9696.66936,18622.6742,12385.37339,7303.50114,11700.09682,11322.612539999998,83041.37389999999,71509.0,133.0,93.0,30.0,102.0
Virginia,51083,Halifax County,10741,6984,17844,3757.0,0.6019390271239632,0.3913920645595158,0.2105469625644473,978.3,815.2,1517.1,1032.1,603.5,726.6,833.8,6506.4,11739.6,9784.28995,18205.2524,12385.37339,7241.85393,8717.41274,10004.73954,78078.5233,65204.0,133.0,122.0,22.0,115.0
Virginia,51085,Hanover County,45569,26733,73087,18836.0,0.6234898135099265,0.3657695623024614,0.257720251207465,1782.2,932.1,1648.1,988.5,913.5,1317.2,1511.8,9094.0,21390.965799999998,11186.21814,19778.162,11863.99498,10960.807250000002,15806.472399999999,18140.9898,109127.61240000001,130347.0,133.0,17.0,121.0,14.0
Virginia,51087,Henrico County,62882,115040,180642,-52158.0,0.3481028775146422,0.6368397161236036,-0.2887368386089614,1756.3,971.1,1391.3,988.5,917.6,1260.4,1402.5,8687.8,21076.3928,11653.527030000001,16693.3194,11863.99498,11012.19631,15124.2942,16829.89431,104253.62120000001,110829.0,133.0,27.0,102.0,28.0
Virginia,51089,Henry County,16800,8457,25413,8343.0,0.6610789753275882,0.332782434187227,0.3282965411403611,909.0,793.4,1463.5,1032.1,572.8,712.6,772.5,6256.4,10908.027170000001,9521.4285,17562.206400000003,12385.37339,6873.62427,8553.22496,9272.49663,75076.38149999999,66391.0,133.0,128.0,32.0,114.0
Virginia,51091,Highland County,1095,416,1529,679.0,0.7161543492478745,0.2720732504905166,0.4440810987573578,989.4,893.1,1660.0,1007.5,633.6,1180.2,1076.7,7440.7,11872.8,10718.90879,19921.1698,12094.07759,7601.128570000001,14160.401679999999,12919.27604,89287.7619,77009.0,133.0,63.0,27.0,93.0
Virginia,51093,Isle of Wight County,14659,9779,24672,4880.0,0.594155317769131,0.3963602464332036,0.1977950713359273,1551.4,910.3,1607.0,999.4,828.2,1099.2,1296.9,8293.1,18618.7817,10923.35663,19284.4581,11993.4596,9939.64598,13192.280340000001,15563.61036,99515.5909,115292.0,133.0,39.0,116.0,24.0
Virginia,51095,James City County,23575,26742,50892,-3167.0,0.4632358720427572,0.5254656920537609,-0.0622298200110036,1761.8,1044.1,1487.1,999.4,944.0,1168.6,1448.7,8854.3,21142.8803,12529.732520000001,17845.783799999997,11993.4596,11329.37173,14023.795400000003,17384.64406,106249.6687,127805.0,133.0,25.0,123.0,16.0
Virginia,51097,King and Queen County,2608,1536,4173,1072.0,0.6249700455307932,0.3680805176132279,0.2568895279175652,1244.4,919.9,1639.8,1031.9,728.3,1060.8,1164.0,7789.1,14932.8,11040.18372,19678.203,12381.853959999999,8738.7806,12728.24172,13969.80767,93469.8728,87278.0,133.0,54.0,59.0,62.0
Virginia,51099,King George County,9500,5657,15362,3843.0,0.6184090613201406,0.3682463220934774,0.2501627392266632,1575.3,885.9,1759.4,980.7,828.1,1068.4,1334.3,8432.5,18903.6,10631.288219999999,21113.0558,11770.415669999998,9937.20676,12820.77,16010.560829999999,101186.8992,124229.0,133.0,33.0,124.0,19.0
Virginia,51101,King William County,8080,3388,11561,4692.0,0.6989014791108036,0.2930542340627973,0.4058472450480062,1484.9,919.9,1774.2,988.5,809.1,980.4,1274.9,8232.1,17816.2723,11040.18372,21288.711799999997,11863.99498,9708.94409,11767.69726,15298.92502,98784.7301,99444.0,133.0,40.0,88.0,41.0
Virginia,51103,Lancaster County,3866,3355,7279,511.0,0.53111691166369,0.4609149608462701,0.0702019508174199,1175.9,871.5,1508.6,1032.1,688.8,1018.4,1046.8,7341.8,14110.8,10456.04707,18102.4635,12385.37339,8265.67685,12220.60562,12559.42607,88100.3924,84207.0,133.0,70.0,61.0,66.0
Virginia,51105,Lee County,8674,1391,10108,7283.0,0.8581321725366047,0.1376137712702809,0.7205184012663237,976.2,778.8,1514.3,1032.1,590.4,772.4,832.2,6496.6,11714.4,9346.187390000001,18173.073800000002,12385.37339,7085.972810000001,9267.738000000001,9986.42253,77959.1678,60200.0,133.0,121.0,12.0,123.0
Virginia,51107,Loudoun County,92107,129280,228208,-37173.0,0.4036098646848489,0.5665007361705111,-0.1628908714856622,2547.2,1080.6,1554.6,953.6,1220.7,2069.2,2184.9,11610.7,30565.7725,12967.83483,18655.6018,11443.23416,14647.1677,24829.585400000004,26218.7734,139327.9743,200316.0,133.0,5.0,132.0,2.0
Virginia,51109,Louisa County,15084,8779,24067,6305.0,0.6267503220177005,0.3647733410894586,0.2619769809282419,1285.3,866.6,1635.6,964.7,723.8,1180.2,1176.9,7833.0,15423.6,10397.6336,19628.1181,11576.21858,8687.7233,14160.401679999999,14123.5094,93997.2041,98639.0,133.0,50.0,96.0,43.0
Virginia,51111,Lunenburg County,3594,2253,5879,1341.0,0.6113284572206158,0.3832284402109202,0.2281000170096955,993.3,820.4,1552.3,1032.1,610.3,726.6,856.2,6590.7,11919.6,9842.70386,18628.1227,12385.37339,7322.06982,8717.41274,10274.69313,79089.9753,70348.0,133.0,115.0,41.0,105.0
Virginia,51113,Madison County,5671,2700,8439,2971.0,0.6719990520203816,0.3199431212228937,0.3520559307974878,1087.8,837.2,1575.3,1056.0,647.6,1398.8,1161.3,7764.1,13053.6,10047.15166,18903.664299999997,12673.149959999999,7772.3992800000005,16783.977600000002,13935.956160000002,93169.8986,104444.0,133.0,45.0,110.0,34.0
Virginia,51115,Mathews County,4106,1774,5929,2332.0,0.6925282509698094,0.2992072862202732,0.3933209647495361,1309.4,871.5,1629.4,999.4,733.9,938.0,1111.3,7592.6,15711.8127,10456.04707,19550.8678,11993.4596,8804.34803,11259.642600000001,13334.52006,91110.69690000001,90667.0,133.0,67.0,80.0,56.0
Virginia,51117,Mecklenburg County,9791,6404,16266,3387.0,0.6019304069838928,0.3937046600270503,0.2082257469568424,991.7,820.4,1509.0,1032.1,609.7,757.8,849.8,6570.4,11900.4,9842.70386,18107.571900000003,12385.37339,7315.60965,9091.0683,10200.11217,78842.8404,73620.0,133.0,114.0,54.0,96.0
Virginia,51119,Middlesex County,4357,2473,6882,1884.0,0.6331008427782622,0.3593432141819239,0.2737576285963383,1244.4,871.5,1507.1,1032.1,711.7,1018.4,1077.2,7462.8,14932.8,10456.04707,18087.0144,12385.37339,8542.24412,12220.60562,12928.53282,89552.6191,92500.0,133.0,62.0,82.0,52.0
Virginia,51121,Montgomery County,22179,23811,46767,-1632.0,0.4742446596959394,0.5091410610045545,-0.034896401308615,1438.7,939.7,1432.5,1056.0,800.0,1231.2,1266.1,8164.4,17266.597700000002,11273.838440000001,17188.53,12673.149959999999,9602.61706,14774.400900000002,15192.796590000002,97971.9308,104860.0,133.0,38.0,101.0,33.0
Virginia,51125,Nelson County,5004,4298,9388,706.0,0.5330208777162335,0.4578184916915211,0.0752023860247124,1134.3,871.5,1752.6,991.4,674.7,1186.6,1158.9,7769.8,13609.2026,10456.04707,21029.7081,11896.36111,8096.91125,14240.38542,13908.577970000002,93237.1958,87393.0,133.0,46.0,50.0,61.0
Virginia,51127,New Kent County,10974,5641,16744,5333.0,0.6553989488772097,0.3368967988533206,0.3185021500238891,1969.6,919.9,1753.2,988.5,972.2,1017.0,1520.4,9140.9,23635.8736,11040.18372,21037.7733,11863.99498,11666.98708,12203.94838,18245.0851,109693.84520000001,127429.0,133.0,19.0,117.0,18.0
Virginia,51131,Northampton County,3183,3603,6832,-420.0,0.4658957845433255,0.5273711943793911,-0.0614754098360655,1045.9,825.1,1467.8,1032.1,629.6,885.8,911.9,6798.0,12550.8,9901.11721,17615.1242,12385.37339,7554.09491,10629.5561,10941.476180000001,81577.5426,79073.0,133.0,102.0,71.0,89.0
Virginia,51133,Northumberland County,4938,3202,8205,1736.0,0.6018281535648995,0.3902498476538696,0.2115783059110298,1211.6,963.7,1573.7,1032.1,731.9,1018.4,1126.6,7658.3,14539.2,11565.906899999998,18884.6228,12385.37339,8783.23461,12220.60562,13519.33766,91898.2799,83778.0,133.0,53.0,42.0,73.0
Virginia,51135,Nottoway County,4168,2636,6853,1532.0,0.6082007879760689,0.3846490588063622,0.2235517291697067,1036.5,827.6,1470.7,1032.1,627.2,701.8,844.0,6539.4,12438.0,9930.32415,17648.592,12385.37339,7525.969340000001,8418.229940000001,10128.07673,78474.5647,84167.0,133.0,125.0,105.0,67.0
Virginia,51137,Orange County,13764,8274,22247,5490.0,0.6186901604710747,0.3719153144244168,0.2467748460466579,1298.8,871.5,1666.0,980.7,730.2,1220.2,1218.5,7986.0,15585.6,10456.04707,19993.8894,11770.415669999998,8761.88302,14641.809399999998,14622.35915,95832.0048,109756.0,133.0,42.0,113.0,29.0
Virginia,51139,Page County,10123,2976,13211,7147.0,0.7662553932329119,0.2252668231019605,0.5409885701309514,988.1,820.4,1519.8,1032.1,608.5,1180.2,1001.0,7149.8,11857.2,9842.70386,18236.8829,12385.37339,7301.0749,14160.401679999999,12012.65591,85796.2924,72553.0,133.0,81.0,25.0,100.0
Virginia,51141,Patrick County,7746,1886,9698,5860.0,0.7987213858527531,0.1944730872344813,0.6042482986182718,951.1,793.4,1549.0,1032.1,587.0,695.8,809.8,6418.3,11413.2,9521.4285,18586.3565,12385.37339,7043.593159999999,8350.28258,9718.91501,77019.1502,72813.0,133.0,126.0,58.0,98.0
Virginia,51143,Pittsylvania County,24310,9599,34100,14711.0,0.7129032258064516,0.2814956011730205,0.4314076246334311,1022.4,856.8,1524.8,1032.1,632.1,667.6,856.0,6591.3,12266.39737,10280.805960000002,18295.4656,12385.37339,7586.15469,8013.31626,10270.96578,79098.4794,69093.0,133.0,119.0,34.0,107.0
Virginia,51145,Powhatan County,14918,5734,20841,9184.0,0.7158005853845785,0.2751307518833069,0.4406698335012715,1318.9,854.3,1761.7,988.5,731.3,1057.2,1186.8,7899.3,15828.743400000001,10251.599189999999,21140.8344,11863.99498,8774.90225,12688.65972,14243.556359999999,94792.2898,124149.0,133.0,49.0,129.0,20.0
Virginia,51147,Prince Edward County,4782,4539,9424,243.0,0.5074278438030561,0.4816426146010186,0.0257852292020374,1099.6,827.6,1500.1,1032.1,648.5,765.0,898.3,6771.3,13195.2,9930.32415,18001.7002,12385.37339,7780.734299999999,9181.30896,10780.30015,81254.94,76335.0,133.0,99.0,53.0,94.0
Virginia,51149,Prince George County,10590,6842,17596,3748.0,0.6018413275744487,0.3888383723573539,0.2130029552170947,1862.3,900.5,1643.3,988.5,929.7,1038.6,1428.9,8792.3,22348.9831,10806.5291,19722.3488,11863.99498,11155.38982,12462.30282,17148.165,105507.7138,96176.0,133.0,26.0,56.0,46.0
Virginia,51153,Prince William County,90203,131128,227591,-40925.0,0.3963381680294915,0.5761563506465546,-0.179818182617063,2200.7,995.4,1553.4,953.6,1075.4,1654.4,1820.9,10253.9,26410.3054,11945.595819999999,18639.7687,11443.23416,12905.09425,19851.462,21851.4394,123046.89920000001,141710.0,133.0,8.0,114.0,9.0
Virginia,51155,Pulaski County,12732,4830,17690,7902.0,0.7197286602600339,0.2730356133408705,0.4466930469191633,1013.6,813.0,1491.6,1056.0,614.6,954.0,929.1,6871.8,12163.2,9755.0828,17897.667800000003,12673.149959999999,7374.550020000001,11449.95994,11147.92357,82461.5334,79338.0,133.0,96.0,67.0,87.0
Virginia,51157,Rappahannock County,2943,2041,5038,902.0,0.5841603811036126,0.4051210797935689,0.1790393013100437,1271.3,917.5,1702.4,1031.9,736.3,1592.6,1396.0,8648.1,15255.6,11010.97696,20428.355199999998,12381.853959999999,8837.56209,19111.1924,16752.45188,103777.993,100202.0,133.0,21.0,63.0,39.0
Virginia,51159,Richmond County,2697,1439,4161,1258.0,0.6481614996395098,0.3458303292477769,0.3023311703917328,1159.2,963.7,1493.9,964.7,714.3,1026.6,1059.2,7382.0,13910.4,11565.906899999998,17927.2111,11576.21858,8571.670470000001,12322.26842,12711.78857,88585.4638,84722.0,133.0,66.0,57.0,65.0
Virginia,51161,Roanoke County,34453,21693,56789,12760.0,0.6066843931042983,0.381992991600486,0.2246914015038123,1366.8,885.9,1455.9,1018.4,758.0,1230.4,1201.1,7916.5,16402.1242,10631.288219999999,17470.6991,12220.02292,9095.568920000002,14762.13234,14415.309659999999,94997.14660000001,102484.0,133.0,47.0,104.0,36.0
Virginia,51163,Rockbridge County,8468,4160,12752,4308.0,0.6640526976160602,0.3262233375156838,0.3378293601003764,1032.7,837.2,1559.7,1032.1,629.2,1208.0,1059.9,7359.4,12395.4024,10047.15166,18717.6512,12385.37339,7550.94439,14495.703599999999,12719.24808,88311.4744,79266.0,133.0,69.0,39.0,88.0
Virginia,51165,Rockingham County,33033,15035,48581,17998.0,0.67995718490768,0.3094831312653094,0.3704740536423705,1316.8,803.3,1578.2,1056.0,713.2,1031.8,1120.3,7619.4,15802.4562,9638.25564,18936.8328,12673.149959999999,8559.69423,12380.511540000001,13442.926989999998,91433.8277,95354.0,133.0,59.0,94.0,48.0
Virginia,51167,Russell County,11303,2172,13525,9131.0,0.8357116451016636,0.1605914972273567,0.6751201478743069,960.7,820.4,1513.2,1032.1,599.2,745.8,833.9,6505.0,11528.4,9842.70386,18158.557,12385.37339,7190.447819999999,8948.8888,10006.42077,78060.7924,66688.0,133.0,120.0,28.0,113.0
Virginia,51169,Scott County,9392,1607,11057,7785.0,0.8494166591299629,0.1453377950619517,0.7040788640680111,795.7,817.8,1531.6,1050.7,543.0,716.8,763.7,6219.6,9551.24731,9813.49677,18379.123499999998,12608.41754,6515.39516,8604.67538,9163.14004,74635.4958,64908.0,133.0,130.0,31.0,116.0
Virginia,51171,Shenandoah County,17215,6914,24380,10301.0,0.7061115668580804,0.2835931091058244,0.4225184577522559,1200.6,859.2,1547.4,1032.1,693.1,797.8,990.5,7120.5,14407.2,10310.01301,18569.8177,12385.37339,8316.268540000001,9571.7019,11886.97293,85447.34719999999,80946.0,133.0,85.0,64.0,82.0
Virginia,51173,Smyth County,11521,2805,14420,8716.0,0.7989597780859917,0.1945214979195561,0.6044382801664355,970.6,839.6,1501.7,1032.1,609.0,744.0,841.6,6538.7,11647.2,10076.35831,18021.0552,12385.37339,7309.033530000001,8926.7119,10099.56001,78465.2931,64737.0,133.0,118.0,21.0,118.0
Virginia,51175,Southampton County,6133,3626,9831,2507.0,0.6238429457837453,0.3688332824738073,0.2550096633099379,1098.6,805.6,1614.8,1056.0,640.5,1037.0,1030.7,7283.1,13179.7467,9667.46257,19377.5389,12673.149959999999,7687.093459999999,12441.36292,12370.45871,87396.8131,89817.0,133.0,74.0,83.0,58.0
Virginia,51177,Spotsylvania County,42531,35747,79209,6784.0,0.5369465591031323,0.4512997260412327,0.0856468330618995,1904.9,959.0,1653.6,953.6,963.7,1280.2,1557.4,9273.0,22861.667800000003,11507.49323,19844.6798,11443.23416,11563.72938,15362.6434,18692.7621,111276.20930000002,121211.0,133.0,13.0,108.0,22.0
Virginia,51179,Stafford County,40590,41252,83123,-662.0,0.4883125007518978,0.496276602143811,-0.0079641013919131,2116.2,966.2,1637.4,953.6,1037.2,1345.6,1681.6,9738.1,25394.5245,11595.11371,19649.8082,11443.23416,12445.40625,16149.207799999998,20179.1835,116856.4778,148238.0,133.0,10.0,127.0,8.0
Virginia,51181,Surry County,2205,2176,4429,29.0,0.4978550462858433,0.4913072928426281,0.0065477534432151,1017.5,1044.1,1617.2,975.5,693.8,1018.4,1075.7,7442.1,12210.0,12529.732520000001,19407.1032,11705.68341,8323.84528,12220.60562,12908.63949,89305.60990000001,92794.0,133.0,68.0,91.0,51.0
Virginia,51183,Sussex County,2322,2539,4892,-217.0,0.4746524938675388,0.5190106295993459,-0.044358135731807,1134.2,900.5,1694.6,1031.9,684.6,1038.6,1113.0,7597.6,13612.432999999999,10806.5291,20335.4207,12381.853959999999,8215.91982,12462.30282,13358.211449999999,91172.6695,82692.0,133.0,58.0,45.0,75.0
Virginia,51185,Tazewell County,16711,3030,19858,13681.0,0.841524826266492,0.1525833417262564,0.6889414845402356,936.9,813.0,1462.5,1032.1,588.7,745.8,803.2,6382.2,11242.8,9755.0828,17551.6326,12385.37339,7064.875389999999,8948.8888,9639.35555,76588.0088,63826.0,133.0,124.0,20.0,120.0
Virginia,51187,Warren County,15400,6910,22561,8490.0,0.6825938566552902,0.3062807499667568,0.3763131066885333,1253.6,932.1,1594.8,953.6,735.5,1038.6,1123.6,7632.0,15043.2,11186.21814,19138.345699999998,11443.23416,8825.05975,12462.30282,13483.91844,91582.2801,96160.0,133.0,57.0,95.0,47.0
Virginia,51191,Washington County,22455,6772,29412,15683.0,0.7634638922888617,0.2302461580307357,0.5332177342581259,995.9,885.9,1495.1,1050.7,633.0,916.8,941.9,6919.6,11949.83135,10631.288219999999,17942.0356,12608.41754,7597.565550000001,11003.69206,11302.451519999999,83035.282,81978.0,133.0,92.0,76.0,77.0
Virginia,51193,Westmoreland County,6003,4491,10581,1512.0,0.5673376807485114,0.4244400340232492,0.1428976467252622,1251.3,885.9,1519.3,980.7,719.1,1018.4,1079.0,7453.7,15015.6,10631.288219999999,18232.874799999998,11770.415669999998,8629.06387,12220.60562,12946.6097,89446.4583,83606.0,133.0,73.0,60.0,74.0
Virginia,51195,Wise County,13655,3036,16776,10619.0,0.813960419647115,0.1809728183118741,0.6329876013352409,1022.6,861.6,1447.0,1032.1,633.9,745.8,860.6,6603.5,12271.57027,10339.21989,17364.4323,12385.37339,7607.5485100000005,8948.8888,10326.343850000001,79243.3774,61220.0,133.0,113.0,14.0,122.0
Virginia,51197,Wythe County,12267,3075,15439,9192.0,0.7945462789040741,0.1991709307597642,0.5953753481443099,946.1,827.6,1546.1,1032.1,596.8,755.2,841.9,6545.6,11353.2,9930.32415,18552.7749,12385.37339,7160.981140000001,9061.96482,10102.70423,78547.3236,77571.0,133.0,112.0,74.0,92.0
Virginia,51199,York County,20722,18296,39540,2426.0,0.5240768841679312,0.4627212948912493,0.0613555892766818,2099.7,900.5,1467.3,999.4,1009.5,1213.8,1552.3,9243.0,25198.4582,10806.5291,17608.1568,11993.4596,12114.1139,14565.181900000001,18628.2723,110914.1724,128487.0,133.0,18.0,118.0,15.0
Virginia,51510,Alexandria city,16112,62326,80062,-46214.0,0.201244035872199,0.7784716844445555,-0.5772276485723564,2232.8,1202.3,1056.7,953.6,1155.7,2961.0,2246.6,11808.8,26792.8727,14428.1767,12681.51858,11443.23416,13869.09217,35530.657999999996,26960.342599999996,141705.8952,153506.0,133.0,2.0,93.0,6.0
Virginia,51520,Bristol city,5197,2231,7479,2966.0,0.6948789945179837,0.2983019120203236,0.3965770824976601,927.7,885.9,1264.0,1050.7,610.2,718.8,764.5,6221.9,11131.15267,10631.288219999999,15167.7418,12608.41754,7322.11608,8626.932420000001,9173.89543,74661.5444,69141.0,133.0,131.0,48.0,106.0
Virginia,51530,Buena Vista city,2035,767,2853,1268.0,0.7132842621801613,0.2688398177357168,0.4444444444444445,1152.7,837.2,1377.9,1032.1,669.6,1105.0,1015.4,7190.0,13834.61779,10047.15166,16533.970800000003,12385.37339,8035.177559999999,13258.936800000001,12185.34245,86280.57029999999,59388.0,133.0,82.0,4.0,126.0
Virginia,51540,Charlottesville city,3428,19435,23303,-16007.0,0.1471055228940479,0.8340127880530404,-0.6869072651589924,1734.4,1190.3,1236.1,991.4,984.1,1577.4,1565.1,9278.8,20814.9182,14282.142499999998,14832.161199999999,11896.36111,11808.63648,18929.3952,18781.997320000002,111345.6133,114786.0,133.0,12.0,85.0,25.0
Virginia,51550,Chesapeake city,60550,65399,127493,-4849.0,0.4749280352646812,0.5129614959252665,-0.0380334606605853,1799.6,922.5,1446.9,999.4,915.9,1226.6,1415.4,8726.6,21596.6521,11069.39069,17364.8329,11993.4596,10990.70439,14721.2592,16983.44942,104719.7475,113205.0,133.0,29.0,111.0,26.0
Virginia,51570,Colonial Heights city,5883,2982,8941,2901.0,0.6579800917123364,0.3335197405211945,0.3244603511911419,1384.3,803.3,1399.1,988.5,736.1,1577.0,1265.6,8154.2,16615.1753,9638.25564,16790.1794,11863.99498,8833.13905,18923.5196,15187.561299999998,97851.8252,92308.0,133.0,37.0,55.0,53.0
Virginia,51580,Covington city,1642,818,2475,824.0,0.6634343434343435,0.3305050505050505,0.3329292929292929,1030.6,900.5,1381.2,1032.1,649.7,732.2,853.3,6579.6,12366.62632,10806.5291,16576.2595,12385.37339,7796.760270000001,8784.7014,10239.03896,78955.2886,57125.0,133.0,111.0,5.0,128.0
Virginia,51590,Danville city,6894,10615,17667,-3721.0,0.3902190524707081,0.600837720043018,-0.2106186675723099,964.7,827.6,1212.7,1032.1,603.2,613.0,701.1,5954.9,11578.562520000001,9930.32415,14553.9725,12385.37339,7236.805960000001,7357.74948,8415.83149,71458.62000000001,59705.0,133.0,133.0,24.0,125.0
Virginia,51595,Emporia city,744,1419,2178,-675.0,0.3415977961432507,0.6515151515151515,-0.3099173553719008,1105.2,807.9,1254.7,1032.1,643.6,941.4,877.1,6662.0,13261.533370000001,9696.66936,15056.5197,12385.37339,7724.43798,11295.886199999999,10524.91002,79945.3309,59935.0,133.0,105.0,8.0,124.0
Virginia,51600,Fairfax city,4302,8797,13445,-4495.0,0.3199702491632577,0.6542952770546672,-0.3343250278914094,2332.7,1070.9,1351.5,953.6,1145.0,2007.6,1978.7,10840.2,27993.3407,12851.00794,16218.9367,11443.23416,13742.34892,24089.075,23744.3478,130082.29280000001,167182.0,133.0,7.0,126.0,5.0
Virginia,51610,Falls Church city,1620,7200,8969,-5580.0,0.1806221429367822,0.8027650797190322,-0.62214293678225,2424.0,1122.0,1191.7,953.6,1193.2,2513.0,2178.4,11575.8,29088.272999999997,13464.35116,14299.762400000001,11443.23416,14317.10964,30156.3722,26141.5319,138910.63689999998,211445.0,133.0,3.0,133.0,1.0
Virginia,51620,Franklin city,1476,2359,3876,-883.0,0.3808049535603715,0.6086171310629515,-0.2278121775025799,1175.2,903.1,1327.6,1018.4,699.2,1146.4,1041.6,7311.0,14100.9122,10835.73602,15929.8674,12220.02292,8390.0988,13758.346179999999,12497.11939,87732.10250000001,82159.0,133.0,72.0,51.0,76.0
Virginia,51630,Fredericksburg city,4480,8760,13495,-4280.0,0.3319748054835124,0.6491293071507966,-0.3171545016672842,1672.2,1058.8,1296.1,953.6,918.8,1436.4,1427.6,8763.2,20064.9718,12704.97347,15553.530799999999,11443.23416,11025.663219999999,17234.4028,17132.61969,105159.39810000002,130516.0,133.0,20.0,122.0,13.0
Virginia,51640,Galax city,1946,753,2717,1193.0,0.7162311372837689,0.2771439087228561,0.4390872285609127,1020.4,851.9,1329.1,1032.1,629.9,745.8,816.7,6425.9,12244.74266,10222.392530000001,15950.010700000003,12385.37339,7559.21513,8948.8888,9799.46115,77110.0843,67361.0,133.0,127.0,35.0,112.0
Virginia,51650,Hampton city,18383,43357,62632,-24974.0,0.2935081108698429,0.6922499680674415,-0.3987418571975986,1590.6,885.9,1334.1,999.4,833.1,1038.2,1182.8,7864.3,19086.733,10631.288219999999,16011.069599999999,11993.4596,9998.82297,12458.08262,14192.99743,94372.4527,83915.0,133.0,55.0,47.0,72.0
Virginia,51660,Harrisonburg city,6266,10641,17245,-4375.0,0.3633516961438098,0.6170484198318353,-0.2536967236880255,1311.2,924.8,1285.7,1056.0,752.4,950.4,1044.6,7324.9,15732.2225,11098.59742,15428.381,12673.149959999999,9027.4056,11404.40432,12534.18455,87898.3467,80804.0,133.0,77.0,49.0,83.0
Virginia,51670,Hopewell city,3838,5078,9006,-1240.0,0.4261603375527426,0.5638463246724406,-0.1376859871196979,1292.6,878.6,1346.0,988.5,730.7,1060.8,1048.5,7345.8,15514.169899999999,10543.667669999999,16150.462,11863.99498,8767.330189999999,12728.24172,12580.83855,88148.7054,56184.0,133.0,76.0,2.0,131.0
Virginia,51678,Lexington city,1030,1795,2863,-765.0,0.3597624869018512,0.6269647223192455,-0.2672022354173943,1064.2,837.2,1211.3,1032.1,640.0,1208.0,957.8,6950.8,12771.41354,10047.15166,14537.0676,12385.37339,7677.4558799999995,14495.703599999999,11493.523940000001,83407.69029999999,102042.0,133.0,86.0,119.0,37.0
Virginia,51680,Lynchburg city,19574,16664,36715,2910.0,0.5331335966226338,0.4538744382405011,0.0792591583821326,1324.3,893.1,1284.3,1056.0,746.2,807.8,983.4,7095.6,15891.968599999998,10718.90879,15412.161499999998,12673.149959999999,8953.404050000001,9695.28316,11800.9647,85145.83959999999,74281.0,133.0,89.0,38.0,95.0
Virginia,51683,Manassas city,6670,9048,16021,-2378.0,0.416328568753511,0.5647587541351976,-0.1484301853816865,2017.2,927.4,1480.9,953.6,990.8,1474.6,1606.8,9451.5,24207.2475,11127.8045,17771.3004,11443.23416,11888.70994,17695.744199999997,19282.4363,113416.4767,123914.0,133.0,11.0,109.0,21.0
Virginia,51685,Manassas Park city,2314,3506,5967,-1192.0,0.3877995642701525,0.587564940506117,-0.1997653762359644,2391.4,927.4,1582.6,953.6,1116.3,2358.4,2150.4,11480.0,28692.513799999997,11127.8045,18991.2558,11443.23416,13397.807279999999,28302.3744,25805.4159,137760.40649999998,103326.0,133.0,4.0,7.0,35.0
Virginia,51690,Martinsville city,2155,3435,5658,-1280.0,0.380876634853305,0.6071049840933191,-0.2262283492400141,1010.8,793.4,1289.0,1032.1,607.1,712.6,760.6,6205.7,12130.34507,9521.4285,15468.338800000001,12385.37339,7284.88127,8553.22496,9126.32749,74469.9197,56941.0,133.0,129.0,9.0,129.0
Virginia,51700,Newport News city,26385,48169,75629,-21784.0,0.3488741091380291,0.636911766650359,-0.2880376575123299,1518.4,907.8,1282.0,999.4,816.3,1057.2,1149.1,7730.6,18221.7318,10894.14988,15384.1161,11993.4596,9796.22938,12686.54962,13790.160339999999,92766.3958,81141.0,133.0,64.0,40.0,81.0
Virginia,51710,Norfolk city,24377,59941,85643,-35564.0,0.2846350548205925,0.6998937449645622,-0.4152586901439697,1472.1,912.7,1213.4,999.4,802.6,1210.6,1162.6,7773.8,17668.6985,10952.563259999999,14560.3451,11993.4596,9629.81144,14527.8074,13951.435379999999,93284.12180000001,81328.0,133.0,56.0,36.0,80.0
Virginia,51720,Norton city,1174,458,1643,716.0,0.714546561168594,0.2787583688374924,0.4357881923311016,890.0,861.6,1279.0,1032.1,589.3,745.8,747.8,6145.2,10677.859480000001,10339.21989,15347.6054,12385.37339,7071.33417,8948.8888,8972.40134,73742.6822,56389.0,133.0,132.0,11.0,130.0
Virginia,51730,Petersburg city,1702,11219,13077,-9517.0,0.1301521755754378,0.857918482832454,-0.7277663072570162,1348.8,803.3,1304.8,988.5,724.0,869.4,956.0,6995.0,16186.2119,9638.25564,15657.092800000002,11863.99498,8688.81165,10432.78382,11473.018390000001,83940.1684,64110.0,133.0,94.0,13.0,119.0
Virginia,51735,Poquoson city,5800,2119,8024,3681.0,0.7228315054835494,0.2640827517447657,0.4587487537387836,1930.7,885.9,1570.7,999.4,947.8,1372.0,1562.0,9268.6,23170.6697,10631.288219999999,18848.409399999997,11993.4596,11372.8901,16464.202620000004,18742.8254,111223.74509999999,127663.0,133.0,16.0,115.0,17.0
Virginia,51740,Portsmouth city,12370,28306,41252,-15936.0,0.2998642490061088,0.6861727916222243,-0.3863085426161155,1495.7,885.9,1279.4,999.4,801.4,1106.0,1146.4,7714.8,17952.306099999998,10631.288219999999,15351.622800000001,11993.4596,9617.13766,13274.16096,13757.55546,92577.53030000001,68959.0,133.0,61.0,10.0,108.0
Virginia,51750,Radford city,3197,3231,6550,-34.0,0.4880916030534351,0.4932824427480916,-0.0051908396946564,1152.5,813.0,1435.0,1056.0,661.3,827.2,927.2,6872.3,13830.458729999998,9755.0828,17220.113699999998,12673.149959999999,7935.510339999999,9926.75922,11126.65684,82467.7302,83998.0,133.0,101.0,87.0,70.0
Virginia,51760,Richmond city,17041,88710,108143,-71669.0,0.1575783915741194,0.8203027472883127,-0.6627243557141932,1565.5,1046.4,1208.9,1056.0,878.8,1233.4,1293.2,8282.8,18788.5892,12558.93921,14505.310999999998,12673.149959999999,10547.08153,14801.84,15517.89264,99392.8029,84119.0,133.0,36.0,29.0,68.0
Virginia,51770,Roanoke city,15787,25737,42128,-9950.0,0.3747388909988606,0.6109238511203949,-0.2361849601215343,1147.6,856.8,1240.3,1018.4,674.3,1073.2,957.0,6967.9,13773.212349999998,10280.805960000002,14883.170699999999,12220.02292,8093.13226,12880.59732,11483.85407,83614.7959,68319.0,133.0,88.0,18.0,109.0
Virginia,51775,Salem city,7769,5237,13148,2532.0,0.5908883480377244,0.3983115302707636,0.1925768177669607,1245.3,864.2,1375.9,1018.4,709.8,1134.6,1072.7,7420.4,14944.7927,10368.42663,16510.131400000002,12220.02292,8516.79869,13612.685200000002,12873.17258,89046.0299,87508.0,133.0,71.0,77.0,60.0
Virginia,51790,Staunton city,5778,7592,13562,-1814.0,0.4260433564371036,0.5597994396106769,-0.1337560831735732,1272.2,893.1,1333.4,1056.0,728.4,1187.8,1115.3,7586.3,15264.509,10718.90879,15998.4517,12673.149959999999,8742.29134,14253.77578,13383.61246,91034.6975,85720.0,133.0,65.0,62.0,63.0
Virginia,51800,Suffolk city,22112,30597,53352,-8485.0,0.4144549407707302,0.5734930274403959,-0.1590380866696656,1753.4,903.1,1519.5,999.4,893.9,1130.0,1371.3,8571.0,21043.6189,10835.73602,18234.332199999997,11993.4596,10726.01798,13560.166519999999,16458.76001,102852.09209999998,108493.0,133.0,32.0,106.0,30.0
Virginia,51810,Virginia Beach city,109375,115412,227770,-6037.0,0.480199323879352,0.506704131360583,-0.026504807481231,1948.7,981.0,1331.9,999.4,985.5,1267.4,1488.2,9002.4,23383.374799999998,11770.354819999999,15982.4236,11993.4596,11827.70274,15211.062,17860.422899999998,108028.80049999998,108168.0,133.0,23.0,90.0,31.0
Virginia,51820,Waynesboro city,5882,5240,11274,642.0,0.5217314174206138,0.4647862338123115,0.0569451836083023,1244.9,871.5,1328.5,1056.0,712.1,1107.8,1062.1,7382.7,14941.694900000002,10456.04707,15942.52,12673.149959999999,8545.23689,13292.0636,12742.35634,88593.0698,70848.0,133.0,75.0,16.0,104.0
Virginia,51830,Williamsburg city,2119,5613,7851,-3494.0,0.2699019233218698,0.7149407718761941,-0.4450388485543242,1608.4,1044.1,1278.8,999.4,892.4,1336.0,1366.2,8525.6,19299.4372,12529.732520000001,15346.586,11993.4596,10709.13318,16034.65394,16393.548440000002,102306.5512,99130.0,133.0,30.0,75.0,42.0
Virginia,51840,Winchester city,5252,6407,11822,-1155.0,0.4442564709862967,0.5419556758585687,-0.097699204872272,1467.2,903.1,1271.2,1056.0,797.5,1077.2,1143.6,7715.9,17606.126500000002,10835.73602,15254.4794,12673.149959999999,9569.45131,12927.2842,13724.011479999997,92590.2381,81870.0,133.0,51.0,33.0,78.0
Washington,53001,Adams County,3767,1455,5345,2312.0,0.7047708138447147,0.2722170252572498,0.4325537885874649,1232.4,791.0,1590.0,1067.0,680.6,1227.8,813.6,7402.1,14788.8,9492.221679999999,19078.7676,12802.0951,8169.50894,14732.584000000003,9763.5421,88827.5203,70719.0,39.0,38.0,2.0,38.0
Washington,53003,Asotin County,7004,4082,11396,2922.0,0.6146016146016146,0.3581958581958582,0.2564057564057563,1280.5,900.5,1481.2,976.0,733.9,1460.0,886.9,7719.1,15366.826150000003,10806.5291,17774.2666,11712.25215,8806.19721,17520.1868,10643.95026,92630.20790000001,82213.0,39.0,30.0,15.0,30.0
Washington,53005,Benton County,59555,37662,99947,21893.0,0.5958658088787057,0.3768197144486578,0.2190460944300478,1640.6,949.3,1485.2,984.2,871.2,1331.8,1005.2,8266.9,19684.7176,11390.66574,17823.126,11809.35084,10455.516599999999,15978.6456,12062.17013,99204.193,103290.0,39.0,18.0,37.0,10.0
Washington,53007,Chelan County,22363,18397,41893,3966.0,0.5338123314157497,0.4391425775189172,0.0946697538968324,1571.6,959.0,1503.8,1078.5,851.5,1460.0,1060.5,8484.8,18857.9558,11507.49323,18045.3869,12942.167850000002,10216.65451,17520.1868,12725.90052,101815.7446,91893.0,39.0,14.0,22.0,17.0
Washington,53009,Clallam County,21632,25440,48390,-3808.0,0.4470345112626576,0.5257284562926224,-0.0786939450299648,1374.2,988.3,1461.5,977.9,794.7,1456.0,953.0,8005.3,16490.4,11857.97515,17538.496900000002,11734.01032,9537.996739999999,17470.614999999998,11435.29193,96064.7881,84546.0,39.0,21.0,13.0,27.0
Washington,53011,Clark County,123998,143206,274795,-19208.0,0.4512381957459196,0.5211375752833931,-0.0698993795374734,2305.0,981.0,1480.8,1208.0,1105.5,1628.6,1441.6,10149.7,27656.816100000004,11770.354819999999,17768.253,14495.74511,13265.530139999999,19542.3616,17298.12227,121797.1841,108973.0,39.0,5.0,23.0,6.0
Washington,53013,Columbia County,1737,661,2476,1076.0,0.7015347334410339,0.2669628432956381,0.4345718901453957,1150.2,929.7,1650.2,964.4,699.7,1407.8,875.5,7677.7,13802.4,11157.01095,19802.7171,11572.17957,8397.75751,16893.3494,10506.536199999999,92131.9501,101653.0,39.0,28.0,39.0,12.0
Washington,53015,Cowlitz County,34580,22825,59020,11755.0,0.5859030837004405,0.3867333107421213,0.1991697729583192,1494.2,922.5,1487.2,1226.9,813.1,1628.6,1108.9,8681.3,17930.4,11069.39069,17845.6889,14722.30843,9757.169940000002,19542.3616,13306.97059,104174.2897,86738.0,39.0,11.0,5.0,23.0
Washington,53017,Douglas County,13095,7410,21069,5685.0,0.6215292609995728,0.3517015520432863,0.2698277089562865,1640.9,954.2,1518.0,1078.5,873.0,1460.0,1090.4,8614.4,19687.5782,11449.07962,18215.2486,12942.167850000002,10476.13271,17520.1868,13084.040109999998,103374.4317,89320.0,39.0,12.0,10.0,21.0
Washington,53019,Ferry County,2667,1315,4096,1352.0,0.651123046875,0.321044921875,0.330078125,1045.4,885.9,1708.5,972.5,649.8,1227.8,788.5,7278.3,12544.8,10631.288219999999,20502.982,11669.27806,7797.74692,14732.584000000003,9461.58517,87340.2645,74688.0,39.0,39.0,6.0,36.0
Washington,53021,Franklin County,19086,11884,31739,7202.0,0.6013421972967012,0.3744289360093261,0.2269132612873751,1529.3,854.3,1580.1,984.2,802.0,1331.8,950.9,8032.2,18352.5515,10251.599189999999,18960.105499999998,11809.35084,9624.05399,15978.6456,11410.774809999999,96387.0807,88256.0,39.0,24.0,25.0,22.0
Washington,53023,Garfield County,973,330,1343,643.0,0.7244973938942666,0.2457185405807893,0.4787788533134773,1108.4,900.5,1710.2,964.4,675.9,1227.8,814.3,7401.4,13300.8,10806.5291,20523.140099999997,11572.17957,8111.06887,14732.584000000003,9771.68995,88817.9927,86616.0,39.0,37.0,30.0,24.0
Washington,53025,Grant County,24326,10806,36069,13520.0,0.6744295655549086,0.2995924478083673,0.3748371177465413,1243.3,898.1,1576.0,1067.0,720.3,1227.8,852.7,7585.1,14919.6,10777.322339999999,18911.975400000003,12802.0951,8645.897990000001,14732.584000000003,10231.46356,91020.9387,79271.0,39.0,33.0,11.0,33.0
Washington,53027,Grays Harbor County,19432,17161,37638,2271.0,0.5162867314947659,0.4559487751740262,0.0603379563207396,1268.9,919.9,1511.4,977.9,736.5,1456.0,899.7,7770.2,15226.8,11040.18372,18135.1744,11734.01032,8837.699069999999,17470.614999999998,10797.68389,93242.1666,79893.0,39.0,27.0,7.0,32.0
Washington,53029,Island County,20967,29595,52075,-8628.0,0.402630820931349,0.5683149303888623,-0.1656841094575132,1706.8,1078.1,1558.8,1158.7,936.9,1661.6,1265.9,9366.9,20481.6,12938.62824,18704.4129,13902.545399999999,11244.45492,19941.3278,15190.361859999999,112403.3339,105012.0,39.0,9.0,27.0,7.0
Washington,53031,Jefferson County,6324,17459,24572,-11135.0,0.2573661077649357,0.710524173856422,-0.4531580660914863,1382.0,1146.5,1482.5,977.9,850.8,1456.0,1022.2,8317.7,16584.0,13756.419699999999,17791.701800000003,11734.01032,10208.23321,17470.614999999998,12265.923200000001,99810.90290000002,98262.0,39.0,17.0,32.0,15.0
Washington,53033,King County,252193,832606,1122881,-580413.0,0.224594591946965,0.741490861453707,-0.5168962695067421,2964.9,1097.7,1343.7,1013.8,1366.8,2510.6,1929.8,12227.3,35576.9288,13172.28281,16123.9581,12165.37878,16401.9919,30127.803000000004,23158.6915,146727.0366,154490.0,39.0,1.0,38.0,1.0
Washington,53035,Kitsap County,59080,91731,155893,-32651.0,0.3789778886800562,0.5884228284785077,-0.2094449397984514,2193.6,997.9,1508.8,989.5,1073.6,2266.8,1546.9,10577.5,26323.2,11974.80253,18106.918700000002,11874.0831,12885.6139,27199.088800000005,18564.67636,126928.38489999999,114590.0,39.0,3.0,20.0,3.0
Washington,53037,Kittitas County,14645,10810,26309,3835.0,0.5566536166330913,0.4108860085902163,0.145767608042875,1526.3,1039.3,1560.4,972.5,863.2,1407.8,1046.6,8416.1,18315.6,12471.3188,18725.093,11669.27806,10358.46066,16893.3494,12558.66259,100991.763,99709.0,39.0,15.0,33.0,13.0
Washington,53039,Klickitat County,7178,5917,13527,1261.0,0.5306424188659717,0.4374214533895172,0.0932209654764544,1267.9,917.5,1611.1,915.9,735.6,1456.0,904.2,7807.9,15214.8,11010.97696,19331.2779,10989.58842,8823.83462,17470.614999999998,10852.72614,93693.8191,86578.0,39.0,23.0,21.0,25.0
Washington,53041,Lewis County,29322,14433,45112,14889.0,0.6499822663592836,0.3199370455754566,0.3300452207838269,1360.7,915.0,1589.9,977.9,765.8,1456.0,955.1,8020.4,16328.4,10981.77023,19079.2153,11734.01032,9188.6858,17470.614999999998,11463.169440000001,96245.8678,84960.0,39.0,20.0,14.0,26.0
Washington,53043,Lincoln County,5272,1678,7107,3594.0,0.7418038553538765,0.2361052483467004,0.5056986070071761,1148.8,954.2,1680.6,972.5,707.5,1227.8,840.9,7532.0,13785.6,11449.07962,20167.6652,11669.27806,8490.37341,14732.584000000003,10090.6877,90385.2681,84203.0,39.0,32.0,24.0,28.0
Washington,53045,Mason County,18127,17215,36502,912.0,0.4966029258670758,0.4716179935346008,0.0249849323324749,1422.2,942.1,1578.1,983.2,795.5,1456.0,988.9,8165.8,17066.4,11303.045329999999,18937.27,11798.742690000001,9545.085949999999,17470.614999999998,11866.7823,97987.94350000001,91478.0,39.0,19.0,26.0,18.0
Washington,53047,Okanogan County,11555,8466,20617,3089.0,0.560459814716011,0.4106320027162051,0.1498278119998059,1155.6,837.2,1624.4,1067.0,670.6,1227.8,812.1,7394.4,13867.2,10047.15166,19493.704999999998,12802.0951,8046.140239999999,14732.584000000003,9744.98432,88733.861,72420.0,39.0,36.0,3.0,37.0
Washington,53049,Pacific County,7010,6825,14178,185.0,0.4944279870221469,0.4813796022005924,0.0130483848215545,1206.4,873.7,1617.7,977.9,699.9,1456.0,886.9,7718.5,14476.8,10485.25404,19412.297700000003,11734.01032,8398.646799999999,17470.614999999998,10643.12993,92620.7543,83188.0,39.0,26.0,17.0,29.0
Washington,53051,Pend Oreille County,5826,2461,8497,3365.0,0.6856537601506414,0.2896316346945981,0.3960221254560433,1080.6,888.5,1707.8,972.5,662.6,1227.8,797.9,7337.1,12967.2,10660.49495,20493.6336,11669.27806,7949.692999999999,14732.584000000003,9575.691569999999,88048.574,77168.0,39.0,35.0,8.0,34.0
Washington,53053,Pierce County,188194,235169,436685,-46975.0,0.4309605321913965,0.5385323516951578,-0.1075718195037612,2218.1,1000.1,1451.2,995.0,1083.0,2266.8,1540.9,10554.7,26617.2,12004.00926,17411.8185,11938.81566,12994.359050000001,27199.088800000005,18490.0187,126655.30919999999,111126.0,39.0,4.0,12.0,5.0
Washington,53055,San Juan County,2890,9539,12939,-6649.0,0.223355746193678,0.7372285338897906,-0.5138727876961126,1787.3,1105.1,1761.9,1158.7,973.2,1661.6,1367.5,9815.0,21447.6,13259.903220000002,21140.799600000002,13902.545399999999,11677.56722,19941.3278,16409.800349999998,117779.54490000001,104737.0,39.0,6.0,18.0,8.0
Washington,53057,Skagit County,30765,36956,69837,-6191.0,0.4405257957816057,0.5291750791127913,-0.0886492833311855,1837.0,995.4,1564.4,1170.5,952.8,1815.4,1336.4,9672.1,22044.0,11945.595819999999,18773.7065,14042.61826,11436.0224,21786.8328,16036.84535,116065.62120000001,99179.0,39.0,7.0,9.0,14.0
Washington,53059,Skamania County,3961,3147,7314,814.0,0.5415641235985781,0.4302707136997539,0.1112934098988241,1414.6,983.2,1752.6,927.5,807.0,1628.6,1086.2,8599.8,16978.7644,11799.56172,21031.2151,11129.660469999999,9682.656729999999,19542.3616,13035.12407,103199.3424,104191.0,39.0,13.0,36.0,9.0
Washington,53061,Snohomish County,161371,240099,415327,-78728.0,0.3885396326268218,0.5780962952083539,-0.1895566625815321,2718.6,1029.6,1568.0,989.5,1260.9,1815.4,1645.3,11027.6,32622.3825,12354.49137,18815.549600000002,11874.0831,15132.76414,21786.8328,19742.4014,132328.50449999998,127475.0,39.0,2.0,31.0,2.0
Washington,53063,Spokane County,145338,131163,284958,14175.0,0.510033057503211,0.460288884677742,0.049744172825469,1445.8,954.2,1371.7,984.2,807.5,1697.8,1021.2,8282.1,17349.6,11449.07962,16458.6426,11809.35084,9689.50464,20375.9692,12253.0216,99385.16709999999,94226.0,39.0,16.0,28.0,16.0
Washington,53065,Stevens County,19895,7492,28095,12403.0,0.7081331197722015,0.2666666666666666,0.4414664531055348,1073.9,885.9,1710.8,984.2,659.5,1460.0,868.3,7642.6,12886.8,10631.288219999999,20531.672899999998,11809.35084,7912.8151,17520.1868,10418.341859999999,91710.4543,81867.0,39.0,31.0,16.0,31.0
Washington,53067,Thurston County,62282,95663,163637,-33381.0,0.3806107420693363,0.5846049487585326,-0.2039942066891962,2022.7,1002.7,1526.7,995.0,1017.9,1628.6,1289.6,9483.3,24272.4,12033.21619,18321.7828,11938.81566,12215.262859999999,19542.3616,15477.06165,113800.90019999999,111908.0,39.0,10.0,34.0,4.0
Washington,53069,Wahkiakum County,1757,1204,3053,553.0,0.5754995086799869,0.3943661971830985,0.1811333114968883,1197.9,922.5,1686.1,977.9,713.4,1456.0,923.3,7877.0,14374.8,11069.39069,20233.754999999997,11734.01032,8560.86487,17470.614999999998,11080.41959,94523.8567,65982.0,39.0,25.0,1.0,39.0
Washington,53071,Walla Walla County,15476,13106,29373,2370.0,0.5268784257651585,0.4461920811629728,0.0806863446021857,1587.3,929.7,1439.3,976.0,846.9,1331.8,964.0,8074.6,19047.6,11157.01095,17269.9212,11712.25215,10162.53965,15978.6456,11568.30119,96896.271,90621.0,39.0,22.0,29.0,20.0
Washington,53073,Whatcom County,49213,83295,137006,-34082.0,0.3592032465731428,0.60796607447849,-0.2487628279053472,1770.0,1105.1,1504.8,1170.5,967.6,1815.4,1333.2,9665.8,21240.0,13259.903220000002,18057.2854,14042.61826,11607.71877,21786.8328,15997.347709999998,115991.7058,102596.0,39.0,8.0,19.0,11.0
Washington,53075,Whitman County,8699,10480,19845,-1781.0,0.4383471907281431,0.528092718568909,-0.0897455278407659,1296.9,973.5,1476.2,964.4,764.1,1227.8,848.2,7550.7,15562.8,11682.734339999999,17714.0172,11572.17957,9166.938839999999,14732.584000000003,10178.261,90609.5141,91032.0,39.0,34.0,35.0,19.0
Washington,53077,Yakima County,49368,36706,88280,12662.0,0.5592206615314907,0.4157906660625283,0.1434299954689624,1461.1,885.9,1482.3,984.2,789.6,1331.8,912.2,7846.7,17533.2,10631.288219999999,17786.2891,11809.35084,9476.12679,15978.6456,10945.693179999998,94160.59520000001,76662.0,39.0,29.0,4.0,35.0
West Virginia,54001,Barbour County,5071,1199,6395,3872.0,0.7929632525410477,0.1874902267396403,0.6054730258014074,939.4,761.7,1485.5,1957.2,572.4,943.0,1207.4,7867.0,11272.8,9141.7396,17826.5312,23486.97864,6868.60567,11317.03928,14490.78058,94404.4769,63491.0,55.0,53.0,18.0,40.0
West Virginia,54003,Berkeley County,37580,17500,56102,20080.0,0.6698513421981391,0.3119318384371323,0.3579195037610068,1272.3,866.6,1552.2,1781.5,719.8,1223.0,1492.9,8908.4,15267.6,10397.6336,18624.9919,21379.656320000002,8635.236079999999,14679.3804,17916.52158,106901.01839999999,90470.0,55.0,3.0,50.0,4.0
West Virginia,54005,Boone County,6314,1641,8142,4673.0,0.7754851387865389,0.2015475313190862,0.5739376074674527,954.7,752.1,1427.8,2029.6,574.2,1236.8,1331.9,8307.3,11456.4,9024.91224,17132.7172,24357.34657,6891.071800000001,14843.7372,15981.59705,99687.7816,71136.0,55.0,17.0,27.0,26.0
West Virginia,54007,Braxton County,3991,1233,5313,2758.0,0.751176359872012,0.2320722755505364,0.5191040843214756,880.2,788.7,1513.6,2005.7,561.6,950.4,1222.1,7922.2,10562.4,9463.01467,18162.9986,24069.57054,6737.682159999999,11408.704500000002,14664.865110000002,95069.23449999999,48722.0,55.0,38.0,3.0,53.0
West Virginia,54009,Brooke County,6986,2621,9782,4365.0,0.7141688816193008,0.2679411163361276,0.4462277652831732,755.8,822.7,1452.4,1924.6,531.3,1067.0,1176.0,7730.0,9073.15402,9871.91054,17428.9461,23095.065169999998,6374.19118,12804.264319999998,14112.411489999999,92759.9422,77257.0,55.0,54.0,48.0,12.0
West Virginia,54011,Cabell County,21229,13474,35429,7755.0,0.5991983967935872,0.3803099156058596,0.2188884811877276,1054.1,844.6,1245.9,2161.9,639.0,1073.4,1341.9,8360.7,12648.46276,10134.77191,14951.088699999998,25943.29047,7665.56861,12881.81716,16103.270069999999,100328.2702,73696.0,55.0,15.0,33.0,21.0
West Virginia,54013,Calhoun County,2391,488,2936,1903.0,0.8143732970027248,0.1662125340599455,0.6481607629427792,953.6,774.0,1545.9,2005.7,581.3,899.8,1247.6,8007.8,11443.2,9287.77376,18548.9736,24069.57054,6975.07212,10797.90166,14972.45547,96094.94690000001,47602.0,55.0,41.0,2.0,54.0
West Virginia,54015,Clay County,2597,580,3240,2017.0,0.8015432098765433,0.1790123456790123,0.6225308641975309,723.9,788.7,1598.8,2029.6,508.8,941.4,1186.4,7778.3,8689.30083,9463.01467,19186.5598,24357.34657,6107.465760000001,11297.061000000002,14237.6921,93338.4417,57145.0,55.0,42.0,11.0,47.0
West Virginia,54017,Doddridge County,2541,374,2956,2167.0,0.8596075778078485,0.1265223274695534,0.733085250338295,923.0,851.9,1594.2,1957.2,597.1,908.8,1269.8,8101.8,11076.0,10222.392530000001,19129.2909,23486.97864,7165.98388,10905.431260000001,15235.482240000001,97221.5585,78909.0,55.0,32.0,45.0,9.0
West Virginia,54019,Fayette County,10910,4387,15620,6523.0,0.6984635083226632,0.2808578745198463,0.4176056338028169,944.3,795.9,1454.8,2029.6,585.4,1157.0,1326.2,8293.7,11331.6,9550.6354,17455.8707,24357.34657,7025.96493,13885.03476,15915.78989,99522.24299999999,67907.0,55.0,16.0,19.0,33.0
West Virginia,54021,Gilmer County,1822,486,2344,1336.0,0.7773037542662116,0.2073378839590443,0.5699658703071672,878.9,761.7,1507.9,1957.2,552.0,946.4,1186.2,7790.6,10546.8,9141.7396,18096.3183,23486.97864,6624.33835,11357.5841,14233.033950000001,93486.7944,58250.0,55.0,48.0,12.0,45.0
West Virginia,54023,Grant County,4949,552,5568,4397.0,0.8888290229885057,0.0991379310344827,0.789691091954023,897.0,793.4,1509.6,1757.6,568.7,927.8,1131.9,7586.3,10764.0,9521.4285,18115.6201,21091.880540000002,6825.1655,11133.71044,13583.199859999999,91035.005,74987.0,55.0,55.0,47.0,20.0
West Virginia,54025,Greenbrier County,10517,4196,14996,6321.0,0.7013203520938917,0.279807948786343,0.4215124033075486,937.4,805.6,1459.8,2005.7,586.4,1118.4,1304.1,8217.4,11248.8,9667.46257,17517.0925,24069.57054,7037.413740000001,13418.49454,15649.99037,98608.82479999999,66416.0,55.0,20.0,17.0,36.0
West Virginia,54027,Hampshire County,8464,1890,10500,6574.0,0.8060952380952381,0.18,0.626095238095238,827.6,820.4,1612.7,1781.5,554.2,1259.2,1286.8,8142.0,9928.8787,9842.70386,19350.6813,21379.656320000002,6652.278630000001,15108.884000000002,15440.852739999998,97703.936,76186.0,55.0,18.0,41.0,17.0
West Virginia,54029,Hancock County,9462,3360,13030,6102.0,0.7261703760552571,0.2578664620107444,0.4683039140445127,960.6,971.1,1428.0,1924.6,650.0,1150.8,1371.9,8456.7,11525.76474,11653.527030000001,17136.1125,23095.065169999998,7798.82482,13807.92624,16461.08956,101478.3106,78883.0,55.0,10.0,43.0,10.0
West Virginia,54031,Hardy County,4997,1297,6411,3700.0,0.779441584776166,0.2023085322102636,0.5771330525659024,929.0,820.4,1525.7,1757.6,588.5,1054.0,1213.7,7889.0,11148.0,9842.70386,18309.239,21091.880540000002,7062.45999,12647.0566,14564.98511,94666.3239,62064.0,55.0,43.0,15.0,41.0
West Virginia,54033,Harrison County,20480,8402,29495,12078.0,0.6943549754195626,0.2848618409899983,0.4094931344295643,1056.7,851.9,1472.4,1957.2,642.1,1126.6,1374.2,8481.1,12680.4,10222.392530000001,17666.399100000002,23486.97864,7705.794769999999,13521.75956,16490.523800000003,101774.25039999999,78497.0,55.0,11.0,42.0,11.0
West Virginia,54035,Jackson County,9907,2699,12822,7208.0,0.7726563718608641,0.2104975822804554,0.5621587895804087,944.3,774.0,1515.6,2134.9,578.0,1241.0,1410.7,8599.0,11331.6,9287.77376,18187.2029,25619.62857,6937.52355,14893.3702,16929.212959999997,103186.3127,76909.0,55.0,6.0,36.0,13.0
West Virginia,54037,Jefferson County,16573,11967,29156,4606.0,0.5684250240087804,0.4104472492797366,0.1579777747290437,1225.9,915.0,1670.3,1781.5,720.5,1156.0,1514.1,8983.1,14710.8,10981.77023,20041.6654,21379.656320000002,8644.43375,13870.1404,18169.48173,107797.94639999999,118108.0,55.0,2.0,55.0,1.0
West Virginia,54039,Kanawha County,43352,30231,75239,13121.0,0.5761905394808543,0.4017995986124217,0.1743909408684325,1080.6,830.0,1327.1,2029.6,642.7,1089.2,1337.0,8336.6,12967.564840000001,9959.53083,15925.5526,24357.34657,7713.97185,13069.64214,16045.5294,100039.14199999999,76439.0,55.0,13.0,39.0,15.0
West Virginia,54041,Lewis County,5550,1372,7048,4178.0,0.7874574347332577,0.1946651532349602,0.5927922814982974,951.8,761.7,1452.1,1957.2,576.5,967.6,1212.6,7879.8,11421.6,9141.7396,17424.9166,23486.97864,6918.6704199999995,11613.18606,14551.82421,94558.9173,71250.0,55.0,52.0,40.0,25.0
West Virginia,54043,Lincoln County,5770,1279,7187,4491.0,0.8028384583275359,0.1779602059273688,0.624878252400167,877.1,876.1,1456.1,2029.6,589.9,1001.4,1272.1,8102.5,10525.2,10514.46091,17472.579999999998,24357.34657,7078.93184,12015.251320000001,15265.9321,97229.7047,57927.0,55.0,22.0,9.0,46.0
West Virginia,54045,Logan County,9500,1848,11469,7652.0,0.8283198186415555,0.1611300026157468,0.6671898160258086,960.6,756.9,1414.5,2005.7,577.8,996.0,1230.9,7942.6,11527.2,9083.326,16974.2755,24069.57054,6934.54654,11951.639919999998,14770.909349999998,95311.4676,55258.0,55.0,44.0,8.0,48.0
West Virginia,54047,McDowell County,4310,1036,5425,3274.0,0.7944700460829494,0.1909677419354838,0.6035023041474654,920.1,813.0,1464.8,2005.7,583.1,943.0,1237.0,7966.3,11041.2,9755.0828,17576.1213,24069.57054,6997.04588,11314.39532,14843.190859999999,95596.60630000001,39226.0,55.0,40.0,1.0,55.0
West Virginia,54049,Marion County,15881,8185,24634,7696.0,0.6446780871965576,0.332264350085248,0.3124137371113096,1055.9,849.4,1441.2,1957.2,641.1,1148.0,1369.1,8462.0,12670.8,10193.185529999999,17295.0353,23486.97864,7692.73803,13776.16032,16430.45634,101545.3547,83771.0,55.0,8.0,46.0,7.0
West Virginia,54051,Marshall County,9808,3186,13233,6622.0,0.741177359631225,0.2407617320335524,0.5004156275976726,985.0,788.7,1467.5,1924.6,596.8,1113.6,1292.7,8168.5,11822.3509,9463.01467,17608.440599999998,23095.065169999998,7161.60098,13361.444500000001,15510.575359999999,98022.49250000001,72016.0,55.0,19.0,31.0,24.0
West Virginia,54053,Mason County,8232,2111,10547,6121.0,0.7805063051104579,0.2001517019057551,0.5803546032047028,927.1,761.7,1458.5,2138.0,568.4,943.8,1256.7,8054.0,11125.2,9141.7396,17502.0118,25655.51384,6818.94475,11324.09086,15080.7602,96648.2604,70457.0,55.0,27.0,29.0,28.0
West Virginia,54055,Mercer County,18372,4851,23584,13521.0,0.7790027137042063,0.2056902985074626,0.5733124151967436,931.7,788.7,1335.6,2005.7,579.0,990.0,1203.1,7833.6,11180.4,9463.01467,16028.5626,24069.57054,6945.61247,11877.603459999998,14437.5519,94002.31480000001,66047.0,55.0,50.0,26.0,37.0
West Virginia,54057,Mineral County,10247,2483,12904,7764.0,0.7940948543087415,0.1924209547427154,0.601673899566026,876.2,793.4,1548.7,1781.5,561.8,1206.4,1254.9,8023.4,10517.28834,9521.4285,18583.6274,21379.656320000002,6742.1577099999995,14479.32272,15058.06171,96281.5415,87408.0,55.0,26.0,52.0,6.0
West Virginia,54059,Mingo County,7325,1061,8490,6264.0,0.8627797408716137,0.1249705535924617,0.737809187279152,918.6,805.6,1445.2,2005.7,580.1,912.2,1213.6,7880.7,11023.2,9667.46257,17339.0451,24069.57054,6961.50917,10945.09348,14563.15684,94569.03719999999,51322.0,55.0,45.0,5.0,51.0
West Virginia,54061,Monongalia County,21084,19265,41452,1819.0,0.5086364952233909,0.464754414744765,0.0438820804786259,1172.1,900.5,1360.8,1981.1,697.2,1064.6,1398.9,8575.3,14060.4962,10806.5291,16331.029499999999,23774.75517,8366.67379,12775.45404,16788.16736,102903.1044,102354.0,55.0,7.0,54.0,2.0
West Virginia,54063,Monroe County,5089,1155,6367,3934.0,0.7992775247369248,0.1814041149678027,0.6178734097691221,902.5,805.6,1548.3,2005.7,574.6,963.8,1258.6,8059.2,10830.0,9667.46257,18578.1411,24069.57054,6896.505780000001,11566.47298,15102.14994,96710.3018,68030.0,55.0,29.0,24.0,32.0
West Virginia,54065,Morgan County,7009,1947,9097,5062.0,0.770473782565681,0.2140266021765417,0.5564471803891393,1024.2,866.6,1596.2,1781.5,636.2,1238.4,1394.7,8537.8,12290.4,10397.6336,19154.4446,21379.656320000002,7633.53767,14861.9608,16736.99898,102454.63489999999,76288.0,55.0,9.0,37.0,16.0
West Virginia,54067,Nicholas County,7960,1919,10037,6041.0,0.7930656570688452,0.1911925874265218,0.6018730696423233,954.1,788.7,1523.6,2005.7,586.5,957.6,1268.1,8084.0,11449.2,9463.01467,18281.9718,24069.57054,7036.051880000001,11488.91002,15217.252700000001,97005.97209999998,72554.0,55.0,35.0,38.0,22.0
West Virginia,54069,Ohio County,11593,6727,18689,4866.0,0.6203114131307186,0.3599443522927925,0.260367060837926,985.0,864.2,1333.9,1924.6,622.3,1017.6,1244.7,7992.3,11822.3509,10368.42663,16007.5004,23095.065169999998,7466.23269,12213.225779999999,14934.937119999999,95907.7418,87769.0,55.0,33.0,53.0,5.0
West Virginia,54071,Pendleton County,2687,680,3425,2007.0,0.7845255474452555,0.1985401459854014,0.585985401459854,953.6,900.5,1568.9,1757.6,623.8,921.4,1233.7,7959.9,11443.2,10806.5291,18826.686999999998,21091.880540000002,7486.06719,11059.67426,14804.965470000001,95519.00600000001,65994.0,55.0,49.0,25.0,38.0
West Virginia,54073,Pleasants County,2632,656,3348,1976.0,0.7861409796893668,0.1959378733572282,0.5902031063321386,941.4,837.2,1495.6,2111.0,598.2,912.2,1296.8,8192.2,11296.8,10047.15166,17947.5251,25331.85194,7181.3124,10943.331020000001,15560.89302,98308.8652,76857.0,55.0,25.0,44.0,14.0
West Virginia,54075,Pocahontas County,2889,927,3901,1962.0,0.7405793386311202,0.2376313765701102,0.50294796206101,946.0,805.6,1608.0,1957.2,589.2,967.4,1289.1,8162.9,11352.0,9667.46257,19296.536799999998,23486.97864,7072.13599,11609.66098,15469.62434,97954.399,58348.0,55.0,31.0,10.0,44.0
West Virginia,54077,Preston County,11176,2953,14426,8223.0,0.7747123249688064,0.2046998474975738,0.5700124774712325,935.7,769.2,1643.0,1981.1,573.5,1243.8,1391.5,8537.9,11227.52228,9229.36033,19715.3793,23774.75517,6882.852250000001,14924.833600000002,16698.39521,102453.0957,75334.0,55.0,4.0,30.0,18.0
West Virginia,54079,Putnam County,19868,7124,27507,12744.0,0.7222888719235104,0.258988621078271,0.4633002508452394,1178.6,837.2,1600.3,2161.9,678.3,1130.8,1554.3,9141.5,14143.2,10047.15166,19203.4014,25943.29047,8139.0024300000005,13570.075959999998,18652.271249999998,109698.39499999999,93927.0,55.0,1.0,51.0,3.0
West Virginia,54081,Raleigh County,23644,6816,30966,16828.0,0.7635471161919525,0.2201123813214493,0.5434347348705031,1033.4,798.2,1415.1,2029.6,616.4,1163.0,1361.5,8417.1,12400.8,9579.84207,16978.155300000002,24357.34657,7395.53119,13954.86006,16338.727909999998,101005.2647,68685.0,55.0,14.0,20.0,31.0
West Virginia,54083,Randolph County,8356,3008,11594,5348.0,0.7207176125582198,0.2594445402794549,0.4612730722787648,899.6,795.9,1445.7,1957.2,570.3,986.0,1208.8,7863.9,10795.2,9550.6354,17348.3455,23486.97864,6845.489680000001,11833.53414,14507.10964,94367.2931,69215.0,55.0,46.0,32.0,29.0
West Virginia,54085,Ritchie County,3473,517,4050,2956.0,0.8575308641975309,0.1276543209876543,0.7298765432098766,887.5,813.0,1529.3,2111.0,572.2,934.0,1275.2,8122.1,10650.0,9755.0828,18353.0274,25331.85194,6865.42402,11208.62874,15301.68969,97465.7057,61089.0,55.0,23.0,13.0,42.0
West Virginia,54087,Roane County,4189,1218,5521,2971.0,0.7587393588118094,0.2206122079333454,0.538127150878464,960.6,774.0,1503.7,2005.7,583.6,904.8,1235.9,7968.4,11527.2,9287.77376,18045.0358,24069.57054,7003.3344799999995,10857.835860000001,14830.5756,95621.32560000001,52124.0,55.0,47.0,6.0,50.0
West Virginia,54089,Summers County,3931,1226,5264,2705.0,0.7467705167173252,0.23290273556231,0.5138677811550152,945.8,798.2,1477.8,2005.7,586.7,1026.4,1280.9,8122.1,11349.6,9579.84207,17732.5383,24069.57054,7041.84819,12318.2981,15372.923249999998,97464.6205,64814.0,55.0,28.0,16.0,39.0
West Virginia,54091,Taylor County,5422,1694,7265,3728.0,0.7463179628355128,0.2331727460426703,0.5131452167928424,920.6,849.4,1482.2,1957.2,595.5,984.2,1257.6,8046.8,11047.2,10193.185529999999,17784.9931,23486.97864,7146.46703,11811.49938,15091.28462,96561.60770000001,66949.0,55.0,30.0,21.0,35.0
West Virginia,54093,Tucker County,2669,890,3636,1779.0,0.7340484048404841,0.2447744774477447,0.4892739273927393,960.6,795.9,1571.5,1957.2,591.0,947.8,1270.3,8094.5,11527.2,9550.6354,18856.7249,23486.97864,7091.7759399999995,11374.33032,15244.08493,97131.7311,70809.0,55.0,39.0,34.0,27.0
West Virginia,54095,Tyler County,2991,554,3617,2437.0,0.8269283936964336,0.1531656068565109,0.6737627868399226,900.3,788.7,1535.1,2111.0,568.2,980.2,1289.0,8172.2,10803.6,9463.01467,18420.1799,25331.85194,6818.83547,11761.25972,15467.95045,98066.6934,81222.0,55.0,21.0,49.0,8.0
West Virginia,54097,Upshur County,7633,2033,9859,5600.0,0.7742164519728167,0.2062075261182675,0.5680089258545492,973.1,761.7,1471.9,1957.2,583.7,996.6,1239.9,7984.4,11677.2,9141.7396,17662.581299999998,23486.97864,7004.668739999999,11960.45384,14879.58399,95813.2072,67121.0,55.0,37.0,23.0,34.0
West Virginia,54099,Wayne County,11934,3532,15747,8402.0,0.7578586397409031,0.2242966914332888,0.5335619483076142,1061.2,761.7,1416.2,2161.9,613.6,1188.0,1413.2,8615.8,12734.99713,9141.7396,16994.909200000002,25943.29047,7360.57163,14257.701539999998,16957.95013,103391.16140000001,72296.0,55.0,5.0,22.0,23.0
West Virginia,54101,Webster County,2478,479,2998,1999.0,0.8265510340226818,0.1597731821214142,0.6667778519012675,933.2,788.7,1500.2,1957.2,579.5,896.2,1210.2,7865.2,11198.4,9463.01467,18004.4057,23486.97864,6951.66838,10752.950820000002,14523.63726,94381.0551,49881.0,55.0,51.0,4.0,52.0
West Virginia,54103,Wetzel County,4718,1294,6168,3424.0,0.7649156939040207,0.2097924773022049,0.5551232166018157,956.6,788.7,1431.1,1957.2,587.1,997.2,1229.1,7947.2,11479.2,9463.01467,17174.072399999997,23486.97864,7046.14538,11964.860560000001,14750.511040000001,95364.7839,69080.0,55.0,34.0,28.0,30.0
West Virginia,54105,Wirt County,2120,409,2581,1711.0,0.8213870592793491,0.1584657109647423,0.6629213483146067,774.1,813.0,1567.5,2134.9,534.0,936.0,1247.1,8006.6,9287.24689,9755.0828,18811.2453,25619.62857,6406.916950000001,11234.39378,14964.03039,96078.5453,60792.0,55.0,36.0,14.0,43.0
West Virginia,54107,Wood County,26380,10317,37313,16063.0,0.7069922011095329,0.2764988073861656,0.4304933937233672,1061.7,813.0,1327.5,2134.9,630.7,1117.4,1368.9,8454.4,12743.71847,9755.0828,15930.6788,25619.62857,7569.86936,13407.56164,16427.07867,101453.61779999999,75176.0,55.0,12.0,35.0,19.0
West Virginia,54109,Wyoming County,6503,980,7565,5523.0,0.8596166556510244,0.1295439524124256,0.7300727032385987,933.2,815.2,1507.3,2005.7,588.3,986.0,1274.6,8110.4,11198.4,9784.28995,18087.2725,24069.57054,7059.7636,11830.88958,15295.70937,97325.8957,54866.0,55.0,24.0,7.0,49.0
Wisconsin,55001,Adams County,7763,4443,12853,3320.0,0.6039835057963121,0.3456780518166965,0.2583054539796156,943.0,815.2,1654.3,1083.2,591.5,1020.6,942.1,7050.1,11316.0,9784.28995,19852.8744,12998.35499,7099.33086,12245.971,11302.997220000001,84599.8184,78187.0,72.0,72.0,28.0,62.0
Wisconsin,55003,Ashland County,4191,4612,8933,-421.0,0.4691592969886936,0.5162879211910892,-0.0471286242023956,1007.0,866.6,1530.8,1450.0,630.2,1066.8,1101.9,7653.4,12084.0,10397.6336,18369.6097,17400.158,7564.093059999999,12802.403119999999,13223.83792,91841.73569999999,82105.0,72.0,41.0,19.0,50.0
Wisconsin,55005,Barron County,16726,8941,26775,7785.0,0.6246872082166199,0.3339309056956115,0.2907563025210083,985.0,900.5,1629.8,1404.2,634.4,1066.8,1122.4,7743.0,11820.0,10806.5291,19555.791,16849.9323,7612.844169999999,12802.403119999999,13468.757689999999,92916.25700000001,82513.0,72.0,23.0,15.0,48.0
Wisconsin,55007,Bayfield County,4860,6107,11204,-1247.0,0.4337736522670475,0.5450731881470903,-0.1112995358800427,989.5,866.6,1709.0,1358.3,624.5,1020.6,1102.7,7671.1,11874.0,10397.6336,20510.363699999998,16299.707209999999,7493.437179999999,12245.971,13232.16384,92053.276,83981.0,72.0,39.0,26.0,45.0
Wisconsin,55009,Brown County,79132,67937,148960,11195.0,0.5312298603651987,0.4560754564983888,0.0751544038668098,1151.5,927.4,1470.8,1212.3,699.5,1713.2,1340.0,8514.0,13816.41234,11127.8045,17648.6084,14547.38754,8392.64528,20556.8492,16079.31383,102169.02160000001,100178.0,72.0,8.0,42.0,12.0
Wisconsin,55011,Buffalo County,5213,2765,8091,2448.0,0.6442961315041404,0.3417377332838957,0.3025583982202448,986.3,834.8,1683.4,1352.9,612.9,1020.6,1074.1,7564.5,11835.6,10017.94476,20199.7677,16234.974590000002,7352.76844,12245.971,12888.32418,90775.3487,82836.0,72.0,43.0,22.0,47.0
Wisconsin,55013,Burnett County,7008,3665,10807,3343.0,0.6484685851762746,0.339132044045526,0.3093365411307485,979.5,820.4,1690.2,1433.9,605.5,1020.6,1095.1,7644.9,11754.0,9842.70386,20283.899599999997,17205.9607,7266.35262,12245.971,13139.47342,91738.3601,78380.0,72.0,31.0,10.0,61.0
Wisconsin,55015,Calumet County,19488,12927,32860,6561.0,0.5930614729153987,0.3933962264150943,0.1996652465003043,1074.1,890.7,1647.3,1185.4,661.3,1455.2,1238.4,8152.8,12893.00907,10689.70192,19767.3614,14223.72583,7934.5578,17463.0836,14860.71361,97832.15349999999,108396.0,72.0,18.0,66.0,7.0
Wisconsin,55017,Chippewa County,23399,14573,38400,8826.0,0.6093489583333334,0.3795052083333333,0.22984375,1136.2,861.6,1607.9,1411.9,672.1,1304.6,1265.1,8259.5,13630.17254,10339.21989,19296.4081,16942.48608,8064.659140000001,15658.461,15182.01494,99113.4222,94845.0,72.0,16.0,39.0,25.0
Wisconsin,55019,Clark County,10481,4509,15315,5972.0,0.6843617368592882,0.2944172380019588,0.3899444988573294,959.8,890.7,1704.3,1317.8,622.7,1020.6,1084.9,7600.7,11517.6,10689.70192,20450.2486,15814.214600000001,7471.792329999999,12245.971,13019.97598,91209.5025,81755.0,72.0,40.0,17.0,52.0
Wisconsin,55021,Columbia County,17988,16388,34843,1600.0,0.516258645926011,0.4703383749964124,0.0459202709295985,1132.0,885.9,1643.5,1112.5,678.9,1266.4,1164.0,7883.3,13584.0,10631.288219999999,19720.5681,13349.83809,8147.39256,15198.1796,13969.15314,94600.4216,98242.0,72.0,24.0,58.0,16.0
Wisconsin,55023,Crawford County,5113,3860,9084,1253.0,0.5628577719066491,0.424922941435491,0.1379348304711581,940.7,856.8,1626.3,1112.8,604.7,1066.8,974.9,7183.2,11288.4,10280.805960000002,19516.397,13354.3834,7257.100909999999,12802.403119999999,11699.50676,86198.99769999999,79701.0,72.0,65.0,27.0,58.0
Wisconsin,55025,Dane County,85454,273995,364840,-188541.0,0.2342232211380331,0.7510004385484048,-0.5167772174103717,1490.6,1010.1,1409.2,964.2,841.4,1713.2,1429.9,8858.4,17887.2,12120.83694,16911.1978,11569.697409999999,10096.4009,20556.8492,17158.97542,106301.1568,122020.0,72.0,7.0,69.0,4.0
Wisconsin,55027,Dodge County,33067,16518,50292,16549.0,0.6575001988387815,0.328441899308041,0.3290582995307405,1056.2,859.2,1553.6,1099.3,644.4,1066.8,1004.9,7284.8,12674.4,10310.01301,18644.749,13192.552350000002,7733.25665,12802.403119999999,12058.33318,87415.70670000001,91528.0,72.0,64.0,59.0,29.0
Wisconsin,55029,Door County,10099,10565,20896,-466.0,0.4832982388973966,0.5055991577335375,-0.0223009188361408,1063.2,959.0,1636.5,1209.9,680.3,1066.8,1119.9,7735.9,12758.4,11507.49323,19638.359399999998,14519.566379999998,8164.4189,12802.403119999999,13439.52612,92830.1674,95974.0,72.0,27.0,54.0,21.0
Wisconsin,55031,Douglas County,11732,13073,25165,-1341.0,0.4662030598052851,0.5194913570435128,-0.0532882972382277,1131.9,866.6,1451.7,1360.7,672.4,1455.2,1248.6,8187.0,13584.81505,10397.6336,17419.5799,16327.528769999999,8069.05207,17463.0836,14982.340289999998,98244.0336,97945.0,72.0,15.0,49.0,17.0
Wisconsin,55033,Dunn County,14726,10643,25674,4083.0,0.5735763807743243,0.4145438965490379,0.1590324842252863,1041.6,871.5,1591.1,1409.5,643.7,1066.8,1124.4,7748.6,12499.2,10456.04707,19094.3329,16914.6645,7723.443490000001,12802.403119999999,13493.91753,92984.0103,91407.0,72.0,29.0,46.0,30.0
Wisconsin,55035,Eau Claire County,27728,34400,63003,-6672.0,0.4401060266971414,0.5460057457581385,-0.1058997190609971,1152.1,973.5,1428.7,1411.9,715.3,1713.2,1420.6,8815.6,13828.32585,11682.734339999999,17143.9724,16942.48608,8583.363730000001,20556.8492,17047.30711,105785.03929999999,99484.0,72.0,6.0,33.0,13.0
Wisconsin,55037,Florence County,2356,783,3158,1573.0,0.7460417986067132,0.2479417352754908,0.4981000633312223,1094.6,864.2,1773.3,1220.7,659.0,1020.6,1122.7,7754.9,13135.2,10368.42663,21280.7029,14649.03092,7907.94935,12245.971,13472.70217,93059.9835,76750.0,72.0,26.0,5.0,65.0
Wisconsin,55039,Fond du Lac County,37272,20495,58438,16777.0,0.6378041685204833,0.3507135767822307,0.2870905917382525,1078.7,898.1,1519.7,1064.0,665.0,1455.2,1151.3,7832.2,12944.4,10777.322339999999,18236.3575,12767.24691,7981.3292,17463.0836,13818.066389999998,93987.80559999999,97932.0,72.0,21.0,56.0,18.0
Wisconsin,55041,Forest County,3382,1681,5095,1701.0,0.6637880274779195,0.3299313052011776,0.3338567222767419,932.0,859.2,1738.9,1242.3,602.7,1020.6,1041.4,7436.8,11184.0,10310.01301,20866.0504,14907.96061,7231.801829999999,12245.971,12495.578409999998,89241.3738,70915.0,72.0,55.0,2.0,71.0
Wisconsin,55043,Grant County,15922,10966,27254,4956.0,0.584207822704924,0.4023629558963821,0.1818448668085418,966.1,856.8,1605.7,1112.8,613.3,1066.8,981.3,7202.7,11593.2,10280.805960000002,19267.1173,13354.3834,7359.652959999999,12802.403119999999,11775.45263,86433.0148,85715.0,72.0,68.0,48.0,42.0
Wisconsin,55045,Green County,10843,10903,22026,-60.0,0.4922818487242349,0.4950059021156814,-0.0027240533914464,979.0,854.3,1626.8,1042.4,616.9,1304.6,1053.6,7477.6,11748.0,10251.599189999999,19520.9237,12508.31733,7401.909600000001,15658.461,12641.42436,89730.63470000001,97889.0,72.0,51.0,64.0,19.0
Wisconsin,55047,Green Lake County,7458,3449,11033,4009.0,0.6759720837487537,0.312607631650503,0.3633644520982507,932.0,854.3,1620.7,1083.2,601.0,1066.8,958.3,7116.3,11184.0,10251.599189999999,19447.7243,12998.35499,7212.148149999999,12802.403119999999,11499.930040000001,85396.1603,84651.0,72.0,70.0,45.0,44.0
Wisconsin,55049,Iowa County,6631,7750,14647,-1119.0,0.4527206936574042,0.5291185908377142,-0.0763978971803099,1048.4,839.6,1688.2,1115.2,635.3,1189.6,1086.4,7602.6,12580.8,10076.35831,20258.398800000003,13382.20441,7623.1494600000005,14272.2755,13038.82084,91232.0077,104962.0,72.0,45.0,70.0,8.0
Wisconsin,55051,Iron County,2557,1487,4079,1070.0,0.6268693307183133,0.3645501348369698,0.2623191958813434,933.4,907.8,1664.2,1323.2,619.4,1066.8,1084.4,7599.2,11200.8,10894.14988,19969.0894,15878.94713,7433.99068,12802.403119999999,13010.836599999999,91190.2162,75882.0,72.0,36.0,4.0,66.0
Wisconsin,55053,Jackson County,6204,4157,10501,2047.0,0.5908008761070375,0.3958670602799733,0.1949338158270641,959.1,842.1,1666.1,1352.9,606.1,1066.8,1075.7,7569.0,11509.2,10105.56494,19992.8194,16234.974590000002,7272.42951,12802.403119999999,12910.286199999999,90827.6783,80891.0,72.0,42.0,16.0,54.0
Wisconsin,55055,Jefferson County,28771,20574,50035,8197.0,0.575017487758569,0.4111921654841611,0.1638253222744078,1143.5,883.5,1588.3,1110.2,682.1,1213.8,1126.5,7747.8,13722.0,10602.08128,19058.4558,13322.017189999999,8183.99679,14565.181900000001,13518.459710000001,92972.19369999999,100612.0,72.0,34.0,65.0,11.0
Wisconsin,55057,Juneau County,9525,4854,14528,4671.0,0.6556305066079295,0.334113436123348,0.3215170704845815,975.3,961.3,1638.7,1083.2,651.5,1020.6,1018.4,7349.0,11703.6,11536.700200000001,19663.5533,12998.35499,7819.35141,12245.971,12221.56831,88189.0988,79457.0,72.0,58.0,18.0,59.0
Wisconsin,55059,Kenosha County,47478,41826,90472,5652.0,0.5247811477584226,0.4623087806172075,0.062472367141215,1504.7,910.3,1467.7,1201.5,812.4,1713.2,1496.1,9105.6,18056.4,10923.35663,17611.745000000003,14417.922690000001,9750.4293,20556.8492,17950.90542,109267.6081,100790.0,72.0,1.0,30.0,10.0
Wisconsin,55061,Kewaunee County,8267,4059,12466,4208.0,0.663163805551099,0.3256056473608214,0.3375581581902775,992.8,774.0,1760.9,1212.3,594.5,1189.6,1090.1,7614.0,11913.63779,9287.77376,21130.759,14547.38754,7133.35411,14272.2755,13080.89583,91366.0833,95526.0,72.0,47.0,60.0,22.0
Wisconsin,55063,La Crosse County,32247,39008,72242,-6761.0,0.4463746850862379,0.5399629024667091,-0.0935882173804711,1227.5,973.5,1402.3,1355.2,740.6,1713.2,1425.9,8838.2,14731.10375,11682.734339999999,16826.5308,16262.79584,8887.10914,20556.8492,17112.131589999997,106059.25700000001,98719.0,72.0,5.0,32.0,15.0
Wisconsin,55065,Lafayette County,5256,3469,8832,1787.0,0.595108695652174,0.392776268115942,0.2023324275362319,1010.6,856.8,1665.0,1112.8,628.3,1020.6,1009.4,7303.4,12127.2,10280.805960000002,19980.1838,13354.3834,7539.32066,12245.971,12111.948489999999,87639.8123,86359.0,72.0,66.0,50.0,41.0
Wisconsin,55067,Langlade County,7782,3746,11659,4036.0,0.6674671927266489,0.3212968522171713,0.3461703405094776,941.6,830.0,1619.7,1242.3,596.1,1066.8,1007.9,7304.4,11299.2,9959.53083,19436.5691,14907.96061,7152.63946,12802.403119999999,12094.31409,87652.6192,74546.0,72.0,61.0,9.0,69.0
Wisconsin,55069,Lincoln County,10633,6306,17188,4327.0,0.6186292762392367,0.3668838724691645,0.2517454037700721,1008.9,830.0,1627.8,1233.8,618.7,1304.6,1131.1,7755.2,12106.8,9959.53083,19533.262899999998,14806.31722,7424.361749999999,15658.461,13573.62189,93062.3553,87905.0,72.0,30.0,35.0,37.0
Wisconsin,55071,Manitowoc County,28200,17399,46235,10801.0,0.6099275440683465,0.376316643235644,0.2336109008327024,936.9,888.5,1532.0,1209.9,614.1,1213.8,1044.8,7439.9,11242.8,10660.49495,18384.7293,14519.566379999998,7369.507339999999,14565.181900000001,12536.81697,89279.09569999999,86605.0,72.0,49.0,38.0,40.0
Wisconsin,55073,Marathon County,46213,31529,78675,14684.0,0.5873911661900223,0.4007499205592628,0.1866412456307595,1084.3,885.9,1536.6,1233.8,663.0,1455.2,1217.6,8076.4,13011.6,10631.288219999999,18439.9866,14806.31722,7954.8049200000005,17463.0836,14611.22794,96918.3086,94793.0,72.0,17.0,41.0,26.0
Wisconsin,55075,Marinette County,16670,7415,24364,9255.0,0.6842062058775242,0.3043424725004104,0.3798637333771137,940.2,822.7,1601.4,1282.8,593.0,1066.8,1010.1,7317.1,11282.4,9871.91054,19216.8717,15393.45372,7117.5065,12802.403119999999,12121.03126,87805.5771,75829.0,72.0,59.0,11.0,67.0
Wisconsin,55077,Marquette County,6041,3252,9406,2789.0,0.642249627897087,0.3457367637678077,0.2965128641292792,957.6,854.3,1686.1,1083.2,609.4,1020.6,977.6,7189.1,11491.2,10251.599189999999,20232.3865,12998.35499,7315.50748,12245.971,11732.9716,86267.9902,77899.0,72.0,69.0,20.0,63.0
Wisconsin,55078,Menominee County,296,1266,1572,-970.0,0.188295165394402,0.8053435114503816,-0.6170483460559796,983.6,832.3,1556.5,1220.7,611.0,1020.6,982.4,7207.3,11803.2,9988.73777,18678.7609,14649.03092,7332.040279999999,12245.971,11789.138159999999,86486.87909999999,65221.0,72.0,63.0,1.0,72.0
Wisconsin,55079,Milwaukee County,138022,316292,462766,-178270.0,0.2982544093559164,0.6834815003695172,-0.3852270910136007,1194.6,922.5,1227.9,1144.9,712.2,1713.2,1242.2,8157.5,14336.64927,11069.39069,14735.0149,13738.23252,8548.02897,20556.8492,14906.43979,97890.6068,82096.0,72.0,14.0,7.0,51.0
Wisconsin,55081,Monroe County,14563,8476,23321,6087.0,0.6244586424252819,0.3634492517473521,0.2610093906779298,1066.7,871.5,1592.2,1352.9,652.1,1066.8,1116.4,7718.2,12800.4,10456.04707,19105.5852,16234.974590000002,7824.784119999999,12802.403119999999,13395.348619999999,92619.5447,84729.0,72.0,32.0,25.0,43.0
Wisconsin,55083,Oconto County,17675,6967,24881,10708.0,0.7103814155379607,0.2800128612194044,0.4303685543185563,957.6,783.8,1716.5,1212.3,586.0,1189.6,1060.3,7505.8,11491.2,9404.600900000001,20599.2243,14547.38754,7030.529390000001,14272.2755,12724.17347,90069.391,90654.0,72.0,50.0,52.0,31.0
Wisconsin,55085,Oneida County,14455,10080,24837,4375.0,0.5819946048234489,0.4058461166807585,0.1761484881426903,1024.9,859.2,1649.5,1242.3,633.8,1066.8,1068.3,7544.7,12298.8,10310.01301,19791.1669,14907.96061,7606.88339,12802.403119999999,12819.575079999999,90536.8022,89100.0,72.0,46.0,44.0,34.0
Wisconsin,55087,Outagamie County,60827,49438,111905,11389.0,0.5435592690228319,0.4417854430096957,0.1017738260131361,1070.0,934.6,1521.7,1185.4,674.5,1455.2,1212.2,8053.9,12841.54022,11215.42506,18260.8722,14223.72583,8094.123570000001,17463.0836,14546.43115,96645.20139999999,103915.0,72.0,19.0,63.0,9.0
Wisconsin,55089,Ozaukee County,34504,27874,63199,6630.0,0.5459580056646466,0.4410512824570009,0.1049067232076456,1242.9,951.6,1553.0,1169.1,738.3,1455.2,1308.5,8418.7,14913.334100000002,11419.87276,18635.2437,14029.528769999999,8859.9803,17463.0836,15702.2011,101023.2417,122417.0,72.0,10.0,72.0,2.0
Wisconsin,55091,Pepin County,2798,1523,4354,1275.0,0.6426274689940285,0.349793293523197,0.2928341754708314,977.2,834.8,1700.4,1409.5,609.8,1020.6,1098.5,7650.5,11726.4,10017.94476,20405.0603,16914.6645,7316.027319999999,12245.971,13182.21593,91808.2836,86825.0,72.0,38.0,34.0,39.0
Wisconsin,55093,Pierce County,14417,10171,25320,4246.0,0.569391785150079,0.4016982622432859,0.1676935229067931,1295.0,1088.0,1713.0,1309.3,801.8,1304.6,1453.4,8965.5,15543.1312,13055.45548,20555.0874,15712.57042,9622.18204,15658.461,17440.32991,107587.2155,111413.0,72.0,4.0,57.0,6.0
Wisconsin,55095,Polk County,18296,9567,28212,8729.0,0.6485183609811428,0.3391110165886856,0.3094073443924571,1047.9,890.7,1651.5,1296.3,652.1,1020.6,1097.7,7657.3,12574.8,10689.70192,19819.4035,15555.28482,7827.494100000001,12245.971,13173.026439999998,91885.6815,90252.0,72.0,33.0,43.0,33.0
Wisconsin,55097,Portage County,20987,21503,43158,-516.0,0.4862829602854627,0.4982390286852959,-0.0119560683998332,1022.8,934.6,1519.4,1231.5,658.5,1213.8,1111.4,7692.1,12273.6,11215.42506,18233.980799999998,14778.49577,7903.036409999999,14565.181900000001,13335.312160000001,92305.0326,96678.0,72.0,28.0,55.0,20.0
Wisconsin,55099,Price County,5763,3005,8856,2758.0,0.6507452574525745,0.3393179765130985,0.311427280939476,979.7,859.2,1697.4,1317.8,618.8,1020.6,1077.7,7571.1,11756.4,10310.01301,20369.730300000003,15814.214600000001,7424.38933,12245.971,12931.56529,90852.2832,74803.0,72.0,48.0,6.0,68.0
Wisconsin,55101,Racine County,56347,49721,107402,6626.0,0.5246364127297444,0.4629429619560157,0.0616934507737286,1166.6,893.1,1409.2,1201.5,692.9,1713.2,1303.9,8380.6,13999.2,10718.90879,16909.8236,14417.922690000001,8316.569800000001,20556.8492,15648.50073,100567.7741,93833.0,72.0,9.0,29.0,27.0
Wisconsin,55103,Richland County,5207,3985,9305,1222.0,0.5595916174099946,0.4282643739924772,0.1313272434175174,948.8,839.6,1614.0,1083.2,601.8,1066.8,956.8,7111.4,11385.6,10076.35831,19369.57,12998.35499,7221.016710000001,12802.403119999999,11483.51793,85336.82269999999,81439.0,72.0,71.0,36.0,53.0
Wisconsin,55105,Rock County,40218,46642,88113,-6424.0,0.4564366211569235,0.5293430027351242,-0.0729063815782007,1190.2,900.5,1459.5,1042.4,703.5,1713.2,1277.9,8287.1,14282.4,10806.5291,17514.4247,12508.31733,8441.3348,20556.8492,15334.688940000002,99444.54520000001,88311.0,72.0,13.0,14.0,36.0
Wisconsin,55107,Rusk County,5660,2516,8261,3144.0,0.6851470766251059,0.3045636121534923,0.3805834644716135,937.4,861.6,1681.5,1404.2,605.4,1020.6,1081.6,7592.4,11248.8,10339.21989,20179.038699999997,16849.9323,7263.43081,12245.971,12980.110929999999,91106.5047,73693.0,72.0,37.0,3.0,70.0
Wisconsin,55109,St. Croix County,35537,23870,60477,11667.0,0.587611819369347,0.3946955040759297,0.1929163152934173,1564.1,959.0,1684.9,1309.3,848.9,1304.6,1510.1,9181.6,18773.0699,11507.49323,20219.912,15712.57042,10188.09404,15658.461,18121.91231,110181.5115,122381.0,72.0,3.0,68.0,3.0
Wisconsin,55111,Sauk County,18798,18172,37574,626.0,0.5002927556288923,0.4836322989301112,0.016660456698781,1123.4,885.9,1560.9,1015.7,676.0,1213.8,1073.0,7549.0,13480.8,10631.288219999999,18731.3634,12189.20007,8112.670389999999,14565.181900000001,12875.4267,90585.9311,95162.0,72.0,54.0,61.0,24.0
Wisconsin,55113,Sawyer County,6422,4599,11122,1823.0,0.5774141341485345,0.4135047653299766,0.1639093688185579,967.0,900.5,1661.9,1450.0,628.3,1020.6,1124.0,7752.1,11604.0,10806.5291,19940.7503,17400.158,7540.16949,12245.971,13485.981699999998,93023.5594,77862.0,72.0,22.0,8.0,64.0
Wisconsin,55115,Shawano County,15850,7336,23455,8514.0,0.6757620976337668,0.3127691323811554,0.3629929652526114,943.5,832.3,1644.5,1220.7,597.4,1020.6,991.5,7250.7,11322.0,9988.73777,19732.4351,14649.03092,7170.137519999999,12245.971,11897.9426,87006.2531,80143.0,72.0,62.0,24.0,56.0
Wisconsin,55117,Sheboygan County,38763,27735,67410,11028.0,0.5750333778371162,0.4114374721851357,0.1635959056519804,1018.8,895.7,1486.4,1182.6,644.1,1455.2,1153.1,7836.1,12225.6,10748.11575,17838.6728,14191.35947,7729.65733,17463.0836,13837.27543,94033.76599999999,91613.0,72.0,20.0,40.0,28.0
Wisconsin,55119,Taylor County,8209,2823,11172,5386.0,0.7347833870390261,0.2526852846401718,0.4820981023988542,958.7,890.7,1691.4,1317.8,622.3,1020.6,1079.4,7581.3,11504.4,10689.70192,20299.533000000003,15814.214600000001,7467.351189999999,12245.971,12953.498749999999,90974.6705,79456.0,72.0,44.0,13.0,60.0
Wisconsin,55121,Trempealeau County,9661,6219,16066,3442.0,0.6013320054774057,0.3870907506535541,0.2142412548238516,994.6,834.8,1668.2,1352.9,615.6,1020.6,1074.5,7561.2,11935.2,10017.94476,20018.2483,16234.974590000002,7386.279519999999,12245.971,12894.07362,90732.69279999999,90464.0,72.0,53.0,51.0,32.0
Wisconsin,55123,Vernon County,8807,7514,16579,1293.0,0.5312141866216298,0.4532239580191809,0.0779902286024488,976.2,868.9,1644.9,1112.8,620.9,1020.6,990.8,7234.9,11714.4,10426.840419999999,19738.956700000002,13354.3834,7449.56546,12245.971,11890.29177,86820.409,88345.0,72.0,67.0,53.0,35.0
Wisconsin,55125,Vilas County,9837,6119,16101,3718.0,0.6109558412520961,0.3800385069250357,0.2309173343270604,941.5,907.8,1664.3,1242.3,622.1,1020.6,1042.3,7441.1,11298.0,10894.14988,19972.5743,14907.96061,7466.694259999999,12245.971,12507.75906,89293.1093,83065.0,72.0,56.0,31.0,46.0
Wisconsin,55127,Walworth County,36603,23161,60465,13442.0,0.6053584718432151,0.3830480443231621,0.2223104275200529,1171.8,905.5,1562.4,1110.2,698.9,1213.8,1140.1,7802.7,14061.6,10864.94279,18747.8311,13322.017189999999,8386.698769999999,14565.181900000001,13682.805859999999,93631.0777,99058.0,72.0,25.0,62.0,14.0
Wisconsin,55129,Washburn County,6962,3867,10953,3095.0,0.6356249429380079,0.3530539578197754,0.2825709851182325,944.2,900.5,1680.0,1358.3,620.7,1020.6,1086.4,7610.5,11330.4,10806.5291,20158.3885,16299.707209999999,7448.1151899999995,12245.971,13038.05327,91327.1629,79715.0,72.0,35.0,12.0,57.0
Wisconsin,55131,Washington County,61604,28504,91162,33100.0,0.6757640244838858,0.3126741405410149,0.3630898839428709,1258.3,888.5,1611.9,1169.1,722.2,1455.2,1305.8,8411.5,15101.0921,10660.49495,19343.360200000003,14029.528769999999,8667.654919999999,17463.0836,15672.203100000002,100937.4164,112723.0,72.0,11.0,67.0,5.0
Wisconsin,55133,Waukesha County,162768,108478,274845,54290.0,0.5922174316432899,0.3946879150066401,0.1975295166366497,1452.7,939.7,1506.1,1153.0,805.1,1713.2,1480.3,9049.9,17434.653,11273.838440000001,18073.3121,13835.3312,9659.16034,20556.8492,17764.695780000002,108597.8429,130330.0,72.0,2.0,71.0,1.0
Wisconsin,55135,Waupaca County,20093,9947,30367,10146.0,0.6616722099647644,0.327559521849376,0.3341126881153884,1003.2,883.5,1591.3,1220.7,634.5,1066.8,1047.2,7447.7,12038.4,10602.08128,19095.845999999998,14649.03092,7617.538460000001,12802.403119999999,12567.39288,89372.6917,87765.0,72.0,57.0,47.0,38.0
Wisconsin,55137,Waushara County,9625,4571,14360,5054.0,0.6702646239554317,0.3183147632311978,0.3519498607242339,982.8,854.3,1684.3,1220.7,618.1,1020.6,1038.7,7419.5,11793.6,10251.599189999999,20213.7146,14649.03092,7417.25199,12245.971,12465.479029999999,89036.6465,80221.0,72.0,60.0,21.0,55.0
Wisconsin,55139,Winnebago County,49179,44660,95166,4519.0,0.5167706954164303,0.4692852489334426,0.0474854464829876,1097.4,922.5,1410.6,1185.4,679.6,1713.2,1277.8,8286.0,13168.8,11069.39069,16925.9751,14223.72583,8155.09828,20556.8492,15332.93518,99432.7741,95175.0,72.0,12.0,37.0,23.0
Wisconsin,55141,Wood County,24997,16599,42149,8398.0,0.593062706114024,0.3938171724121568,0.1992455337018671,975.3,890.7,1488.0,1231.5,627.8,1213.8,1058.5,7485.8,11703.6,10689.70192,17857.0247,14778.49577,7534.37335,14565.181900000001,12702.51385,89830.8934,82343.0,72.0,52.0,23.0,49.0
Wyoming,56001,Albany County,8930,8371,17639,559.0,0.5062645274675435,0.4745733885140881,0.0316911389534553,1140.8,932.1,1435.7,1827.5,697.4,1057.0,955.3,8046.1,13689.6,11186.21814,17227.9361,21929.362650000003,8369.63203,12683.834460000002,11464.53922,96551.12299999999,96310.0,23.0,11.0,15.0,9.0
Wyoming,56003,Big Horn County,4867,742,5691,4125.0,0.8552099806712353,0.1303813038130381,0.7248286768581972,964.3,927.4,1768.1,1827.5,636.4,1136.8,1002.5,8262.9,11571.6,11127.8045,21215.233799999998,21929.362650000003,7637.3634600000005,13642.875320000001,12030.10741,99154.34599999999,81006.0,23.0,5.0,5.0,17.0
Wyoming,56005,Campbell County,16006,2004,18236,14002.0,0.877714411055056,0.1098925202895371,0.7678218907655188,1181.2,898.1,1712.2,1827.5,699.5,862.6,972.7,8153.8,14174.4,10777.322339999999,20545.267,21929.362650000003,8395.17059,10350.56514,11672.76536,97844.8541,104362.0,23.0,9.0,23.0,4.0
Wyoming,56007,Carbon County,4952,1274,6327,3678.0,0.7826774142563616,0.2013592539908329,0.5813181602655286,1161.5,932.1,1660.8,1827.5,704.4,770.8,937.7,7994.9,13938.0,11186.21814,19929.0821,21929.362650000003,8453.20802,9251.74854,11252.79328,95940.4117,76087.0,23.0,16.0,4.0,21.0
Wyoming,56009,Converse County,5756,845,6678,4911.0,0.8619347109913148,0.1265348906858341,0.7353998203054807,1071.8,885.9,1690.7,1827.5,658.7,584.2,832.1,7550.7,12861.6,10631.288219999999,20287.734900000003,21929.362650000003,7904.336379999999,7009.82316,9986.88783,90611.0328,95517.0,23.0,23.0,22.0,11.0
Wyoming,56011,Crook County,3805,443,4311,3362.0,0.8826258408721874,0.1027603804221758,0.7798654604500116,1040.7,907.8,1847.0,1827.5,655.6,803.4,945.5,8027.8,12488.4,10894.14988,22164.9384,21929.362650000003,7867.212149999999,9644.594560000001,11345.373669999999,96334.02900000001,97784.0,23.0,15.0,18.0,8.0
Wyoming,56013,Fremont County,11552,5179,17060,6373.0,0.6771395076201642,0.3035756154747948,0.3735638921453693,1138.5,903.1,1626.9,1827.5,687.0,915.2,953.8,8051.9,13662.0,10835.73602,19524.7907,21929.362650000003,8242.424,10982.51282,11447.10169,96623.9275,81914.0,23.0,13.0,7.0,16.0
Wyoming,56015,Goshen County,4893,1156,6134,3737.0,0.7976850342354092,0.1884577763286599,0.6092272579067493,1004.1,834.8,1689.3,1827.5,618.8,786.6,852.3,7613.3,12049.2,10017.94476,20271.0659,21929.362650000003,7424.63569,9439.680400000001,10226.77844,91358.6686,77379.0,23.0,21.0,6.0,19.0
Wyoming,56017,Hot Springs County,2082,488,2604,1594.0,0.7995391705069125,0.1874039938556067,0.6121351766513057,1009.3,903.1,1623.0,1827.5,643.4,845.8,882.8,7734.7,12111.6,10835.73602,19477.2513,21929.362650000003,7720.78181,10148.2879,10593.75419,92816.7752,89821.0,23.0,20.0,12.0,15.0
Wyoming,56019,Johnson County,3936,847,4851,3089.0,0.8113790970933829,0.1746031746031746,0.6367759224902083,1214.7,917.5,1734.0,1827.5,717.6,944.0,1030.9,8385.8,14576.4,11010.97696,20807.6476,21929.362650000003,8609.04089,11327.616140000002,12368.24494,100629.2884,77055.0,23.0,6.0,3.0,20.0
Wyoming,56021,Laramie County,28063,14153,42899,13910.0,0.6541644327373598,0.3299144502202848,0.3242499825170749,1289.2,898.1,1457.6,1728.6,736.0,1033.4,969.7,8112.3,15470.4,10777.322339999999,17488.9959,20742.4211,8831.21836,12400.195839999998,11636.61574,97347.1696,98507.0,23.0,10.0,17.0,7.0
Wyoming,56023,Lincoln County,8957,1623,10731,7334.0,0.8346845587550088,0.1512440592675426,0.6834404994874661,1009.3,1231.6,1782.6,1827.5,753.9,1045.6,1121.6,8772.0,12111.6,14778.658679999999,21389.5734,21929.362650000003,9047.40394,12548.6257,13459.63089,105264.8549,108836.0,23.0,3.0,21.0,2.0
Wyoming,56025,Natrona County,24671,8337,33591,16334.0,0.7344526807775892,0.2481914798606769,0.4862612009169122,1196.4,885.9,1451.7,1795.9,700.7,1053.4,951.5,8035.5,14356.8,10631.288219999999,17419.6191,21551.5762,8407.40611,12640.13004,11418.15273,96424.97420000001,91993.0,23.0,14.0,11.0,14.0
Wyoming,56027,Niobrara County,1108,112,1230,996.0,0.9008130081300812,0.0910569105691057,0.8097560975609756,1005.3,834.8,1749.3,1827.5,619.3,684.8,841.6,7562.6,12063.6,10017.94476,20993.0613,21929.362650000003,7429.480509999999,8220.84846,10098.70525,90753.00409999999,64732.0,23.0,22.0,1.0,23.0
Wyoming,56029,Park County,13084,3259,16575,9825.0,0.7893815987933634,0.1966214177978884,0.592760180995475,1121.9,927.4,1630.3,1827.5,689.6,998.6,983.8,8178.9,13462.8,11127.8045,19562.168299999998,21929.362650000003,8273.67019,11984.09098,11805.73645,98145.6321,92054.0,23.0,8.0,10.0,13.0
Wyoming,56031,Platte County,3874,780,4727,3094.0,0.819547281573937,0.1650095197799873,0.6545377617939496,1049.9,834.8,1689.8,1827.5,634.1,845.6,885.7,7767.5,12598.8,10017.94476,20277.4775,21929.362650000003,7609.55206,10149.771279999999,10627.76492,93210.67319999999,72060.0,23.0,17.0,2.0,22.0
Wyoming,56033,Sheridan County,12041,3920,16219,8121.0,0.7424008878475862,0.2416918429003021,0.5007090449472841,1186.7,917.5,1537.5,1827.5,708.0,1113.8,1011.4,8302.5,14240.4,11010.97696,18451.1987,21929.362650000003,8495.99127,13364.160339999999,12136.95247,99629.0447,100000.0,23.0,4.0,14.0,5.0
Wyoming,56035,Sublette County,3905,920,4885,2985.0,0.7993858751279427,0.1883316274309109,0.6110542476970318,1161.5,903.1,1977.0,1827.5,694.6,1124.6,1130.9,8819.4,13938.0,10835.73602,23725.0417,21929.362650000003,8335.28599,13496.68862,13571.703950000001,105831.8196,105875.0,23.0,2.0,16.0,3.0
Wyoming,56037,Sweetwater County,12541,3731,16569,8810.0,0.7568954070855212,0.2251795521757499,0.5317158549097712,1125.1,876.1,1645.1,1827.5,673.3,915.6,938.3,8000.8,13501.2,10514.46091,19741.4021,21929.362650000003,8080.2267600000005,10985.1835,11259.6067,96011.44080000001,99495.0,23.0,12.0,19.0,6.0
Wyoming,56039,Teton County,4134,8748,13077,-4614.0,0.3161275521908694,0.6689607708189952,-0.3528332186281257,1889.9,1231.6,1691.3,1827.5,1050.3,1764.0,1669.6,11123.8,22678.8,14778.658679999999,20294.9896,21929.362650000003,12602.80784,21167.051799999997,20035.093539999998,133486.7661,131000.0,23.0,1.0,13.0,1.0
Wyoming,56041,Uinta County,7282,1561,8984,5721.0,0.8105520926090828,0.173753339269813,0.6367987533392698,1009.3,844.6,1652.8,1827.5,623.8,906.8,885.7,7750.1,12111.6,10134.77191,19833.452400000002,21929.362650000003,7484.937609999999,10879.46974,10627.510279999999,93001.1037,95870.0,23.0,19.0,20.0,10.0
Wyoming,56043,Washakie County,3125,656,3841,2469.0,0.8135902108825827,0.1707888570684717,0.6428013538141109,1009.3,917.5,1622.8,1827.5,648.3,896.0,904.0,7825.1,12111.6,11010.97696,19474.0065,21929.362650000003,7779.74262,10751.77514,10845.75681,93903.22020000001,80776.0,23.0,18.0,8.0,18.0
Wyoming,56045,Weston County,3069,378,3494,2691.0,0.8783629078420149,0.1081854607899255,0.7701774470520892,1096.3,907.8,1889.6,1827.5,674.2,882.0,1003.1,8280.6,13155.6,10894.14988,22674.483799999998,21929.362650000003,8091.6960500000005,10583.65282,12037.95187,99366.897,93200.0,23.0,7.0,9.0,12.0
